trip_id,origin_node_id,destination_node_id,departure_time_s,mode
t0,n390,n577,25201,car
t1,n293,n1052,25202,car
t2,n508,n804,25205,car
t3,n79,n1109,25209,car
t4,n199,n1196,25210,car
t5,n331,n1231,25214,car
t6,n147,n600,25215,car
t7,n47,n1021,25215,car
t8,n863,n20,25215,car
t9,n753,n777,25217,car
t10,n1009,n277,25218,car
t11,n125,n701,25218,car
t12,n563,n651,25219,car
t13,n530,n894,25219,car
t14,n733,n1091,25222,car
t15,n50,n81,25223,car
t16,n148,n899,25225,car
t17,n1219,n469,25225,car
t18,n766,n545,25226,car
t19,n514,n139,25226,car
t20,n297,n198,25226,car
t21,n473,n672,25228,car
t22,n1191,n990,25229,car
t23,n587,n409,25232,car
t24,n1165,n1030,25236,car
t25,n688,n1110,25237,car
t26,n885,n674,25240,car
t27,n944,n934,25241,car
t28,n260,n1051,25241,car
t29,n324,n434,25241,car
t30,n267,n455,25243,car
t31,n290,n140,25246,car
t32,n1141,n982,25246,car
t33,n195,n671,25247,car
t34,n717,n581,25247,car
t35,n1039,n697,25247,car
t36,n46,n258,25248,car
t37,n717,n428,25253,car
t38,n293,n642,25254,car
t39,n611,n613,25255,car
t40,n88,n1228,25257,car
t41,n270,n994,25258,car
t42,n307,n331,25261,car
t43,n209,n602,25262,car
t44,n454,n847,25263,car
t45,n757,n893,25264,car
t46,n586,n1104,25264,car
t47,n319,n465,25265,car
t48,n838,n245,25265,car
t49,n960,n612,25267,car
t50,n375,n1110,25268,car
t51,n634,n614,25268,car
t52,n849,n1109,25271,car
t53,n1056,n125,25271,car
t54,n293,n618,25273,car
t55,n674,n693,25274,car
t56,n1018,n1147,25275,car
t57,n351,n1080,25275,car
t58,n106,n201,25280,car
t59,n519,n274,25281,car
t60,n1205,n576,25282,car
t61,n517,n1100,25283,car
t62,n788,n1152,25284,car
t63,n569,n21,25286,car
t64,n1015,n392,25287,car
t65,n202,n426,25288,car
t66,n508,n1030,25288,car
t67,n495,n384,25290,car
t68,n259,n604,25291,car
t69,n995,n336,25295,car
t70,n410,n589,25295,car
t71,n858,n528,25296,car
t72,n376,n474,25296,car
t73,n991,n54,25303,car
t74,n92,n216,25305,car
t75,n853,n1043,25306,car
t76,n151,n528,25309,car
t77,n572,n587,25309,car
t78,n453,n183,25311,car
t79,n15,n119,25311,car
t80,n135,n378,25315,car
t81,n1164,n806,25318,car
t82,n240,n303,25318,car
t83,n1027,n479,25318,car
t84,n638,n291,25319,car
t85,n1014,n281,25321,car
t86,n1016,n266,25326,car
t87,n12,n23,25326,car
t88,n806,n603,25327,car
t89,n579,n612,25334,car
t90,n624,n875,25334,car
t91,n1001,n920,25336,car
t92,n487,n619,25338,car
t93,n910,n487,25338,car
t94,n707,n675,25339,car
t95,n852,n417,25342,car
t96,n354,n628,25343,car
t97,n994,n657,25345,car
t98,n1221,n585,25346,car
t99,n404,n400,25347,car
t100,n1237,n973,25348,car
t101,n737,n472,25348,car
t102,n892,n245,25348,car
t103,n383,n1078,25348,car
t104,n188,n1089,25353,car
t105,n473,n182,25358,car
t106,n909,n1114,25358,car
t107,n1214,n675,25358,car
t108,n5,n675,25359,car
t109,n415,n635,25362,car
t110,n1086,n1090,25362,car
t111,n737,n913,25363,car
t112,n614,n532,25365,car
t113,n387,n1241,25366,car
t114,n374,n489,25366,car
t115,n699,n1061,25370,car
t116,n34,n620,25371,car
t117,n910,n22,25371,car
t118,n530,n534,25373,car
t119,n757,n1162,25374,car
t120,n1171,n1108,25377,car
t121,n390,n20,25379,car
t122,n554,n1071,25381,car
t123,n89,n221,25381,car
t124,n333,n582,25382,car
t125,n652,n394,25385,car
t126,n319,n1008,25386,car
t127,n156,n960,25390,car
t128,n67,n221,25391,car
t129,n656,n275,25391,car
t130,n173,n183,25394,car
t131,n789,n1129,25398,car
t132,n340,n910,25401,car
t133,n274,n517,25401,car
t134,n329,n305,25404,car
t135,n998,n164,25406,car
t136,n54,n452,25408,car
t137,n940,n944,25409,car
t138,n599,n1029,25409,car
t139,n755,n621,25410,car
t140,n324,n430,25411,car
t141,n87,n106,25413,car
t142,n758,n812,25413,car
t143,n748,n29,25414,car
t144,n357,n1091,25414,car
t145,n1090,n153,25415,car
t146,n507,n676,25416,car
t147,n297,n1167,25417,car
t148,n728,n1130,25419,car
t149,n53,n89,25420,car
t150,n868,n856,25423,car
t151,n748,n780,25423,car
t152,n1226,n293,25423,car
t153,n887,n51,25424,car
t154,n1105,n719,25424,car
t155,n1055,n1101,25427,car
t156,n456,n379,25427,car
t157,n258,n1219,25428,car
t158,n287,n580,25428,car
t159,n79,n1124,25432,car
t160,n178,n1003,25434,car
t161,n1051,n30,25436,car
t162,n783,n21,25437,car
t163,n362,n447,25437,car
t164,n1098,n1080,25438,car
t165,n307,n308,25442,car
t166,n362,n204,25444,car
t167,n325,n642,25444,car
t168,n18,n1171,25445,car
t169,n589,n215,25446,car
t170,n1080,n863,25448,car
t171,n863,n175,25448,car
t172,n60,n1172,25452,car
t173,n1056,n293,25454,car
t174,n924,n884,25455,car
t175,n1242,n623,25457,car
t176,n772,n1193,25457,car
t177,n47,n25,25457,car
t178,n57,n104,25461,car
t179,n160,n941,25463,car
t180,n297,n844,25464,car
t181,n1040,n677,25468,car
t182,n559,n268,25468,car
t183,n264,n651,25470,car
t184,n206,n638,25471,car
t185,n290,n420,25474,car
t186,n720,n1154,25477,car
t187,n239,n599,25478,car
t188,n22,n524,25479,car
t189,n919,n921,25480,car
t190,n591,n1123,25482,car
t191,n749,n450,25485,car
t192,n255,n688,25486,car
t193,n445,n389,25486,car
t194,n468,n162,25486,car
t195,n345,n868,25487,car
t196,n58,n51,25488,car
t197,n239,n446,25489,car
t198,n150,n151,25489,car
t199,n1223,n189,25490,car
t200,n281,n774,25491,car
t201,n424,n117,25493,car
t202,n208,n206,25494,car
t203,n486,n1097,25494,car
t204,n788,n61,25498,car
t205,n274,n911,25498,car
t206,n927,n286,25500,car
t207,n562,n620,25500,car
t208,n1165,n537,25501,car
t209,n85,n500,25501,car
t210,n564,n563,25501,car
t211,n995,n357,25502,car
t212,n180,n57,25502,car
t213,n1207,n787,25507,car
t214,n345,n585,25507,car
t215,n862,n388,25507,car
t216,n646,n903,25513,car
t217,n580,n112,25514,car
t218,n1200,n252,25514,car
t219,n147,n60,25514,car
t220,n349,n429,25516,car
t221,n840,n14,25516,car
t222,n956,n740,25517,car
t223,n492,n1188,25519,car
t224,n257,n626,25526,car
t225,n1075,n506,25526,car
t226,n158,n456,25529,car
t227,n244,n597,25530,car
t228,n183,n1058,25531,car
t229,n585,n343,25534,car
t230,n260,n548,25535,car
t231,n331,n254,25540,car
t232,n160,n167,25541,car
t233,n1073,n177,25544,car
t234,n781,n958,25545,car
t235,n60,n1145,25550,car
t236,n452,n892,25550,car
t237,n782,n451,25551,car
t238,n1001,n516,25556,car
t239,n819,n503,25558,car
t240,n275,n96,25559,car
t241,n1232,n173,25560,car
t242,n340,n491,25561,car
t243,n1240,n159,25566,car
t244,n442,n113,25566,car
t245,n850,n969,25566,car
t246,n190,n463,25569,car
t247,n500,n504,25570,car
t248,n109,n623,25570,car
t249,n635,n286,25575,car
t250,n575,n210,25575,car
t251,n211,n224,25577,car
t252,n1081,n344,25578,car
t253,n97,n88,25580,car
t254,n15,n1055,25585,car
t255,n148,n961,25585,car
t256,n43,n459,25586,car
t257,n128,n1095,25588,car
t258,n586,n383,25589,car
t259,n26,n1232,25594,car
t260,n746,n110,25594,car
t261,n10,n1156,25596,car
t262,n437,n1089,25596,car
t263,n483,n634,25601,car
t264,n1225,n393,25605,car
t265,n449,n329,25606,car
t266,n116,n199,25607,car
t267,n212,n1003,25612,car
t268,n1060,n1063,25616,car
t269,n396,n383,25617,car
t270,n467,n852,25619,car
t271,n638,n287,25621,car
t272,n330,n540,25621,car
t273,n360,n298,25624,car
t274,n629,n464,25627,car
t275,n73,n1150,25630,car
t276,n461,n48,25630,car
t277,n842,n114,25630,car
t278,n111,n141,25631,car
t279,n848,n810,25633,car
t280,n269,n925,25634,car
t281,n226,n660,25635,car
t282,n1077,n1095,25635,car
t283,n401,n970,25636,car
t284,n142,n304,25638,car
t285,n342,n652,25638,car
t286,n901,n463,25639,car
t287,n855,n588,25643,car
t288,n252,n737,25644,car
t289,n761,n97,25645,car
t290,n368,n644,25645,car
t291,n669,n535,25647,car
t292,n288,n578,25651,car
t293,n200,n757,25651,car
t294,n693,n283,25653,car
t295,n1111,n210,25653,car
t296,n1093,n254,25653,car
t297,n66,n1173,25653,car
t298,n529,n741,25654,car
t299,n946,n860,25656,car
t300,n862,n424,25660,car
t301,n840,n649,25660,car
t302,n695,n612,25665,car
t303,n580,n1064,25666,car
t304,n859,n589,25667,car
t305,n186,n91,25668,car
t306,n871,n850,25668,car
t307,n659,n226,25672,car
t308,n168,n456,25674,car
t309,n1058,n480,25674,car
t310,n209,n207,25675,car
t311,n251,n375,25676,car
t312,n793,n895,25676,car
t313,n479,n983,25683,car
t314,n877,n330,25687,car
t315,n510,n240,25689,car
t316,n756,n476,25690,car
t317,n1080,n1038,25692,car
t318,n304,n482,25692,car
t319,n531,n526,25693,car
t320,n859,n856,25698,car
t321,n994,n912,25698,car
t322,n889,n452,25701,car
t323,n364,n329,25702,car
t324,n846,n417,25704,car
t325,n491,n807,25705,car
t326,n490,n1106,25707,car
t327,n476,n200,25708,car
t328,n756,n761,25708,car
t329,n429,n44,25708,car
t330,n902,n832,25709,car
t331,n183,n447,25709,car
t332,n932,n45,25709,car
t333,n693,n358,25712,car
t334,n328,n38,25717,car
t335,n1059,n244,25719,car
t336,n491,n633,25721,car
t337,n7,n342,25721,car
t338,n739,n46,25723,car
t339,n625,n465,25727,car
t340,n1037,n226,25728,car
t341,n611,n418,25728,car
t342,n194,n438,25729,car
t343,n267,n265,25729,car
t344,n887,n588,25730,car
t345,n172,n311,25731,car
t346,n972,n1007,25733,car
t347,n250,n425,25734,car
t348,n702,n811,25735,car
t349,n928,n1076,25738,car
t350,n78,n31,25739,car
t351,n183,n258,25740,car
t352,n23,n277,25740,car
t353,n22,n129,25741,car
t354,n763,n234,25741,car
t355,n227,n1065,25742,car
t356,n571,n1082,25743,car
t357,n426,n762,25744,car
t358,n1176,n895,25745,car
t359,n141,n156,25746,car
t360,n271,n1123,25746,car
t361,n199,n979,25747,car
t362,n887,n694,25748,car
t363,n596,n346,25749,car
t364,n438,n357,25749,car
t365,n86,n90,25752,car
t366,n824,n1152,25758,car
t367,n78,n17,25760,car
t368,n1237,n758,25761,car
t369,n817,n543,25762,car
t370,n1097,n537,25769,car
t371,n308,n928,25770,car
t372,n374,n845,25776,car
t373,n159,n929,25777,car
t374,n571,n192,25777,car
t375,n1008,n30,25781,car
t376,n949,n424,25781,car
t377,n46,n1207,25782,car
t378,n1056,n901,25782,car
t379,n871,n174,25783,car
t380,n584,n613,25786,car
t381,n90,n884,25786,car
t382,n352,n631,25786,car
t383,n268,n882,25787,car
t384,n692,n1028,25788,car
t385,n16,n107,25790,car
t386,n645,n156,25790,car
t387,n416,n863,25792,car
t388,n1121,n251,25792,car
t389,n165,n289,25793,car
t390,n1192,n1080,25795,car
t391,n259,n1214,25810,car
t392,n946,n594,25811,car
t393,n719,n1080,25812,car
t394,n418,n600,25812,car
t395,n1196,n108,25814,car
t396,n621,n1207,25816,car
t397,n1068,n161,25818,car
t398,n5,n767,25820,car
t399,n259,n639,25822,car
t400,n149,n561,25822,car
t401,n586,n633,25823,car
t402,n1204,n1205,25825,car
t403,n1131,n1106,25825,car
t404,n1168,n298,25825,car
t405,n158,n621,25826,car
t406,n161,n873,25827,car
t407,n229,n1114,25830,car
t408,n242,n1114,25830,car
t409,n50,n781,25832,car
t410,n170,n406,25834,car
t411,n1164,n1017,25834,car
t412,n159,n939,25836,car
t413,n518,n558,25836,car
t414,n122,n253,25836,car
t415,n133,n1006,25843,car
t416,n878,n975,25844,car
t417,n618,n1152,25846,car
t418,n756,n627,25848,car
t419,n588,n75,25848,car
t420,n533,n76,25850,car
t421,n1171,n83,25852,car
t422,n967,n1148,25852,car
t423,n812,n1184,25852,car
t424,n1067,n533,25855,car
t425,n910,n1109,25855,car
t426,n543,n1166,25856,car
t427,n111,n242,25858,car
t428,n173,n437,25859,car
t429,n1058,n187,25861,car
t430,n124,n1001,25862,car
t431,n599,n1161,25863,car
t432,n1069,n625,25863,car
t433,n372,n530,25867,car
t434,n149,n319,25867,car
t435,n647,n184,25867,car
t436,n597,n883,25869,car
t437,n257,n931,25869,car
t438,n75,n66,25869,car
t439,n186,n818,25869,car
t440,n747,n817,25870,car
t441,n261,n300,25870,car
t442,n19,n76,25877,car
t443,n342,n716,25879,car
t444,n291,n580,25881,car
t445,n480,n522,25882,car
t446,n740,n93,25883,car
t447,n267,n289,25883,car
t448,n1130,n349,25885,car
t449,n460,n449,25886,car
t450,n77,n29,25887,car
t451,n163,n438,25887,car
t452,n164,n175,25888,car
t453,n644,n933,25888,car
t454,n807,n1002,25889,car
t455,n1079,n975,25891,car
t456,n474,n380,25892,car
t457,n716,n1214,25893,car
t458,n206,n309,25893,car
t459,n226,n1214,25893,car
t460,n187,n668,25896,car
t461,n42,n234,25896,car
t462,n177,n11,25898,car
t463,n1027,n89,25900,car
t464,n555,n768,25900,car
t465,n660,n643,25901,car
t466,n708,n670,25912,car
t467,n784,n351,25914,car
t468,n785,n1016,25915,car
t469,n198,n208,25915,car
t470,n290,n1006,25915,car
t471,n422,n397,25916,car
t472,n469,n151,25917,car
t473,n13,n1177,25917,car
t474,n213,n262,25920,car
t475,n991,n816,25923,car
t476,n1074,n987,25923,car
t477,n149,n1049,25924,car
t478,n493,n467,25927,car
t479,n1176,n669,25929,car
t480,n314,n195,25931,car
t481,n202,n87,25932,car
t482,n320,n587,25934,car
t483,n844,n843,25936,car
t484,n567,n384,25937,car
t485,n1130,n788,25937,car
t486,n337,n460,25938,car
t487,n414,n482,25938,car
t488,n31,n144,25940,car
t489,n764,n784,25941,car
t490,n253,n604,25941,car
t491,n854,n169,25944,car
t492,n22,n157,25947,car
t493,n370,n973,25950,car
t494,n277,n912,25950,car
t495,n452,n369,25954,car
t496,n1220,n1,25956,car
t497,n1077,n591,25957,car
t498,n644,n930,25958,car
t499,n15,n19,25958,car
t500,n1178,n742,25958,car
t501,n1167,n85,25958,car
t502,n421,n447,25959,car
t503,n68,n682,25960,car
t504,n394,n1164,25962,car
t505,n428,n495,25964,car
t506,n924,n594,25965,car
t507,n911,n1033,25965,car
t508,n1001,n515,25967,car
t509,n313,n708,25969,car
t510,n274,n416,25969,car
t511,n161,n1087,25970,car
t512,n842,n907,25970,car
t513,n571,n1207,25971,car
t514,n416,n318,25972,car
t515,n1037,n665,25972,car
t516,n530,n68,25974,car
t517,n587,n32,25974,car
t518,n793,n253,25975,car
t519,n1209,n21,25975,car
t520,n695,n386,25978,car
t521,n493,n996,25978,car
t522,n173,n28,25979,car
t523,n623,n35,25979,car
t524,n705,n456,25982,car
t525,n791,n79,25984,car
t526,n153,n525,25984,car
t527,n884,n741,25988,car
t528,n848,n393,25989,car
t529,n639,n170,25989,car
t530,n730,n596,25991,car
t531,n100,n86,25993,car
t532,n470,n434,25996,car
t533,n591,n1133,25996,car
t534,n310,n236,26000,car
t535,n787,n17,26000,car
t536,n1176,n1025,26005,car
t537,n193,n957,26005,car
t538,n951,n164,26007,car
t539,n523,n992,26007,car
t540,n171,n318,26008,car
t541,n412,n244,26008,car
t542,n909,n356,26008,car
t543,n52,n727,26009,car
t544,n195,n955,26010,car
t545,n824,n128,26011,car
t546,n1153,n69,26013,car
t547,n895,n1205,26013,car
t548,n238,n737,26015,car
t549,n255,n125,26015,car
t550,n400,n129,26015,car
t551,n198,n960,26019,car
t552,n1174,n414,26020,car
t553,n375,n603,26020,car
t554,n386,n408,26021,car
t555,n465,n73,26021,car
t556,n634,n346,26023,car
t557,n352,n355,26024,car
t558,n148,n482,26026,car
t559,n862,n966,26027,car
t560,n921,n663,26028,car
t561,n287,n286,26029,car
t562,n837,n812,26030,car
t563,n378,n852,26032,car
t564,n128,n70,26032,car
t565,n224,n534,26032,car
t566,n1142,n418,26034,car
t567,n158,n647,26035,car
t568,n1122,n1116,26039,car
t569,n340,n910,26040,car
t570,n453,n1140,26043,car
t571,n29,n178,26044,car
t572,n1077,n1223,26044,car
t573,n685,n660,26045,car
t574,n664,n727,26048,car
t575,n1017,n986,26048,car
t576,n1083,n708,26049,car
t577,n407,n1084,26051,car
t578,n1239,n35,26051,car
t579,n517,n92,26052,car
t580,n351,n1204,26054,car
t581,n434,n288,26055,car
t582,n863,n1187,26056,car
t583,n310,n22,26057,car
t584,n702,n1216,26060,car
t585,n928,n157,26063,car
t586,n31,n582,26064,car
t587,n861,n653,26064,car
t588,n93,n27,26065,car
t589,n1182,n486,26065,car
t590,n1049,n230,26067,car
t591,n45,n354,26068,car
t592,n507,n395,26075,car
t593,n774,n5,26076,car
t594,n632,n585,26076,car
t595,n582,n723,26078,car
t596,n1130,n495,26078,car
t597,n517,n686,26079,car
t598,n363,n375,26079,car
t599,n655,n463,26081,car
t600,n295,n192,26082,car
t601,n233,n340,26082,car
t602,n15,n240,26085,car
t603,n72,n165,26087,car
t604,n902,n905,26088,car
t605,n1131,n492,26089,car
t606,n825,n768,26090,car
t607,n773,n673,26091,car
t608,n1021,n141,26092,car
t609,n1055,n903,26094,car
t610,n277,n154,26095,car
t611,n500,n692,26096,car
t612,n852,n847,26097,car
t613,n545,n744,26097,car
t614,n366,n491,26098,car
t615,n862,n926,26099,car
t616,n973,n94,26099,car
t617,n349,n861,26101,car
t618,n38,n817,26103,car
t619,n534,n1066,26104,car
t620,n34,n314,26105,car
t621,n928,n1226,26106,car
t622,n1230,n874,26107,car
t623,n178,n953,26109,car
t624,n990,n78,26109,car
t625,n1207,n787,26110,car
t626,n122,n104,26111,car
t627,n503,n538,26112,car
t628,n247,n85,26113,car
t629,n98,n101,26113,car
t630,n381,n989,26113,car
t631,n250,n687,26113,car
t632,n644,n856,26114,car
t633,n314,n36,26118,car
t634,n259,n1140,26118,car
t635,n422,n425,26118,car
t636,n99,n208,26120,car
t637,n1092,n1009,26121,car
t638,n210,n581,26124,car
t639,n663,n890,26125,car
t640,n461,n510,26125,car
t641,n583,n395,26126,car
t642,n107,n237,26126,car
t643,n84,n950,26128,car
t644,n552,n697,26128,car
t645,n254,n892,26128,car
t646,n404,n1068,26129,car
t647,n1159,n889,26131,car
t648,n17,n75,26133,car
t649,n479,n694,26134,car
t650,n884,n697,26137,car
t651,n1126,n1135,26140,car
t652,n120,n240,26141,car
t653,n1027,n132,26142,car
t654,n217,n1059,26142,car
t655,n142,n377,26144,car
t656,n75,n897,26144,car
t657,n782,n399,26145,car
t658,n516,n258,26145,car
t659,n628,n27,26146,car
t660,n506,n1161,26146,car
t661,n888,n595,26148,car
t662,n101,n659,26149,car
t663,n1027,n476,26149,car
t664,n141,n455,26151,car
t665,n228,n740,26152,car
t666,n358,n675,26153,car
t667,n248,n773,26153,car
t668,n120,n119,26155,car
t669,n1061,n1033,26155,car
t670,n288,n184,26156,car
t671,n1029,n343,26161,car
t672,n1072,n770,26162,car
t673,n18,n939,26164,car
t674,n894,n476,26169,car
t675,n777,n506,26171,car
t676,n1013,n504,26173,car
t677,n255,n625,26173,car
t678,n408,n8,26175,car
t679,n147,n1175,26175,car
t680,n801,n1017,26176,car
t681,n908,n873,26178,car
t682,n1204,n401,26183,car
t683,n396,n637,26183,car
t684,n487,n196,26186,car
t685,n1179,n626,26188,car
t686,n129,n890,26188,car
t687,n1133,n218,26191,car
t688,n48,n506,26192,car
t689,n1159,n279,26196,car
t690,n83,n1100,26196,car
t691,n559,n562,26199,car
t692,n702,n751,26201,car
t693,n1154,n90,26204,car
t694,n248,n145,26205,car
t695,n1233,n328,26205,car
t696,n958,n1240,26210,car
t697,n1036,n201,26211,car
t698,n277,n319,26219,car
t699,n116,n243,26219,car
t700,n219,n220,26223,car
t701,n889,n800,26225,car
t702,n125,n597,26226,car
t703,n791,n359,26240,car
t704,n940,n1116,26244,car
t705,n164,n857,26244,car
t706,n339,n1097,26244,car
t707,n259,n639,26245,car
t708,n322,n61,26246,car
t709,n295,n1048,26248,car
t710,n735,n320,26248,car
t711,n885,n900,26251,car
t712,n333,n25,26251,car
t713,n787,n126,26253,car
t714,n801,n708,26257,car
t715,n692,n1153,26257,car
t716,n236,n412,26259,car
t717,n10,n1155,26265,car
t718,n635,n640,26267,car
t719,n786,n801,26269,car
t720,n91,n534,26272,car
t721,n151,n981,26274,car
t722,n1162,n815,26274,car
t723,n132,n23,26274,car
t724,n1244,n129,26277,car
t725,n727,n1084,26277,car
t726,n569,n576,26278,car
t727,n1087,n725,26281,car
t728,n486,n397,26282,car
t729,n560,n514,26285,car
t730,n697,n1006,26285,car
t731,n49,n675,26288,car
t732,n821,n617,26288,car
t733,n1182,n1093,26289,car
t734,n438,n603,26290,car
t735,n470,n1036,26292,car
t736,n667,n695,26293,car
t737,n599,n713,26294,car
t738,n1209,n23,26295,car
t739,n393,n319,26296,car
t740,n97,n1110,26305,car
t741,n413,n557,26307,car
t742,n1081,n1111,26308,car
t743,n558,n712,26311,car
t744,n795,n896,26313,car
t745,n56,n839,26314,car
t746,n242,n108,26315,car
t747,n1034,n829,26316,car
t748,n974,n935,26318,car
t749,n422,n734,26321,car
t750,n893,n894,26323,car
t751,n1065,n344,26323,car
t752,n1243,n19,26328,car
t753,n785,n15,26331,car
t754,n1199,n324,26332,car
t755,n1233,n247,26334,car
t756,n1237,n319,26335,car
t757,n1209,n75,26337,car
t758,n638,n1082,26339,car
t759,n480,n985,26340,car
t760,n896,n114,26341,car
t761,n201,n421,26342,car
t762,n1000,n1010,26343,car
t763,n612,n1130,26343,car
t764,n426,n142,26343,car
t765,n807,n279,26345,car
t766,n458,n245,26347,car
t767,n716,n409,26348,car
t768,n716,n507,26348,car
t769,n599,n303,26349,car
t770,n1154,n1110,26353,car
t771,n140,n407,26353,car
t772,n571,n572,26353,car
t773,n461,n1159,26357,car
t774,n799,n1134,26361,car
t775,n98,n193,26362,car
t776,n752,n318,26363,car
t777,n1244,n934,26364,car
t778,n662,n1101,26367,car
t779,n682,n296,26368,car
t780,n457,n839,26369,car
t781,n228,n1205,26370,car
t782,n770,n232,26372,car
t783,n605,n871,26372,car
t784,n133,n836,26374,car
t785,n388,n1001,26378,car
t786,n810,n1190,26378,car
t787,n131,n315,26379,car
t788,n1127,n865,26380,car
t789,n1232,n1242,26380,car
t790,n292,n1005,26383,car
t791,n755,n604,26384,car
t792,n583,n381,26385,car
t793,n454,n313,26386,car
t794,n830,n271,26388,car
t795,n724,n340,26389,car
t796,n88,n67,26390,car
t797,n151,n907,26392,car
t798,n56,n1041,26392,car
t799,n1068,n954,26392,car
t800,n506,n618,26393,car
t801,n1208,n353,26394,car
t802,n291,n324,26396,car
t803,n942,n864,26397,car
t804,n423,n270,26398,car
t805,n460,n894,26399,car
t806,n97,n253,26401,car
t807,n690,n1112,26401,car
t808,n685,n684,26405,car
t809,n648,n835,26408,car
t810,n1132,n207,26408,car
t811,n43,n510,26410,car
t812,n1165,n682,26413,car
t813,n632,n636,26414,car
t814,n813,n448,26415,car
t815,n937,n660,26416,car
t816,n73,n57,26420,car
t817,n953,n270,26422,car
t818,n1217,n393,26424,car
t819,n618,n254,26425,car
t820,n201,n602,26426,car
t821,n587,n411,26426,car
t822,n405,n730,26426,car
t823,n412,n61,26427,car
t824,n863,n172,26428,car
t825,n845,n878,26429,car
t826,n1174,n954,26429,car
t827,n126,n305,26430,car
t828,n1121,n890,26431,car
t829,n408,n355,26434,car
t830,n343,n632,26434,car
t831,n115,n1183,26434,car
t832,n1145,n552,26434,car
t833,n773,n131,26436,car
t834,n846,n386,26437,car
t835,n1170,n992,26437,car
t836,n1029,n543,26438,car
t837,n732,n423,26440,car
t838,n664,n689,26440,car
t839,n155,n176,26441,car
t840,n405,n82,26443,car
t841,n1065,n1035,26445,car
t842,n192,n218,26446,car
t843,n1216,n1061,26452,car
t844,n1113,n1071,26453,car
t845,n58,n61,26454,car
t846,n766,n43,26454,car
t847,n266,n677,26456,car
t848,n8,n57,26457,car
t849,n473,n945,26463,car
t850,n1140,n1123,26466,car
t851,n233,n761,26466,car
t852,n697,n676,26466,car
t853,n401,n668,26467,car
t854,n1079,n789,26468,car
t855,n456,n119,26469,car
t856,n167,n216,26470,car
t857,n646,n1091,26471,car
t858,n560,n500,26476,car
t859,n175,n1104,26477,car
t860,n1006,n177,26478,car
t861,n1116,n939,26480,car
t862,n732,n302,26482,car
t863,n504,n1153,26485,car
t864,n694,n72,26485,car
t865,n681,n1160,26486,car
t866,n250,n491,26487,car
t867,n415,n99,26487,car
t868,n1053,n736,26491,car
t869,n584,n1084,26492,car
t870,n246,n502,26493,car
t871,n974,n860,26493,car
t872,n510,n451,26494,car
t873,n356,n603,26496,car
t874,n112,n56,26497,car
t875,n964,n628,26498,car
t876,n27,n73,26503,car
t877,n876,n963,26503,car
t878,n1156,n463,26506,car
t879,n470,n1043,26507,car
t880,n1141,n244,26508,car
t881,n34,n29,26509,car
t882,n934,n842,26510,car
t883,n259,n997,26510,car
t884,n562,n485,26511,car
t885,n1198,n505,26512,car
t886,n883,n532,26513,car
t887,n1229,n941,26514,car
t888,n238,n87,26514,car
t889,n176,n344,26516,car
t890,n437,n174,26517,car
t891,n448,n3,26517,car
t892,n1069,n1153,26519,car
t893,n784,n1096,26520,car
t894,n127,n31,26521,car
t895,n699,n1104,26522,car
t896,n812,n700,26522,car
t897,n1187,n1135,26525,car
t898,n1130,n377,26526,car
t899,n1047,n1150,26528,car
t900,n1121,n379,26530,car
t901,n562,n242,26530,car
t902,n450,n507,26533,car
t903,n905,n150,26533,car
t904,n455,n954,26535,car
t905,n477,n374,26539,car
t906,n1235,n1205,26539,car
t907,n736,n978,26539,car
t908,n984,n1199,26539,car
t909,n297,n1167,26540,car
t910,n451,n987,26540,car
t911,n937,n946,26543,car
t912,n597,n702,26543,car
t913,n1199,n682,26546,car
t914,n1034,n641,26546,car
t915,n229,n208,26547,car
t916,n1108,n1049,26548,car
t917,n435,n631,26550,car
t918,n813,n508,26553,car
t919,n863,n122,26553,car
t920,n336,n987,26553,car
t921,n1014,n815,26557,car
t922,n1086,n188,26558,car
t923,n437,n287,26560,car
t924,n667,n903,26562,car
t925,n557,n272,26563,car
t926,n953,n560,26565,car
t927,n1122,n591,26568,car
t928,n666,n519,26568,car
t929,n197,n1057,26569,car
t930,n1109,n221,26573,car
t931,n797,n1040,26576,car
t932,n307,n594,26576,car
t933,n1153,n81,26577,car
t934,n439,n426,26580,car
t935,n153,n1209,26580,car
t936,n1188,n141,26580,car
t937,n621,n56,26581,car
t938,n856,n344,26582,car
t939,n1229,n979,26583,car
t940,n984,n479,26584,car
t941,n985,n1086,26585,car
t942,n1169,n1028,26587,car
t943,n256,n198,26588,car
t944,n946,n313,26588,car
t945,n870,n903,26589,car
t946,n833,n792,26589,car
t947,n344,n568,26589,car
t948,n431,n310,26590,car
t949,n987,n895,26590,car
t950,n1142,n384,26590,car
t951,n32,n277,26591,car
t952,n900,n135,26591,car
t953,n588,n259,26591,car
t954,n105,n189,26591,car
t955,n578,n189,26595,car
t956,n658,n386,26597,car
t957,n470,n1009,26598,car
t958,n905,n172,26603,car
t959,n763,n919,26604,car
t960,n543,n129,26606,car
t961,n130,n196,26609,car
t962,n453,n156,26610,car
t963,n172,n454,26611,car
t964,n462,n277,26613,car
t965,n788,n676,26616,car
t966,n675,n550,26619,car
t967,n72,n757,26619,car
t968,n745,n543,26620,car
t969,n216,n455,26623,car
t970,n233,n507,26624,car
t971,n352,n1235,26624,car
t972,n748,n328,26625,car
t973,n173,n1048,26625,car
t974,n1241,n1162,26629,car
t975,n846,n387,26629,car
t976,n1227,n692,26630,car
t977,n335,n246,26630,car
t978,n139,n578,26633,car
t979,n88,n793,26634,car
t980,n1092,n1030,26635,car
t981,n1201,n205,26635,car
t982,n474,n1120,26638,car
t983,n1183,n468,26639,car
t984,n631,n174,26639,car
t985,n554,n34,26639,car
t986,n345,n1214,26639,car
t987,n828,n376,26640,car
t988,n631,n593,26640,car
t989,n38,n336,26642,car
t990,n965,n472,26642,car
t991,n128,n1049,26642,car
t992,n471,n755,26643,car
t993,n421,n1027,26644,car
t994,n587,n579,26645,car
t995,n61,n48,26645,car
t996,n810,n1118,26646,car
t997,n564,n761,26647,car
t998,n678,n1107,26649,car
t999,n842,n566,26649,car
t1000,n1214,n87,26649,car
t1001,n288,n215,26650,car
t1002,n732,n705,26651,car
t1003,n289,n340,26652,car
t1004,n73,n81,26652,car
t1005,n716,n351,26654,car
t1006,n1191,n268,26654,car
t1007,n413,n734,26655,car
t1008,n1062,n321,26655,car
t1009,n924,n869,26657,car
t1010,n457,n177,26657,car
t1011,n1175,n36,26657,car
t1012,n664,n331,26661,car
t1013,n251,n145,26663,car
t1014,n1015,n462,26667,car
t1015,n239,n685,26667,car
t1016,n1122,n626,26671,car
t1017,n822,n1159,26673,car
t1018,n669,n884,26673,car
t1019,n545,n768,26675,car
t1020,n698,n978,26676,car
t1021,n958,n561,26677,car
t1022,n402,n1221,26677,car
t1023,n728,n1183,26681,car
t1024,n555,n205,26683,car
t1025,n1044,n1119,26686,car
t1026,n275,n400,26690,car
t1027,n491,n1082,26692,car
t1028,n21,n1063,26693,car
t1029,n845,n1189,26693,car
t1030,n1063,n153,26694,car
t1031,n844,n96,26699,car
t1032,n811,n130,26702,car
t1033,n326,n386,26703,car
t1034,n255,n1147,26703,car
t1035,n474,n492,26703,car
t1036,n957,n1217,26706,car
t1037,n226,n809,26706,car
t1038,n1236,n437,26706,car
t1039,n1220,n437,26708,car
t1040,n659,n856,26709,car
t1041,n37,n125,26709,car
t1042,n471,n472,26710,car
t1043,n242,n504,26717,car
t1044,n692,n509,26719,car
t1045,n1242,n656,26722,car
t1046,n381,n643,26722,car
t1047,n101,n294,26723,car
t1048,n634,n640,26725,car
t1049,n508,n363,26726,car
t1050,n1110,n961,26727,car
t1051,n13,n624,26729,car
t1052,n467,n204,26730,car
t1053,n485,n341,26731,car
t1054,n369,n476,26731,car
t1055,n1082,n948,26732,car
t1056,n823,n422,26732,car
t1057,n854,n935,26735,car
t1058,n539,n825,26735,car
t1059,n917,n1182,26737,car
t1060,n83,n35,26741,car
t1061,n340,n341,26741,car
t1062,n246,n451,26743,car
t1063,n202,n644,26744,car
t1064,n386,n699,26744,car
t1065,n590,n493,26745,car
t1066,n341,n350,26746,car
t1067,n1000,n1006,26748,car
t1068,n1009,n651,26749,car
t1069,n18,n71,26751,car
t1070,n862,n32,26753,car
t1071,n1065,n351,26754,car
t1072,n375,n140,26755,car
t1073,n416,n1136,26756,car
t1074,n542,n461,26757,car
t1075,n229,n244,26759,car
t1076,n1136,n149,26759,car
t1077,n336,n417,26760,car
t1078,n896,n601,26763,car
t1079,n814,n1168,26764,car
t1080,n189,n569,26768,car
t1081,n1233,n94,26769,car
t1082,n143,n444,26773,car
t1083,n527,n1009,26773,car
t1084,n291,n123,26774,car
t1085,n1087,n435,26775,car
t1086,n357,n1095,26775,car
t1087,n407,n142,26776,car
t1088,n781,n684,26776,car
t1089,n583,n1060,26776,car
t1090,n509,n1160,26781,car
t1091,n739,n800,26782,car
t1092,n1034,n461,26782,car
t1093,n597,n299,26782,car
t1094,n1171,n301,26783,car
t1095,n479,n444,26783,car
t1096,n381,n292,26785,car
t1097,n686,n341,26787,car
t1098,n644,n154,26790,car
t1099,n236,n538,26791,car
t1100,n365,n338,26793,car
t1101,n29,n1191,26793,car
t1102,n20,n71,26795,car
t1103,n1089,n998,26796,car
t1104,n685,n1119,26801,car
t1105,n1092,n721,26801,car
t1106,n340,n440,26804,car
t1107,n456,n1239,26805,car
t1108,n443,n1209,26806,car
t1109,n1224,n568,26808,car
t1110,n589,n390,26809,car
t1111,n373,n706,26811,car
t1112,n403,n739,26812,car
t1113,n788,n789,26812,car
t1114,n1130,n652,26813,car
t1115,n21,n24,26819,car
t1116,n817,n1047,26820,car
t1117,n474,n352,26820,car
t1118,n515,n196,26821,car
t1119,n899,n1120,26821,car
t1120,n323,n1057,26823,car
t1121,n1005,n699,26825,car
t1122,n408,n1182,26828,car
t1123,n289,n271,26830,car
t1124,n677,n491,26832,car
t1125,n874,n158,26833,car
t1126,n1154,n866,26835,car
t1127,n1018,n1229,26836,car
t1128,n428,n1093,26836,car
t1129,n3,n846,26836,car
t1130,n471,n619,26837,car
t1131,n852,n321,26840,car
t1132,n641,n202,26840,car
t1133,n666,n1086,26842,car
t1134,n383,n396,26845,car
t1135,n639,n81,26846,car
t1136,n1005,n564,26847,car
t1137,n948,n211,26849,car
t1138,n843,n801,26849,car
t1139,n817,n231,26850,car
t1140,n1094,n806,26850,car
t1141,n791,n281,26851,car
t1142,n513,n510,26852,car
t1143,n84,n85,26852,car
t1144,n163,n150,26854,car
t1145,n393,n1014,26854,car
t1146,n274,n1243,26861,car
t1147,n412,n642,26861,car
t1148,n632,n581,26862,car
t1149,n226,n130,26862,car
t1150,n1148,n1229,26862,car
t1151,n761,n837,26863,car
t1152,n453,n21,26864,car
t1153,n825,n307,26866,car
t1154,n372,n626,26866,car
t1155,n625,n77,26867,car
t1156,n581,n407,26867,car
t1157,n178,n10,26868,car
t1158,n868,n877,26871,car
t1159,n49,n410,26872,car
t1160,n838,n878,26877,car
t1161,n354,n699,26878,car
t1162,n863,n845,26880,car
t1163,n211,n424,26885,car
t1164,n1083,n603,26886,car
t1165,n132,n25,26887,car
t1166,n1027,n528,26893,car
t1167,n1102,n250,26895,car
t1168,n314,n804,26899,car
t1169,n789,n33,26900,car
t1170,n635,n454,26901,car
t1171,n1241,n967,26902,car
t1172,n8,n196,26904,car
t1173,n279,n833,26904,car
t1174,n818,n56,26905,car
t1175,n59,n1041,26905,car
t1176,n1179,n926,26907,car
t1177,n233,n507,26908,car
t1178,n333,n460,26909,car
t1179,n611,n352,26910,car
t1180,n196,n515,26910,car
t1181,n53,n154,26912,car
t1182,n603,n117,26912,car
t1183,n568,n922,26915,car
t1184,n1097,n717,26916,car
t1185,n398,n779,26918,car
t1186,n740,n379,26921,car
t1187,n227,n449,26921,car
t1188,n899,n628,26921,car
t1189,n906,n865,26921,car
t1190,n873,n929,26922,car
t1191,n16,n642,26922,car
t1192,n932,n874,26922,car
t1193,n1118,n828,26926,car
t1194,n470,n25,26928,car
t1195,n1155,n396,26928,car
t1196,n693,n551,26929,car
t1197,n728,n413,26934,car
t1198,n958,n564,26934,car
t1199,n57,n403,26935,car
t1200,n627,n272,26937,car
t1201,n322,n991,26938,car
t1202,n1008,n177,26941,car
t1203,n407,n154,26943,car
t1204,n860,n78,26945,car
t1205,n285,n139,26946,car
t1206,n1078,n927,26947,car
t1207,n646,n337,26948,car
t1208,n522,n1,26950,car
t1209,n753,n679,26951,car
t1210,n467,n85,26952,car
t1211,n474,n352,26953,car
t1212,n134,n1149,26953,car
t1213,n1092,n488,26954,car
t1214,n1069,n1131,26955,car
t1215,n809,n268,26955,car
t1216,n392,n370,26957,car
t1217,n410,n291,26958,car
t1218,n377,n1099,26958,car
t1219,n174,n293,26959,car
t1220,n779,n260,26959,car
t1221,n1009,n326,26961,car
t1222,n80,n287,26963,car
t1223,n642,n396,26968,car
t1224,n743,n1164,26970,car
t1225,n571,n170,26971,car
t1226,n142,n345,26971,car
t1227,n143,n182,26972,car
t1228,n522,n683,26972,car
t1229,n435,n882,26978,car
t1230,n1228,n81,26982,car
t1231,n781,n958,26982,car
t1232,n1227,n966,26985,car
t1233,n357,n380,26986,car
t1234,n158,n192,26987,car
t1235,n719,n99,26990,car
t1236,n614,n239,26990,car
t1237,n710,n1013,26993,car
t1238,n410,n488,26993,car
t1239,n540,n1222,26997,car
t1240,n405,n659,26997,car
t1241,n110,n739,26998,car
t1242,n471,n1069,27000,car
t1243,n1216,n716,27001,car
t1244,n57,n330,27004,car
t1245,n929,n668,27005,car
t1246,n588,n204,27006,car
t1247,n895,n394,27008,car
t1248,n353,n446,27010,car
t1249,n167,n175,27010,car
t1250,n716,n390,27014,car
t1251,n1226,n969,27016,car
t1252,n1132,n638,27018,car
t1253,n709,n879,27019,car
t1254,n411,n495,27020,car
t1255,n556,n766,27021,car
t1256,n385,n1149,27021,car
t1257,n654,n139,27021,car
t1258,n434,n356,27022,car
t1259,n635,n587,27022,car
t1260,n967,n175,27022,car
t1261,n358,n936,27026,car
t1262,n586,n583,27026,car
t1263,n893,n552,27026,car
t1264,n753,n490,27026,car
t1265,n918,n812,27026,car
t1266,n1087,n983,27027,car
t1267,n996,n929,27028,car
t1268,n765,n342,27028,car
t1269,n592,n1053,27028,car
t1270,n466,n855,27032,car
t1271,n867,n638,27033,car
t1272,n1028,n390,27034,car
t1273,n302,n343,27034,car
t1274,n990,n23,27034,car
t1275,n990,n178,27034,car
t1276,n686,n896,27034,car
t1277,n525,n1220,27036,car
t1278,n447,n439,27037,car
t1279,n304,n681,27037,car
t1280,n352,n353,27038,car
t1281,n280,n370,27039,car
t1282,n149,n254,27039,car
t1283,n379,n498,27039,car
t1284,n608,n853,27041,car
t1285,n1158,n245,27042,car
t1286,n957,n282,27044,car
t1287,n173,n154,27046,car
t1288,n77,n529,27049,car
t1289,n69,n853,27050,car
t1290,n831,n400,27053,car
t1291,n102,n211,27055,car
t1292,n789,n936,27058,car
t1293,n838,n200,27059,car
t1294,n1104,n191,27061,car
t1295,n688,n468,27061,car
t1296,n1178,n958,27063,car
t1297,n497,n765,27065,car
t1298,n171,n855,27069,car
t1299,n936,n1225,27070,car
t1300,n202,n372,27070,car
t1301,n946,n850,27073,car
t1302,n1039,n687,27075,car
t1303,n297,n1228,27078,car
t1304,n892,n1153,27079,car
t1305,n954,n741,27079,car
t1306,n367,n353,27080,car
t1307,n968,n76,27083,car
t1308,n961,n478,27084,car
t1309,n744,n160,27088,car
t1310,n1113,n973,27089,car
t1311,n198,n1244,27089,car
t1312,n846,n628,27089,car
t1313,n341,n340,27092,car
t1314,n422,n351,27093,car
t1315,n299,n692,27093,car
t1316,n896,n796,27094,car
t1317,n619,n54,27097,car
t1318,n843,n249,27101,car
t1319,n1065,n561,27104,car
t1320,n65,n530,27106,car
t1321,n1109,n1103,27107,car
t1322,n136,n134,27108,car
t1323,n562,n766,27108,car
t1324,n188,n241,27109,car
t1325,n942,n176,27110,car
t1326,n838,n824,27110,car
t1327,n842,n820,27111,car
t1328,n266,n719,27113,car
t1329,n276,n853,27114,car
t1330,n900,n1051,27115,car
t1331,n1185,n429,27116,car
t1332,n911,n1242,27116,car
t1333,n716,n602,27121,car
t1334,n254,n39,27121,car
t1335,n8,n170,27122,car
t1336,n1152,n87,27124,car
t1337,n3,n60,27124,car
t1338,n232,n469,27125,car
t1339,n232,n800,27129,car
t1340,n670,n136,27130,car
t1341,n1154,n246,27131,car
t1342,n756,n1040,27134,car
t1343,n1044,n990,27135,car
t1344,n200,n341,27135,car
t1345,n434,n183,27135,car
t1346,n64,n550,27136,car
t1347,n1102,n642,27139,car
t1348,n10,n795,27139,car
t1349,n813,n129,27140,car
t1350,n467,n1103,27141,car
t1351,n466,n276,27141,car
t1352,n910,n1110,27142,car
t1353,n1222,n294,27143,car
t1354,n201,n980,27148,car
t1355,n919,n403,27149,car
t1356,n790,n753,27151,car
t1357,n87,n1200,27152,car
t1358,n597,n1163,27152,car
t1359,n575,n997,27152,car
t1360,n1109,n1027,27152,car
t1361,n1094,n1221,27152,car
t1362,n901,n875,27152,car
t1363,n31,n194,27155,car
t1364,n1147,n724,27155,car
t1365,n932,n662,27159,car
t1366,n953,n1005,27160,car
t1367,n284,n454,27161,car
t1368,n733,n243,27161,car
t1369,n756,n376,27162,car
t1370,n785,n980,27166,car
t1371,n659,n1095,27167,car
t1372,n946,n600,27167,car
t1373,n174,n435,27167,car
t1374,n206,n393,27168,car
t1375,n177,n1037,27169,car
t1376,n989,n613,27169,car
t1377,n203,n309,27169,car
t1378,n858,n939,27169,car
t1379,n194,n130,27170,car
t1380,n951,n291,27170,car
t1381,n304,n1031,27172,car
t1382,n240,n448,27174,car
t1383,n889,n38,27174,car
t1384,n588,n652,27176,car
t1385,n582,n817,27176,car
t1386,n724,n211,27178,car
t1387,n653,n100,27179,car
t1388,n802,n552,27180,car
t1389,n145,n112,27180,car
t1390,n653,n1126,27180,car
t1391,n202,n480,27181,car
t1392,n962,n244,27181,car
t1393,n126,n561,27181,car
t1394,n949,n260,27182,car
t1395,n817,n805,27182,car
t1396,n733,n1183,27186,car
t1397,n341,n599,27191,car
t1398,n196,n649,27194,car
t1399,n453,n657,27196,car
t1400,n826,n261,27197,car
t1401,n416,n548,27197,car
t1402,n1192,n646,27197,car
t1403,n1122,n455,27198,car
t1404,n951,n192,27198,car
t1405,n39,n634,27199,car
t1406,n674,n282,27199,car
t1407,n1092,n1205,27200,car
t1408,n362,n491,27203,car
t1409,n424,n689,27204,car
t1410,n1198,n1111,27204,car
t1411,n627,n234,27208,car
t1412,n986,n983,27210,car
t1413,n756,n1049,27211,car
t1414,n338,n18,27214,car
t1415,n343,n1069,27215,car
t1416,n769,n1062,27216,car
t1417,n935,n228,27217,car
t1418,n639,n579,27218,car
t1419,n855,n416,27218,car
t1420,n1119,n1069,27218,car
t1421,n190,n1090,27220,car
t1422,n636,n561,27221,car
t1423,n804,n22,27222,car
t1424,n473,n1189,27223,car
t1425,n206,n93,27223,car
t1426,n378,n608,27223,car
t1427,n1230,n106,27230,car
t1428,n1149,n1008,27231,car
t1429,n116,n238,27231,car
t1430,n402,n883,27232,car
t1431,n623,n982,27232,car
t1432,n576,n296,27235,car
t1433,n758,n616,27237,car
t1434,n756,n42,27237,car
t1435,n933,n372,27237,car
t1436,n844,n614,27238,car
t1437,n342,n436,27241,car
t1438,n1148,n1228,27241,car
t1439,n183,n182,27244,car
t1440,n107,n133,27245,car
t1441,n712,n218,27245,car
t1442,n848,n899,27246,car
t1443,n551,n452,27246,car
t1444,n579,n808,27247,car
t1445,n961,n436,27248,car
t1446,n850,n289,27249,car
t1447,n748,n318,27249,car
t1448,n309,n1203,27250,car
t1449,n69,n885,27251,car
t1450,n1087,n185,27253,car
t1451,n153,n941,27254,car
t1452,n682,n223,27254,car
t1453,n862,n796,27254,car
t1454,n413,n1096,27255,car
t1455,n1177,n225,27255,car
t1456,n530,n208,27256,car
t1457,n238,n108,27257,car
t1458,n497,n505,27259,car
t1459,n100,n206,27263,car
t1460,n1150,n94,27265,car
t1461,n1115,n355,27265,car
t1462,n989,n428,27265,car
t1463,n835,n169,27267,car
t1464,n1090,n580,27268,car
t1465,n314,n536,27269,car
t1466,n805,n449,27271,car
t1467,n433,n1068,27272,car
t1468,n333,n876,27273,car
t1469,n418,n392,27274,car
t1470,n332,n424,27274,car
t1471,n293,n489,27275,car
t1472,n191,n224,27276,car
t1473,n169,n158,27277,car
t1474,n756,n434,27279,car
t1475,n50,n900,27279,car
t1476,n32,n485,27281,car
t1477,n908,n337,27281,car
t1478,n967,n862,27281,car
t1479,n975,n573,27284,car
t1480,n44,n449,27284,car
t1481,n365,n634,27286,car
t1482,n857,n155,27286,car
t1483,n228,n302,27289,car
t1484,n270,n620,27290,car
t1485,n1055,n207,27291,car
t1486,n548,n549,27292,car
t1487,n732,n719,27292,car
t1488,n76,n706,27293,car
t1489,n847,n655,27294,car
t1490,n979,n108,27294,car
t1491,n202,n334,27299,car
t1492,n1182,n189,27300,car
t1493,n268,n319,27302,car
t1494,n1032,n218,27302,car
t1495,n850,n293,27303,car
t1496,n576,n578,27304,car
t1497,n976,n830,27304,car
t1498,n857,n288,27305,car
t1499,n241,n892,27306,car
t1500,n781,n707,27306,car
t1501,n893,n746,27312,car
t1502,n491,n173,27312,car
t1503,n477,n144,27319,car
t1504,n202,n177,27321,car
t1505,n294,n1069,27321,car
t1506,n261,n466,27322,car
t1507,n1000,n1001,27322,car
t1508,n375,n792,27325,car
t1509,n893,n291,27325,car
t1510,n346,n228,27325,car
t1511,n414,n603,27326,car
t1512,n32,n93,27328,car
t1513,n1111,n198,27328,car
t1514,n464,n790,27329,car
t1515,n587,n1065,27329,car
t1516,n1013,n892,27330,car
t1517,n844,n237,27330,car
t1518,n659,n287,27331,car
t1519,n849,n1109,27333,car
t1520,n507,n817,27333,car
t1521,n1235,n488,27334,car
t1522,n439,n493,27334,car
t1523,n508,n739,27336,car
t1524,n322,n786,27339,car
t1525,n570,n722,27340,car
t1526,n1219,n172,27343,car
t1527,n416,n480,27344,car
t1528,n242,n894,27346,car
t1529,n634,n1082,27346,car
t1530,n1153,n88,27347,car
t1531,n799,n815,27350,car
t1532,n464,n426,27350,car
t1533,n942,n1191,27350,car
t1534,n411,n356,27350,car
t1535,n678,n626,27355,car
t1536,n119,n303,27357,car
t1537,n838,n675,27357,car
t1538,n710,n803,27362,car
t1539,n1085,n161,27362,car
t1540,n176,n334,27363,car
t1541,n531,n718,27363,car
t1542,n1173,n1240,27363,car
t1543,n213,n1155,27364,car
t1544,n60,n831,27364,car
t1545,n1150,n899,27364,car
t1546,n149,n895,27366,car
t1547,n196,n648,27370,car
t1548,n97,n349,27370,car
t1549,n562,n751,27370,car
t1550,n1040,n785,27374,car
t1551,n377,n1096,27374,car
t1552,n105,n27,27376,car
t1553,n1148,n793,27377,car
t1554,n979,n1178,27378,car
t1555,n1231,n1160,27379,car
t1556,n310,n1112,27379,car
t1557,n355,n719,27380,car
t1558,n358,n552,27381,car
t1559,n1047,n503,27388,car
t1560,n1162,n740,27390,car
t1561,n1164,n509,27390,car
t1562,n271,n451,27392,car
t1563,n158,n189,27396,car
t1564,n887,n696,27396,car
t1565,n246,n1194,27400,car
t1566,n837,n825,27400,car
t1567,n415,n761,27402,car
t1568,n385,n648,27405,car
t1569,n295,n122,27405,car
t1570,n1227,n607,27408,car
t1571,n885,n145,27411,car
t1572,n954,n80,27412,car
t1573,n704,n949,27412,car
t1574,n840,n1000,27412,car
t1575,n363,n131,27415,car
t1576,n604,n206,27415,car
t1577,n191,n613,27417,car
t1578,n355,n904,27418,car
t1579,n969,n1152,27419,car
t1580,n1008,n506,27422,car
t1581,n227,n819,27422,car
t1582,n352,n1159,27422,car
t1583,n1051,n327,27423,car
t1584,n716,n154,27424,car
t1585,n579,n333,27424,car
t1586,n1200,n531,27426,car
t1587,n394,n583,27427,car
t1588,n593,n816,27428,car
t1589,n1025,n716,27431,car
t1590,n1176,n12,27433,car
t1591,n776,n338,27434,car
t1592,n293,n56,27436,car
t1593,n487,n381,27437,car
t1594,n436,n1116,27440,car
t1595,n747,n824,27442,car
t1596,n1079,n756,27442,car
t1597,n327,n232,27442,car
t1598,n638,n1134,27443,car
t1599,n675,n741,27443,car
t1600,n1094,n1088,27445,car
t1601,n79,n61,27446,car
t1602,n891,n500,27447,car
t1603,n183,n187,27447,car
t1604,n347,n432,27447,car
t1605,n891,n1161,27451,car
t1606,n889,n776,27451,car
t1607,n1219,n8,27453,car
t1608,n61,n69,27453,car
t1609,n215,n838,27454,car
t1610,n43,n245,27456,car
t1611,n811,n603,27458,car
t1612,n1024,n1118,27458,car
t1613,n308,n296,27458,car
t1614,n862,n381,27459,car
t1615,n716,n1026,27460,car
t1616,n554,n678,27461,car
t1617,n618,n1149,27462,car
t1618,n1189,n1241,27468,car
t1619,n328,n331,27469,car
t1620,n55,n450,27469,car
t1621,n877,n939,27470,car
t1622,n32,n620,27471,car
t1623,n217,n1112,27472,car
t1624,n978,n920,27472,car
t1625,n487,n595,27473,car
t1626,n1041,n1100,27474,car
t1627,n1033,n934,27474,car
t1628,n612,n485,27475,car
t1629,n651,n385,27476,car
t1630,n838,n799,27477,car
t1631,n159,n575,27479,car
t1632,n543,n813,27480,car
t1633,n559,n277,27480,car
t1634,n1079,n1126,27483,car
t1635,n420,n394,27483,car
t1636,n641,n204,27484,car
t1637,n321,n389,27484,car
t1638,n981,n690,27487,car
t1639,n1214,n434,27489,car
t1640,n789,n561,27489,car
t1641,n14,n180,27491,car
t1642,n442,n110,27494,car
t1643,n564,n181,27496,car
t1644,n223,n1173,27496,car
t1645,n331,n1164,27497,car
t1646,n74,n988,27501,car
t1647,n694,n509,27502,car
t1648,n1243,n964,27505,car
t1649,n992,n752,27506,car
t1650,n1075,n806,27506,car
t1651,n861,n355,27509,car
t1652,n346,n349,27510,car
t1653,n893,n121,27512,car
t1654,n247,n761,27515,car
t1655,n43,n509,27517,car
t1656,n408,n404,27518,car
t1657,n76,n71,27520,car
t1658,n1158,n797,27522,car
t1659,n639,n1141,27522,car
t1660,n201,n983,27526,car
t1661,n290,n310,27527,car
t1662,n732,n396,27531,car
t1663,n73,n56,27534,car
t1664,n392,n130,27537,car
t1665,n223,n1144,27538,car
t1666,n774,n772,27541,car
t1667,n495,n690,27542,car
t1668,n132,n19,27542,car
t1669,n1100,n528,27542,car
t1670,n15,n1018,27544,car
t1671,n272,n1183,27545,car
t1672,n231,n82,27545,car
t1673,n441,n501,27545,car
t1674,n85,n75,27547,car
t1675,n763,n863,27547,car
t1676,n22,n949,27549,car
t1677,n213,n500,27552,car
t1678,n1088,n193,27553,car
t1679,n1041,n14,27553,car
t1680,n1227,n394,27554,car
t1681,n410,n164,27555,car
t1682,n860,n77,27556,car
t1683,n1084,n55,27557,car
t1684,n319,n1177,27561,car
t1685,n1011,n957,27564,car
t1686,n1072,n146,27565,car
t1687,n846,n600,27567,car
t1688,n960,n111,27568,car
t1689,n924,n922,27568,car
t1690,n863,n1179,27569,car
t1691,n1157,n374,27571,car
t1692,n877,n939,27572,car
t1693,n975,n589,27573,car
t1694,n648,n756,27576,car
t1695,n1058,n1086,27580,car
t1696,n756,n414,27582,car
t1697,n422,n1204,27584,car
t1698,n414,n415,27585,car
t1699,n463,n1178,27585,car
t1700,n1156,n689,27588,car
t1701,n647,n1118,27590,car
t1702,n861,n641,27600,car
t1703,n284,n642,27602,car
t1704,n779,n751,27605,car
t1705,n417,n1225,27606,car
t1706,n805,n546,27606,car
t1707,n359,n528,27606,car
t1708,n169,n937,27607,car
t1709,n992,n751,27607,car
t1710,n1177,n152,27608,car
t1711,n253,n230,27609,car
t1712,n632,n434,27610,car
t1713,n107,n780,27612,car
t1714,n258,n567,27615,car
t1715,n749,n242,27616,car
t1716,n920,n797,27617,car
t1717,n335,n349,27618,car
t1718,n1107,n362,27620,car
t1719,n756,n40,27621,car
t1720,n417,n257,27621,car
t1721,n701,n9,27622,car
t1722,n322,n817,27622,car
t1723,n1120,n275,27622,car
t1724,n613,n782,27622,car
t1725,n807,n809,27625,car
t1726,n141,n257,27626,car
t1727,n1012,n806,27631,car
t1728,n172,n638,27634,car
t1729,n800,n553,27637,car
t1730,n946,n659,27641,car
t1731,n1066,n90,27643,car
t1732,n304,n450,27643,car
t1733,n319,n948,27644,car
t1734,n555,n132,27646,car
t1735,n6,n732,27647,car
t1736,n827,n676,27648,car
t1737,n181,n735,27649,car
t1738,n1107,n334,27651,car
t1739,n1005,n920,27653,car
t1740,n778,n563,27655,car
t1741,n1079,n165,27656,car
t1742,n1207,n1021,27657,car
t1743,n395,n376,27658,car
t1744,n168,n904,27658,car
t1745,n671,n1062,27660,car
t1746,n643,n478,27661,car
t1747,n262,n313,27661,car
t1748,n270,n1190,27662,car
t1749,n917,n447,27662,car
t1750,n757,n979,27664,car
t1751,n453,n635,27665,car
t1752,n1129,n1127,27665,car
t1753,n636,n568,27668,car
t1754,n456,n158,27670,car
t1755,n398,n585,27672,car
t1756,n737,n326,27673,car
t1757,n873,n933,27675,car
t1758,n88,n1228,27677,car
t1759,n578,n290,27679,car
t1760,n1147,n1003,27679,car
t1761,n1141,n175,27681,car
t1762,n1014,n283,27682,car
t1763,n560,n625,27686,car
t1764,n218,n1043,27687,car
t1765,n377,n232,27690,car
t1766,n379,n239,27693,car
t1767,n1005,n1217,27694,car
t1768,n520,n797,27695,car
t1769,n461,n531,27695,car
t1770,n705,n755,27697,car
t1771,n120,n1131,27699,car
t1772,n367,n302,27700,car
t1773,n752,n1062,27701,car
t1774,n721,n1220,27701,car
t1775,n330,n540,27703,car
t1776,n73,n48,27704,car
t1777,n228,n1220,27704,car
t1778,n917,n1112,27705,car
t1779,n827,n594,27706,car
t1780,n1235,n349,27706,car
t1781,n244,n1244,27707,car
t1782,n539,n500,27708,car
t1783,n896,n750,27709,car
t1784,n672,n1,27712,car
t1785,n128,n197,27713,car
t1786,n361,n928,27715,car
t1787,n199,n926,27716,car
t1788,n504,n794,27718,car
t1789,n1166,n804,27720,car
t1790,n439,n139,27724,car
t1791,n870,n456,27725,car
t1792,n9,n1173,27727,car
t1793,n426,n587,27727,car
t1794,n155,n482,27729,car
t1795,n3,n827,27731,car
t1796,n406,n1094,27734,car
t1797,n277,n949,27734,car
t1798,n242,n248,27735,car
t1799,n626,n1021,27736,car
t1800,n696,n809,27736,car
t1801,n778,n779,27742,car
t1802,n924,n998,27746,car
t1803,n1022,n1103,27746,car
t1804,n52,n739,27747,car
t1805,n1002,n827,27748,car
t1806,n571,n139,27749,car
t1807,n1224,n1187,27749,car
t1808,n128,n976,27752,car
t1809,n259,n660,27752,car
t1810,n810,n438,27753,car
t1811,n935,n695,27756,car
t1812,n1040,n562,27757,car
t1813,n1228,n1170,27758,car
t1814,n266,n807,27763,car
t1815,n928,n620,27765,car
t1816,n816,n347,27767,car
t1817,n845,n968,27771,car
t1818,n76,n1100,27773,car
t1819,n198,n591,27775,car
t1820,n1017,n42,27777,car
t1821,n592,n526,27778,car
t1822,n698,n1135,27778,car
t1823,n288,n75,27782,car
t1824,n121,n82,27783,car
t1825,n113,n105,27783,car
t1826,n702,n1216,27786,car
t1827,n21,n78,27786,car
t1828,n362,n360,27787,car
t1829,n478,n436,27788,car
t1830,n567,n1067,27791,car
t1831,n570,n1064,27791,car
t1832,n460,n499,27793,car
t1833,n814,n1195,27797,car
t1834,n379,n211,27797,car
t1835,n736,n1044,27800,car
t1836,n1098,n423,27802,car
t1837,n218,n367,27804,car
t1838,n986,n440,27805,car
t1839,n667,n866,27805,car
t1840,n954,n187,27806,car
t1841,n40,n990,27812,car
t1842,n493,n286,27815,car
t1843,n55,n242,27816,car
t1844,n910,n1112,27820,car
t1845,n810,n651,27822,car
t1846,n74,n1244,27825,car
t1847,n132,n1178,27826,car
t1848,n987,n107,27826,car
t1849,n666,n210,27826,car
t1850,n556,n780,27828,car
t1851,n1116,n155,27829,car
t1852,n228,n324,27830,car
t1853,n753,n870,27831,car
t1854,n820,n1164,27832,car
t1855,n288,n1077,27834,car
t1856,n675,n61,27834,car
t1857,n219,n15,27836,car
t1858,n685,n1119,27837,car
t1859,n803,n281,27839,car
t1860,n1102,n422,27839,car
t1861,n844,n848,27843,car
t1862,n904,n76,27844,car
t1863,n779,n300,27847,car
t1864,n1001,n237,27847,car
t1865,n370,n648,27851,car
t1866,n1001,n944,27852,car
t1867,n686,n1141,27852,car
t1868,n978,n1052,27854,car
t1869,n1195,n1030,27855,car
t1870,n1034,n228,27855,car
t1871,n498,n837,27856,car
t1872,n908,n35,27858,car
t1873,n994,n244,27858,car
t1874,n982,n690,27858,car
t1875,n1097,n939,27858,car
t1876,n1063,n884,27859,car
t1877,n908,n974,27863,car
t1878,n1072,n1062,27863,car
t1879,n1041,n59,27863,car
t1880,n522,n112,27865,car
t1881,n614,n654,27865,car
t1882,n1087,n925,27865,car
t1883,n1123,n1214,27865,car
t1884,n299,n1167,27867,car
t1885,n502,n1202,27869,car
t1886,n1,n210,27869,car
t1887,n1171,n791,27872,car
t1888,n206,n1156,27872,car
t1889,n987,n107,27872,car
t1890,n1176,n1067,27873,car
t1891,n152,n1023,27873,car
t1892,n985,n757,27877,car
t1893,n700,n1010,27878,car
t1894,n616,n692,27878,car
t1895,n1084,n1042,27879,car
t1896,n979,n80,27881,car
t1897,n364,n1215,27881,car
t1898,n36,n977,27883,car
t1899,n129,n301,27884,car
t1900,n828,n589,27888,car
t1901,n537,n952,27888,car
t1902,n940,n937,27890,car
t1903,n133,n296,27890,car
t1904,n934,n865,27892,car
t1905,n229,n566,27893,car
t1906,n1000,n438,27894,car
t1907,n932,n216,27894,car
t1908,n1202,n199,27898,car
t1909,n1172,n56,27901,car
t1910,n1229,n849,27901,car
t1911,n1111,n603,27905,car
t1912,n629,n19,27906,car
t1913,n273,n562,27909,car
t1914,n406,n728,27909,car
t1915,n46,n509,27910,car
t1916,n1107,n455,27912,car
t1917,n1030,n1233,27913,car
t1918,n21,n1239,27913,car
t1919,n316,n971,27914,car
t1920,n1109,n652,27916,car
t1921,n1017,n59,27918,car
t1922,n738,n779,27921,car
t1923,n642,n1220,27923,car
t1924,n253,n424,27927,car
t1925,n504,n817,27928,car
t1926,n904,n20,27928,car
t1927,n675,n798,27928,car
t1928,n1006,n564,27929,car
t1929,n951,n6,27932,car
t1930,n1024,n535,27933,car
t1931,n301,n843,27934,car
t1932,n412,n410,27934,car
t1933,n1039,n253,27938,car
t1934,n1190,n502,27940,car
t1935,n600,n290,27940,car
t1936,n402,n1069,27942,car
t1937,n482,n339,27943,car
t1938,n859,n917,27943,car
t1939,n1089,n351,27944,car
t1940,n957,n516,27945,car
t1941,n717,n313,27946,car
t1942,n636,n438,27947,car
t1943,n533,n140,27947,car
t1944,n573,n726,27948,car
t1945,n1121,n556,27949,car
t1946,n736,n838,27949,car
t1947,n340,n244,27951,car
t1948,n1069,n488,27952,car
t1949,n643,n492,27958,car
t1950,n744,n891,27958,car
t1951,n848,n320,27959,car
t1952,n1132,n959,27959,car
t1953,n560,n781,27962,car
t1954,n667,n224,27966,car
t1955,n1231,n680,27966,car
t1956,n1233,n796,27966,car
t1957,n326,n976,27966,car
t1958,n887,n1165,27967,car
t1959,n879,n388,27972,car
t1960,n247,n1232,27974,car
t1961,n142,n368,27974,car
t1962,n8,n431,27974,car
t1963,n642,n8,27976,car
t1964,n515,n658,27977,car
t1965,n188,n864,27978,car
t1966,n765,n38,27979,car
t1967,n766,n777,27979,car
t1968,n500,n824,27979,car
t1969,n858,n151,27981,car
t1970,n1233,n1172,27986,car
t1971,n964,n127,27986,car
t1972,n827,n878,27987,car
t1973,n319,n178,27993,car
t1974,n1208,n898,27994,car
t1975,n898,n895,27996,car
t1976,n952,n403,27997,car
t1977,n314,n196,27999,car
t1978,n810,n586,28000,car
t1979,n1023,n603,28000,car
t1980,n1107,n1223,28001,car
t1981,n1025,n1032,28001,car
t1982,n886,n5,28001,car
t1983,n445,n559,28003,car
t1984,n325,n612,28003,car
t1985,n1031,n910,28005,car
t1986,n16,n51,28008,car
t1987,n883,n1118,28008,car
t1988,n846,n783,28009,car
t1989,n1023,n918,28010,car
t1990,n126,n1207,28010,car
t1991,n1001,n230,28011,car
t1992,n493,n289,28014,car
t1993,n98,n64,28017,car
t1994,n350,n535,28020,car
t1995,n257,n1205,28023,car
t1996,n556,n109,28024,car
t1997,n546,n801,28024,car
t1998,n625,n132,28025,car
t1999,n638,n287,28025,car
t2000,n572,n436,28025,car
t2001,n611,n155,28026,car
t2002,n200,n66,28027,car
t2003,n771,n838,28029,car
t2004,n1191,n33,28032,car
t2005,n955,n477,28034,car
t2006,n579,n217,28035,car
t2007,n130,n826,28037,car
t2008,n455,n902,28037,car
t2009,n197,n790,28038,car
t2010,n1157,n507,28039,car
t2011,n1039,n538,28039,car
t2012,n813,n56,28039,car
t2013,n277,n321,28041,car
t2014,n1011,n1243,28041,car
t2015,n490,n1109,28043,car
t2016,n1127,n903,28043,car
t2017,n529,n929,28043,car
t2018,n85,n180,28044,car
t2019,n869,n605,28047,car
t2020,n883,n904,28049,car
t2021,n1098,n228,28050,car
t2022,n391,n35,28051,car
t2023,n853,n741,28053,car
t2024,n832,n196,28055,car
t2025,n115,n756,28056,car
t2026,n589,n249,28058,car
t2027,n551,n60,28061,car
t2028,n698,n1000,28066,car
t2029,n121,n1002,28067,car
t2030,n848,n348,28068,car
t2031,n244,n1094,28071,car
t2032,n1005,n81,28072,car
t2033,n161,n193,28072,car
t2034,n271,n273,28072,car
t2035,n654,n438,28072,car
t2036,n1239,n940,28075,car
t2037,n448,n501,28076,car
t2038,n419,n1204,28076,car
t2039,n324,n376,28076,car
t2040,n193,n532,28078,car
t2041,n176,n316,28080,car
t2042,n1146,n991,28080,car
t2043,n707,n56,28081,car
t2044,n764,n798,28082,car
t2045,n791,n1173,28085,car
t2046,n540,n330,28086,car
t2047,n463,n464,28087,car
t2048,n362,n399,28087,car
t2049,n225,n1026,28089,car
t2050,n1138,n811,28091,car
t2051,n603,n216,28093,car
t2052,n685,n621,28094,car
t2053,n781,n685,28096,car
t2054,n43,n96,28098,car
t2055,n289,n1133,28102,car
t2056,n239,n1049,28103,car
t2057,n1234,n408,28104,car
t2058,n127,n55,28105,car
t2059,n258,n988,28105,car
t2060,n368,n1092,28106,car
t2061,n199,n981,28109,car
t2062,n718,n356,28111,car
t2063,n458,n745,28113,car
t2064,n1208,n336,28113,car
t2065,n114,n850,28116,car
t2066,n490,n81,28118,car
t2067,n874,n859,28119,car
t2068,n431,n1042,28121,car
t2069,n474,n376,28124,car
t2070,n1173,n743,28125,car
t2071,n195,n969,28127,car
t2072,n785,n793,28127,car
t2073,n1097,n509,28128,car
t2074,n651,n180,28129,car
t2075,n439,n185,28129,car
t2076,n304,n744,28130,car
t2077,n17,n1166,28131,car
t2078,n633,n1090,28134,car
t2079,n390,n395,28137,car
t2080,n683,n145,28138,car
t2081,n361,n670,28139,car
t2082,n126,n790,28140,car
t2083,n882,n857,28142,car
t2084,n306,n1220,28142,car
t2085,n884,n289,28143,car
t2086,n995,n198,28147,car
t2087,n949,n1008,28148,car
t2088,n580,n726,28149,car
t2089,n218,n207,28150,car
t2090,n611,n486,28153,car
t2091,n1042,n469,28153,car
t2092,n119,n436,28154,car
t2093,n279,n700,28155,car
t2094,n265,n1213,28155,car
t2095,n483,n1216,28156,car
t2096,n160,n857,28156,car
t2097,n386,n723,28157,car
t2098,n910,n826,28158,car
t2099,n748,n960,28162,car
t2100,n303,n89,28163,car
t2101,n1189,n416,28163,car
t2102,n324,n141,28164,car
t2103,n84,n793,28165,car
t2104,n754,n788,28165,car
t2105,n191,n684,28166,car
t2106,n201,n532,28168,car
t2107,n1177,n624,28170,car
t2108,n35,n561,28170,car
t2109,n909,n1228,28171,car
t2110,n471,n720,28173,car
t2111,n460,n523,28173,car
t2112,n392,n122,28174,car
t2113,n796,n890,28174,car
t2114,n795,n987,28175,car
t2115,n510,n242,28175,car
t2116,n10,n463,28175,car
t2117,n1133,n1148,28175,car
t2118,n630,n313,28176,car
t2119,n345,n1082,28177,car
t2120,n1228,n899,28177,car
t2121,n1010,n515,28178,car
t2122,n477,n116,28178,car
t2123,n1083,n987,28181,car
t2124,n99,n253,28181,car
t2125,n671,n1108,28182,car
t2126,n27,n1133,28182,car
t2127,n694,n487,28183,car
t2128,n173,n842,28183,car
t2129,n154,n652,28184,car
t2130,n40,n721,28184,car
t2131,n708,n1056,28185,car
t2132,n275,n703,28187,car
t2133,n454,n313,28187,car
t2134,n1093,n1094,28190,car
t2135,n661,n1177,28191,car
t2136,n620,n1040,28192,car
t2137,n376,n340,28194,car
t2138,n27,n352,28194,car
t2139,n342,n487,28198,car
t2140,n705,n1111,28206,car
t2141,n241,n955,28207,car
t2142,n270,n614,28207,car
t2143,n933,n877,28219,car
t2144,n817,n821,28220,car
t2145,n151,n173,28220,car
t2146,n303,n758,28224,car
t2147,n251,n1198,28225,car
t2148,n258,n573,28225,car
t2149,n987,n112,28228,car
t2150,n422,n434,28232,car
t2151,n100,n462,28232,car
t2152,n138,n334,28232,car
t2153,n1202,n479,28234,car
t2154,n231,n802,28235,car
t2155,n633,n995,28241,car
t2156,n399,n918,28254,car
t2157,n308,n1198,28259,car
t2158,n302,n1231,28260,car
t2159,n953,n337,28262,car
t2160,n441,n144,28263,car
t2161,n60,n1094,28264,car
t2162,n474,n373,28265,car
t2163,n894,n66,28268,car
t2164,n437,n470,28268,car
t2165,n197,n61,28268,car
t2166,n763,n556,28269,car
t2167,n625,n24,28272,car
t2168,n1152,n108,28276,car
t2169,n867,n934,28281,car
t2170,n234,n897,28282,car
t2171,n813,n820,28283,car
t2172,n87,n62,28283,car
t2173,n749,n268,28285,car
t2174,n903,n151,28286,car
t2175,n573,n209,28286,car
t2176,n611,n1084,28287,car
t2177,n185,n391,28289,car
t2178,n862,n940,28295,car
t2179,n287,n854,28298,car
t2180,n73,n686,28299,car
t2181,n1022,n1174,28299,car
t2182,n1058,n167,28304,car
t2183,n428,n434,28308,car
t2184,n26,n212,28308,car
t2185,n816,n805,28308,car
t2186,n640,n383,28309,car
t2187,n1121,n981,28309,car
t2188,n45,n442,28310,car
t2189,n1217,n1061,28311,car
t2190,n128,n792,28315,car
t2191,n485,n199,28317,car
t2192,n757,n874,28318,car
t2193,n427,n153,28320,car
t2194,n872,n997,28321,car
t2195,n1156,n1217,28323,car
t2196,n1243,n179,28323,car
t2197,n1231,n906,28323,car
t2198,n517,n966,28327,car
t2199,n219,n1022,28328,car
t2200,n754,n6,28328,car
t2201,n707,n619,28329,car
t2202,n508,n816,28332,car
t2203,n866,n1194,28335,car
t2204,n1220,n590,28337,car
t2205,n337,n245,28337,car
t2206,n705,n1063,28337,car
t2207,n426,n1132,28338,car
t2208,n1169,n89,28339,car
t2209,n178,n13,28340,car
t2210,n365,n34,28341,car
t2211,n621,n1194,28341,car
t2212,n533,n1044,28342,car
t2213,n1136,n650,28342,car
t2214,n386,n360,28343,car
t2215,n241,n443,28343,car
t2216,n951,n381,28343,car
t2217,n800,n1161,28345,car
t2218,n513,n123,28345,car
t2219,n448,n894,28348,car
t2220,n541,n508,28349,car
t2221,n732,n1077,28350,car
t2222,n373,n721,28351,car
t2223,n901,n800,28352,car
t2224,n36,n665,28352,car
t2225,n945,n941,28354,car
t2226,n1149,n651,28354,car
t2227,n474,n903,28355,car
t2228,n559,n621,28356,car
t2229,n642,n588,28358,car
t2230,n584,n346,28361,car
t2231,n622,n23,28364,car
t2232,n871,n51,28364,car
t2233,n939,n832,28364,car
t2234,n458,n748,28364,car
t2235,n58,n636,28364,car
t2236,n719,n1077,28365,car
t2237,n372,n491,28365,car
t2238,n71,n74,28367,car
t2239,n357,n495,28369,car
t2240,n287,n438,28369,car
t2241,n220,n1169,28371,car
t2242,n1086,n852,28372,car
t2243,n320,n1008,28373,car
t2244,n1083,n180,28375,car
t2245,n264,n966,28376,car
t2246,n1064,n638,28377,car
t2247,n624,n1064,28379,car
t2248,n379,n745,28384,car
t2249,n277,n1113,28386,car
t2250,n750,n304,28387,car
t2251,n814,n86,28388,car
t2252,n851,n433,28390,car
t2253,n165,n780,28390,car
t2254,n722,n888,28390,car
t2255,n615,n284,28391,car
t2256,n669,n883,28391,car
t2257,n1179,n862,28392,car
t2258,n414,n396,28394,car
t2259,n720,n491,28395,car
t2260,n229,n1192,28399,car
t2261,n1030,n746,28400,car
t2262,n405,n725,28401,car
t2263,n890,n795,28401,car
t2264,n348,n286,28405,car
t2265,n622,n932,28413,car
t2266,n401,n951,28413,car
t2267,n894,n1164,28414,car
t2268,n718,n1142,28414,car
t2269,n202,n482,28416,car
t2270,n100,n394,28417,car
t2271,n489,n1038,28417,car
t2272,n981,n307,28419,car
t2273,n369,n755,28421,car
t2274,n519,n767,28422,car
t2275,n152,n1068,28422,car
t2276,n1208,n745,28423,car
t2277,n638,n292,28423,car
t2278,n908,n296,28425,car
t2279,n479,n1067,28426,car
t2280,n20,n26,28426,car
t2281,n461,n523,28427,car
t2282,n562,n86,28427,car
t2283,n362,n7,28430,car
t2284,n655,n1188,28433,car
t2285,n351,n382,28433,car
t2286,n835,n3,28434,car
t2287,n154,n404,28437,car
t2288,n318,n25,28438,car
t2289,n1135,n468,28439,car
t2290,n574,n215,28439,car
t2291,n814,n517,28440,car
t2292,n824,n820,28441,car
t2293,n607,n862,28444,car
t2294,n702,n385,28445,car
t2295,n748,n777,28446,car
t2296,n369,n246,28446,car
t2297,n819,n753,28450,car
t2298,n1128,n929,28451,car
t2299,n504,n987,28451,car
t2300,n202,n370,28456,car
t2301,n1162,n1070,28457,car
t2302,n121,n138,28459,car
t2303,n1231,n987,28461,car
t2304,n285,n1226,28462,car
t2305,n411,n783,28463,car
t2306,n677,n413,28463,car
t2307,n1086,n65,28467,car
t2308,n970,n962,28471,car
t2309,n1024,n1076,28471,car
t2310,n856,n950,28471,car
t2311,n240,n1193,28472,car
t2312,n471,n1205,28472,car
t2313,n268,n132,28474,car
t2314,n242,n444,28474,car
t2315,n587,n412,28475,car
t2316,n161,n1,28477,car
t2317,n11,n525,28477,car
t2318,n537,n540,28479,car
t2319,n1177,n591,28480,car
t2320,n100,n692,28481,car
t2321,n301,n661,28483,car
t2322,n290,n632,28486,car
t2323,n272,n275,28486,car
t2324,n197,n700,28486,car
t2325,n172,n5,28488,car
t2326,n1142,n782,28490,car
t2327,n622,n742,28491,car
t2328,n129,n815,28491,car
t2329,n1001,n122,28491,car
t2330,n1044,n1085,28494,car
t2331,n1190,n1138,28499,car
t2332,n187,n456,28501,car
t2333,n425,n288,28502,car
t2334,n969,n313,28504,car
t2335,n466,n724,28506,car
t2336,n214,n1156,28506,car
t2337,n1069,n574,28509,car
t2338,n17,n231,28509,car
t2339,n401,n643,28509,car
t2340,n1119,n506,28511,car
t2341,n1149,n298,28512,car
t2342,n220,n255,28512,car
t2343,n613,n782,28513,car
t2344,n888,n50,28513,car
t2345,n802,n233,28515,car
t2346,n1036,n133,28516,car
t2347,n1113,n472,28517,car
t2348,n832,n516,28520,car
t2349,n202,n148,28523,car
t2350,n1104,n1110,28523,car
t2351,n442,n91,28524,car
t2352,n1243,n657,28524,car
t2353,n273,n412,28525,car
t2354,n602,n309,28525,car
t2355,n1080,n801,28526,car
t2356,n810,n1217,28526,car
t2357,n330,n94,28527,car
t2358,n719,n1221,28527,car
t2359,n40,n756,28527,car
t2360,n857,n658,28528,car
t2361,n760,n897,28532,car
t2362,n785,n18,28534,car
t2363,n992,n244,28534,car
t2364,n174,n932,28536,car
t2365,n1086,n996,28541,car
t2366,n1010,n826,28541,car
t2367,n1123,n1151,28541,car
t2368,n261,n209,28545,car
t2369,n562,n1008,28548,car
t2370,n756,n118,28551,car
t2371,n362,n1065,28551,car
t2372,n642,n1001,28551,car
t2373,n447,n928,28551,car
t2374,n375,n368,28551,car
t2375,n584,n420,28552,car
t2376,n593,n345,28554,car
t2377,n758,n322,28555,car
t2378,n933,n152,28555,car
t2379,n177,n275,28556,car
t2380,n549,n449,28557,car
t2381,n58,n16,28558,car
t2382,n1166,n813,28561,car
t2383,n639,n140,28564,car
t2384,n751,n363,28566,car
t2385,n143,n203,28570,car
t2386,n688,n1194,28570,car
t2387,n397,n732,28571,car
t2388,n1012,n741,28573,car
t2389,n1203,n397,28574,car
t2390,n1028,n538,28575,car
t2391,n1191,n67,28579,car
t2392,n1115,n965,28580,car
t2393,n1092,n573,28580,car
t2394,n935,n1060,28584,car
t2395,n746,n682,28585,car
t2396,n636,n591,28586,car
t2397,n651,n789,28589,car
t2398,n778,n678,28590,car
t2399,n732,n478,28591,car
t2400,n800,n1229,28593,car
t2401,n134,n1169,28594,car
t2402,n724,n357,28596,car
t2403,n114,n688,28599,car
t2404,n564,n433,28599,car
t2405,n640,n288,28603,car
t2406,n750,n177,28607,car
t2407,n770,n127,28610,car
t2408,n236,n112,28610,car
t2409,n813,n1142,28611,car
t2410,n250,n586,28612,car
t2411,n751,n800,28612,car
t2412,n611,n487,28614,car
t2413,n226,n76,28614,car
t2414,n388,n694,28619,car
t2415,n24,n36,28620,car
t2416,n577,n175,28621,car
t2417,n346,n476,28627,car
t2418,n1223,n245,28630,car
t2419,n587,n287,28631,car
t2420,n736,n32,28632,car
t2421,n307,n979,28632,car
t2422,n10,n1233,28632,car
t2423,n321,n871,28633,car
t2424,n435,n722,28633,car
t2425,n542,n1152,28634,car
t2426,n514,n38,28635,car
t2427,n602,n119,28636,car
t2428,n366,n246,28637,car
t2429,n1016,n736,28637,car
t2430,n892,n407,28639,car
t2431,n933,n874,28640,car
t2432,n836,n811,28641,car
t2433,n1013,n818,28641,car
t2434,n1053,n491,28642,car
t2435,n1230,n153,28644,car
t2436,n1230,n872,28647,car
t2437,n38,n499,28647,car
t2438,n584,n322,28651,car
t2439,n321,n154,28653,car
t2440,n1128,n292,28653,car
t2441,n208,n202,28655,car
t2442,n966,n359,28655,car
t2443,n77,n964,28657,car
t2444,n628,n457,28657,car
t2445,n879,n1126,28658,car
t2446,n1214,n1147,28660,car
t2447,n945,n236,28660,car
t2448,n320,n152,28663,car
t2449,n408,n1095,28664,car
t2450,n891,n229,28666,car
t2451,n995,n304,28669,car
t2452,n293,n989,28670,car
t2453,n57,n593,28677,car
t2454,n1181,n843,28677,car
t2455,n562,n736,28681,car
t2456,n1095,n477,28684,car
t2457,n165,n933,28684,car
t2458,n1092,n731,28685,car
t2459,n273,n276,28686,car
t2460,n132,n29,28687,car
t2461,n196,n136,28690,car
t2462,n619,n1161,28693,car
t2463,n135,n1136,28693,car
t2464,n78,n966,28693,car
t2465,n29,n258,28695,car
t2466,n478,n145,28697,car
t2467,n37,n561,28701,car
t2468,n506,n508,28701,car
t2469,n708,n327,28712,car
t2470,n1041,n339,28714,car
t2471,n1063,n1015,28715,car
t2472,n164,n922,28717,car
t2473,n1042,n36,28717,car
t2474,n936,n153,28720,car
t2475,n946,n453,28723,car
t2476,n1193,n546,28724,car
t2477,n617,n543,28724,car
t2478,n588,n1198,28726,car
t2479,n856,n839,28728,car
t2480,n1001,n121,28728,car
t2481,n43,n857,28730,car
t2482,n331,n304,28731,car
t2483,n106,n341,28731,car
t2484,n337,n227,28731,car
t2485,n1016,n478,28732,car
t2486,n612,n1130,28738,car
t2487,n982,n104,28739,car
t2488,n341,n386,28739,car
t2489,n900,n89,28742,car
t2490,n1067,n1242,28744,car
t2491,n781,n548,28744,car
t2492,n1014,n105,28745,car
t2493,n448,n683,28746,car
t2494,n976,n949,28749,car
t2495,n217,n1036,28753,car
t2496,n818,n1150,28756,car
t2497,n795,n152,28757,car
t2498,n80,n1070,28757,car
t2499,n326,n229,28759,car
t2500,n786,n964,28760,car
t2501,n893,n813,28760,car
t2502,n438,n579,28761,car
t2503,n242,n987,28761,car
t2504,n630,n338,28762,car
t2505,n118,n218,28763,car
t2506,n887,n1071,28764,car
t2507,n994,n696,28765,car
t2508,n428,n1092,28765,car
t2509,n184,n1163,28765,car
t2510,n267,n483,28765,car
t2511,n685,n633,28770,car
t2512,n708,n787,28771,car
t2513,n1017,n543,28772,car
t2514,n817,n300,28774,car
t2515,n162,n1061,28775,car
t2516,n1030,n107,28778,car
t2517,n853,n185,28780,car
t2518,n457,n274,28781,car
t2519,n949,n597,28781,car
t2520,n144,n192,28781,car
t2521,n270,n37,28782,car
t2522,n478,n200,28782,car
t2523,n670,n742,28786,car
t2524,n521,n853,28788,car
t2525,n436,n589,28791,car
t2526,n1163,n189,28793,car
t2527,n1094,n110,28796,car
t2528,n1093,n1077,28799,car
t2529,n403,n341,28799,car
t2530,n232,n678,28799,car
t2531,n1032,n839,28800,car
t2532,n447,n954,28800,car
t2533,n858,n904,28804,car
t2534,n410,n833,28805,car
t2535,n92,n536,28805,car
t2536,n241,n502,28805,car
t2537,n200,n418,28807,car
t2538,n412,n683,28808,car
t2539,n15,n33,28809,car
t2540,n1200,n533,28812,car
t2541,n767,n977,28816,car
t2542,n587,n356,28817,car
t2543,n32,n1008,28817,car
t2544,n653,n1109,28821,car
t2545,n515,n692,28822,car
t2546,n983,n306,28823,car
t2547,n227,n1198,28827,car
t2548,n1089,n284,28829,car
t2549,n957,n1061,28833,car
t2550,n696,n155,28833,car
t2551,n375,n350,28834,car
t2552,n854,n903,28835,car
t2553,n799,n803,28835,car
t2554,n465,n1032,28836,car
t2555,n7,n1110,28837,car
t2556,n513,n114,28838,car
t2557,n208,n1030,28841,car
t2558,n420,n734,28841,car
t2559,n106,n692,28842,car
t2560,n743,n450,28844,car
t2561,n1200,n479,28847,car
t2562,n37,n76,28847,car
t2563,n1159,n800,28847,car
t2564,n759,n546,28848,car
t2565,n968,n465,28853,car
t2566,n412,n430,28853,car
t2567,n1007,n629,28854,car
t2568,n944,n975,28856,car
t2569,n243,n1184,28858,car
t2570,n96,n201,28860,car
t2571,n553,n69,28866,car
t2572,n781,n707,28869,car
t2573,n623,n225,28870,car
t2574,n1007,n559,28873,car
t2575,n1047,n177,28875,car
t2576,n94,n987,28876,car
t2577,n130,n708,28884,car
t2578,n983,n306,28884,car
t2579,n642,n592,28884,car
t2580,n633,n60,28885,car
t2581,n984,n1151,28885,car
t2582,n477,n983,28886,car
t2583,n1078,n43,28888,car
t2584,n68,n927,28889,car
t2585,n721,n471,28889,car
t2586,n812,n673,28894,car
t2587,n598,n836,28895,car
t2588,n383,n92,28895,car
t2589,n783,n611,28897,car
t2590,n420,n375,28900,car
t2591,n811,n379,28902,car
t2592,n140,n202,28902,car
t2593,n554,n549,28905,car
t2594,n530,n967,28906,car
t2595,n1059,n170,28911,car
t2596,n236,n1070,28911,car
t2597,n192,n214,28912,car
t2598,n112,n691,28913,car
t2599,n1181,n590,28913,car
t2600,n546,n231,28915,car
t2601,n1162,n300,28916,car
t2602,n937,n486,28916,car
t2603,n285,n922,28916,car
t2604,n174,n1058,28921,car
t2605,n451,n328,28922,car
t2606,n477,n568,28925,car
t2607,n380,n6,28926,car
t2608,n127,n619,28930,car
t2609,n563,n1017,28930,car
t2610,n239,n855,28933,car
t2611,n380,n732,28933,car
t2612,n1199,n719,28934,car
t2613,n920,n713,28936,car
t2614,n383,n488,28939,car
t2615,n1097,n245,28941,car
t2616,n926,n1239,28942,car
t2617,n616,n895,28943,car
t2618,n120,n601,28944,car
t2619,n1028,n619,28945,car
t2620,n822,n544,28945,car
t2621,n790,n435,28946,car
t2622,n97,n793,28947,car
t2623,n24,n906,28952,car
t2624,n87,n1070,28952,car
t2625,n669,n776,28952,car
t2626,n93,n1175,28953,car
t2627,n499,n330,28958,car
t2628,n863,n416,28959,car
t2629,n178,n464,28962,car
t2630,n285,n635,28962,car
t2631,n478,n340,28963,car
t2632,n77,n89,28964,car
t2633,n146,n1174,28965,car
t2634,n76,n154,28965,car
t2635,n376,n77,28966,car
t2636,n951,n6,28967,car
t2637,n780,n766,28970,car
t2638,n1003,n301,28971,car
t2639,n176,n308,28973,car
t2640,n94,n543,28973,car
t2641,n119,n480,28974,car
t2642,n964,n954,28977,car
t2643,n306,n109,28978,car
t2644,n396,n586,28980,car
t2645,n286,n589,28982,car
t2646,n598,n78,28983,car
t2647,n92,n265,28984,car
t2648,n786,n835,28987,car
t2649,n772,n428,28987,car
t2650,n481,n882,28989,car
t2651,n922,n59,28991,car
t2652,n34,n1114,28991,car
t2653,n569,n639,28992,car
t2654,n176,n170,28994,car
t2655,n479,n339,28994,car
t2656,n1032,n119,28996,car
t2657,n99,n919,28999,car
t2658,n72,n359,29000,car
t2659,n483,n424,29001,car
t2660,n392,n466,29002,car
t2661,n756,n424,29003,car
t2662,n907,n52,29004,car
t2663,n199,n98,29004,car
t2664,n987,n794,29005,car
t2665,n143,n1096,29005,car
t2666,n470,n660,29006,car
t2667,n807,n1090,29008,car
t2668,n422,n564,29009,car
t2669,n61,n619,29010,car
t2670,n426,n132,29010,car
t2671,n97,n538,29011,car
t2672,n618,n816,29012,car
t2673,n1051,n31,29014,car
t2674,n218,n573,29014,car
t2675,n366,n1209,29015,car
t2676,n41,n778,29018,car
t2677,n593,n453,29018,car
t2678,n443,n144,29021,car
t2679,n273,n838,29022,car
t2680,n1085,n907,29023,car
t2681,n992,n819,29024,car
t2682,n631,n1133,29026,car
t2683,n435,n401,29028,car
t2684,n486,n159,29031,car
t2685,n545,n804,29033,car
t2686,n940,n853,29033,car
t2687,n367,n244,29035,car
t2688,n777,n233,29039,car
t2689,n129,n1165,29039,car
t2690,n1100,n529,29040,car
t2691,n192,n890,29040,car
t2692,n588,n633,29040,car
t2693,n698,n293,29045,car
t2694,n313,n622,29049,car
t2695,n725,n176,29050,car
t2696,n243,n1055,29050,car
t2697,n282,n797,29051,car
t2698,n634,n362,29052,car
t2699,n745,n443,29057,car
t2700,n50,n545,29057,car
t2701,n1083,n625,29058,car
t2702,n409,n734,29060,car
t2703,n720,n491,29069,car
t2704,n86,n900,29070,car
t2705,n1027,n1198,29071,car
t2706,n134,n523,29074,car
t2707,n683,n544,29075,car
t2708,n952,n562,29076,car
t2709,n216,n587,29078,car
t2710,n1158,n845,29080,car
t2711,n152,n1022,29082,car
t2712,n31,n72,29082,car
t2713,n888,n20,29086,car
t2714,n1224,n852,29087,car
t2715,n946,n321,29090,car
t2716,n1220,n750,29090,car
t2717,n1023,n163,29091,car
t2718,n404,n122,29091,car
t2719,n138,n550,29092,car
t2720,n913,n226,29093,car
t2721,n872,n904,29093,car
t2722,n1054,n855,29094,car
t2723,n333,n502,29095,car
t2724,n739,n984,29099,car
t2725,n602,n690,29099,car
t2726,n471,n1097,29102,car
t2727,n994,n244,29103,car
t2728,n163,n434,29105,car
t2729,n70,n163,29106,car
t2730,n1093,n293,29106,car
t2731,n169,n807,29106,car
t2732,n65,n77,29107,car
t2733,n590,n732,29107,car
t2734,n201,n1024,29109,car
t2735,n955,n1194,29110,car
t2736,n686,n201,29111,car
t2737,n734,n356,29111,car
t2738,n30,n946,29112,car
t2739,n48,n128,29113,car
t2740,n91,n99,29115,car
t2741,n453,n447,29116,car
t2742,n137,n319,29117,car
t2743,n562,n177,29118,car
t2744,n624,n1063,29122,car
t2745,n1005,n946,29123,car
t2746,n1124,n199,29124,car
t2747,n454,n440,29127,car
t2748,n672,n612,29131,car
t2749,n36,n212,29132,car
t2750,n642,n652,29133,car
t2751,n256,n696,29133,car
t2752,n273,n416,29134,car
t2753,n470,n435,29135,car
t2754,n1002,n829,29135,car
t2755,n589,n652,29138,car
t2756,n133,n856,29139,car
t2757,n9,n465,29139,car
t2758,n149,n173,29139,car
t2759,n940,n1198,29140,car
t2760,n1161,n105,29140,car
t2761,n919,n975,29141,car
t2762,n856,n857,29142,car
t2763,n1036,n1014,29142,car
t2764,n1239,n1062,29143,car
t2765,n130,n670,29145,car
t2766,n1189,n941,29145,car
t2767,n612,n613,29145,car
t2768,n642,n572,29145,car
t2769,n793,n69,29147,car
t2770,n1075,n81,29147,car
t2771,n693,n1216,29149,car
t2772,n928,n855,29149,car
t2773,n1232,n739,29152,car
t2774,n273,n1160,29154,car
t2775,n526,n904,29155,car
t2776,n489,n1053,29156,car
t2777,n371,n282,29157,car
t2778,n513,n649,29158,car
t2779,n362,n117,29164,car
t2780,n246,n1038,29166,car
t2781,n164,n78,29167,car
t2782,n514,n481,29167,car
t2783,n570,n313,29167,car
t2784,n1004,n1002,29169,car
t2785,n1027,n1112,29173,car
t2786,n1151,n1172,29175,car
t2787,n717,n783,29176,car
t2788,n888,n773,29176,car
t2789,n71,n1146,29178,car
t2790,n402,n1035,29181,car
t2791,n982,n888,29182,car
t2792,n527,n1107,29184,car
t2793,n981,n332,29184,car
t2794,n602,n477,29185,car
t2795,n535,n15,29186,car
t2796,n980,n119,29188,car
t2797,n801,n158,29188,car
t2798,n157,n1230,29190,car
t2799,n314,n275,29190,car
t2800,n1191,n644,29190,car
t2801,n650,n972,29192,car
t2802,n963,n382,29193,car
t2803,n828,n1123,29194,car
t2804,n703,n696,29194,car
t2805,n438,n182,29203,car
t2806,n490,n1221,29205,car
t2807,n370,n671,29206,car
t2808,n1028,n1112,29208,car
t2809,n1239,n1101,29210,car
t2810,n877,n56,29211,car
t2811,n362,n1086,29213,car
t2812,n812,n271,29215,car
t2813,n138,n558,29216,car
t2814,n131,n1011,29216,car
t2815,n394,n486,29218,car
t2816,n79,n1123,29221,car
t2817,n1096,n485,29221,car
t2818,n17,n27,29222,car
t2819,n174,n172,29222,car
t2820,n966,n319,29223,car
t2821,n326,n893,29228,car
t2822,n90,n1150,29229,car
t2823,n73,n1195,29234,car
t2824,n236,n498,29239,car
t2825,n316,n1,29242,car
t2826,n660,n128,29242,car
t2827,n403,n829,29245,car
t2828,n4,n878,29246,car
t2829,n342,n217,29248,car
t2830,n876,n967,29251,car
t2831,n61,n540,29252,car
t2832,n89,n885,29254,car
t2833,n1186,n774,29256,car
t2834,n690,n119,29258,car
t2835,n870,n884,29260,car
t2836,n774,n1221,29260,car
t2837,n386,n196,29261,car
t2838,n855,n926,29269,car
t2839,n492,n139,29273,car
t2840,n349,n230,29273,car
t2841,n1128,n198,29274,car
t2842,n397,n1205,29275,car
t2843,n430,n731,29276,car
t2844,n190,n1022,29277,car
t2845,n496,n328,29280,car
t2846,n562,n307,29282,car
t2847,n1121,n136,29284,car
t2848,n892,n887,29285,car
t2849,n760,n232,29286,car
t2850,n857,n1042,29288,car
t2851,n917,n146,29290,car
t2852,n357,n542,29290,car
t2853,n488,n719,29294,car
t2854,n505,n81,29295,car
t2855,n238,n426,29295,car
t2856,n761,n837,29295,car
t2857,n1001,n695,29296,car
t2858,n386,n1002,29299,car
t2859,n23,n623,29301,car
t2860,n920,n598,29301,car
t2861,n974,n628,29306,car
t2862,n97,n872,29307,car
t2863,n243,n982,29310,car
t2864,n61,n52,29311,car
t2865,n1059,n98,29312,car
t2866,n817,n823,29314,car
t2867,n209,n394,29315,car
t2868,n1213,n433,29316,car
t2869,n501,n835,29316,car
t2870,n791,n221,29316,car
t2871,n480,n247,29318,car
t2872,n1073,n338,29319,car
t2873,n1194,n241,29319,car
t2874,n313,n950,29319,car
t2875,n817,n545,29320,car
t2876,n417,n313,29323,car
t2877,n703,n957,29324,car
t2878,n621,n557,29324,car
t2879,n804,n1031,29324,car
t2880,n384,n201,29325,car
t2881,n1066,n113,29325,car
t2882,n286,n894,29333,car
t2883,n1202,n867,29335,car
t2884,n171,n425,29335,car
t2885,n728,n461,29337,car
t2886,n442,n273,29340,car
t2887,n314,n1044,29341,car
t2888,n1148,n85,29342,car
t2889,n629,n19,29343,car
t2890,n1005,n994,29344,car
t2891,n870,n642,29348,car
t2892,n309,n603,29349,car
t2893,n602,n163,29356,car
t2894,n341,n1200,29359,car
t2895,n326,n699,29361,car
t2896,n945,n964,29363,car
t2897,n1134,n1023,29363,car
t2898,n39,n379,29363,car
t2899,n165,n860,29364,car
t2900,n1078,n929,29366,car
t2901,n95,n544,29368,car
t2902,n425,n439,29368,car
t2903,n550,n818,29370,car
t2904,n879,n726,29371,car
t2905,n28,n839,29372,car
t2906,n433,n161,29372,car
t2907,n1092,n1192,29373,car
t2908,n330,n745,29374,car
t2909,n582,n593,29374,car
t2910,n1015,n1026,29375,car
t2911,n57,n129,29376,car
t2912,n917,n629,29377,car
t2913,n34,n456,29377,car
t2914,n18,n16,29378,car
t2915,n1167,n551,29379,car
t2916,n1209,n320,29379,car
t2917,n1014,n552,29380,car
t2918,n706,n567,29380,car
t2919,n174,n725,29383,car
t2920,n306,n569,29385,car
t2921,n788,n65,29385,car
t2922,n865,n644,29386,car
t2923,n921,n1011,29387,car
t2924,n1235,n270,29387,car
t2925,n457,n25,29388,car
t2926,n652,n318,29389,car
t2927,n640,n433,29390,car
t2928,n377,n479,29391,car
t2929,n157,n1141,29394,car
t2930,n377,n1176,29395,car
t2931,n141,n222,29395,car
t2932,n143,n756,29396,car
t2933,n971,n1217,29397,car
t2934,n507,n549,29398,car
t2935,n22,n505,29399,car
t2936,n1061,n1149,29401,car
t2937,n1086,n432,29401,car
t2938,n127,n707,29402,car
t2939,n297,n1196,29402,car
t2940,n676,n582,29402,car
t2941,n71,n1171,29403,car
t2942,n681,n898,29404,car
t2943,n959,n253,29408,car
t2944,n402,n1156,29411,car
t2945,n354,n717,29415,car
t2946,n1175,n1089,29416,car
t2947,n163,n492,29416,car
t2948,n213,n224,29419,car
t2949,n243,n983,29419,car
t2950,n118,n506,29419,car
t2951,n168,n161,29420,car
t2952,n849,n1226,29422,car
t2953,n751,n839,29424,car
t2954,n1055,n661,29425,car
t2955,n455,n280,29427,car
t2956,n121,n262,29429,car
t2957,n539,n570,29429,car
t2958,n1224,n1026,29429,car
t2959,n313,n228,29433,car
t2960,n372,n647,29434,car
t2961,n1027,n93,29436,car
t2962,n415,n653,29437,car
t2963,n717,n284,29439,car
t2964,n163,n454,29439,car
t2965,n691,n414,29440,car
t2966,n874,n1056,29440,car
t2967,n764,n754,29441,car
t2968,n488,n930,29441,car
t2969,n377,n1183,29442,car
t2970,n727,n718,29442,car
t2971,n289,n579,29443,car
t2972,n1028,n23,29448,car
t2973,n418,n607,29449,car
t2974,n746,n331,29454,car
t2975,n493,n435,29456,car
t2976,n253,n198,29457,car
t2977,n314,n621,29457,car
t2978,n746,n730,29458,car
t2979,n608,n1236,29460,car
t2980,n1083,n899,29461,car
t2981,n508,n751,29463,car
t2982,n717,n1092,29463,car
t2983,n1097,n732,29464,car
t2984,n716,n1234,29468,car
t2985,n99,n460,29472,car
t2986,n899,n58,29472,car
t2987,n450,n707,29476,car
t2988,n581,n291,29476,car
t2989,n309,n1014,29477,car
t2990,n1142,n718,29477,car
t2991,n801,n1028,29478,car
t2992,n12,n970,29480,car
t2993,n43,n44,29480,car
t2994,n362,n65,29480,car
t2995,n840,n137,29483,car
t2996,n473,n391,29484,car
t2997,n424,n623,29486,car
t2998,n406,n1031,29487,car
t2999,n47,n57,29487,car
t3000,n174,n313,29487,car
t3001,n330,n507,29488,car
t3002,n1147,n562,29489,car
t3003,n18,n113,29489,car
t3004,n260,n270,29490,car
t3005,n1044,n1176,29493,car
t3006,n873,n878,29494,car
t3007,n176,n1208,29494,car
t3008,n114,n806,29499,car
t3009,n632,n582,29499,car
t3010,n1236,n849,29503,car
t3011,n1212,n264,29505,car
t3012,n152,n196,29505,car
t3013,n487,n1094,29507,car
t3014,n299,n1071,29507,car
t3015,n630,n1079,29509,car
t3016,n848,n112,29510,car
t3017,n869,n902,29510,car
t3018,n614,n30,29514,car
t3019,n1012,n1159,29515,car
t3020,n33,n682,29516,car
t3021,n437,n975,29517,car
t3022,n892,n1194,29520,car
t3023,n703,n957,29521,car
t3024,n288,n591,29522,car
t3025,n93,n640,29526,car
t3026,n408,n357,29529,car
t3027,n137,n131,29529,car
t3028,n350,n1074,29529,car
t3029,n1098,n156,29529,car
t3030,n600,n528,29530,car
t3031,n1192,n99,29533,car
t3032,n296,n424,29534,car
t3033,n200,n964,29535,car
t3034,n782,n1152,29537,car
t3035,n151,n1039,29540,car
t3036,n62,n294,29542,car
t3037,n701,n1039,29544,car
t3038,n835,n1136,29545,car
t3039,n1103,n352,29545,car
t3040,n961,n986,29546,car
t3041,n492,n574,29547,car
t3042,n890,n540,29549,car
t3043,n652,n640,29549,car
t3044,n1119,n1024,29550,car
t3045,n1213,n841,29550,car
t3046,n426,n1242,29551,car
t3047,n935,n80,29554,car
t3048,n66,n1184,29555,car
t3049,n349,n613,29555,car
t3050,n329,n337,29555,car
t3051,n239,n308,29559,car
t3052,n27,n21,29560,car
t3053,n218,n917,29561,car
t3054,n1091,n843,29561,car
t3055,n1073,n552,29561,car
t3056,n394,n420,29562,car
t3057,n1,n920,29563,car
t3058,n208,n226,29568,car
t3059,n288,n870,29569,car
t3060,n69,n1168,29571,car
t3061,n466,n57,29574,car
t3062,n1104,n1107,29575,car
t3063,n639,n588,29576,car
t3064,n61,n297,29577,car
t3065,n186,n503,29578,car
t3066,n987,n119,29579,car
t3067,n907,n930,29579,car
t3068,n920,n274,29579,car
t3069,n147,n1061,29579,car
t3070,n1091,n1159,29580,car
t3071,n111,n298,29584,car
t3072,n247,n510,29586,car
t3073,n433,n183,29588,car
t3074,n81,n299,29588,car
t3075,n215,n1102,29589,car
t3076,n867,n856,29591,car
t3077,n616,n640,29594,car
t3078,n699,n426,29595,car
t3079,n258,n433,29596,car
t3080,n582,n295,29598,car
t3081,n576,n692,29598,car
t3082,n800,n508,29598,car
t3083,n578,n250,29607,car
t3084,n979,n1069,29614,car
t3085,n827,n508,29614,car
t3086,n316,n169,29614,car
t3087,n721,n587,29614,car
t3088,n171,n283,29614,car
t3089,n114,n26,29616,car
t3090,n849,n646,29620,car
t3091,n934,n155,29620,car
t3092,n148,n515,29621,car
t3093,n927,n283,29621,car
t3094,n382,n872,29623,car
t3095,n756,n339,29624,car
t3096,n830,n29,29624,car
t3097,n963,n151,29633,car
t3098,n1074,n960,29634,car
t3099,n259,n189,29635,car
t3100,n476,n6,29639,car
t3101,n493,n359,29640,car
t3102,n770,n800,29641,car
t3103,n185,n391,29643,car
t3104,n830,n831,29644,car
t3105,n775,n283,29645,car
t3106,n458,n1151,29647,car
t3107,n49,n553,29647,car
t3108,n317,n1232,29648,car
t3109,n274,n699,29648,car
t3110,n937,n651,29649,car
t3111,n780,n39,29649,car
t3112,n457,n75,29650,car
t3113,n83,n1171,29659,car
t3114,n253,n107,29661,car
t3115,n552,n793,29661,car
t3116,n1065,n202,29666,car
t3117,n368,n354,29666,car
t3118,n584,n431,29667,car
t3119,n1094,n1084,29668,car
t3120,n281,n615,29668,car
t3121,n523,n992,29672,car
t3122,n550,n741,29673,car
t3123,n1234,n501,29673,car
t3124,n504,n44,29675,car
t3125,n635,n633,29676,car
t3126,n317,n1109,29676,car
t3127,n678,n789,29678,car
t3128,n206,n149,29679,car
t3129,n956,n305,29681,car
t3130,n810,n1220,29681,car
t3131,n460,n565,29681,car
t3132,n75,n314,29683,car
t3133,n302,n1080,29684,car
t3134,n252,n199,29687,car
t3135,n466,n323,29689,car
t3136,n929,n704,29690,car
t3137,n49,n958,29690,car
t3138,n172,n860,29693,car
t3139,n433,n176,29694,car
t3140,n535,n792,29694,car
t3141,n778,n795,29694,car
t3142,n817,n674,29695,car
t3143,n848,n641,29697,car
t3144,n920,n600,29698,car
t3145,n73,n968,29701,car
t3146,n871,n895,29702,car
t3147,n853,n967,29702,car
t3148,n929,n867,29703,car
t3149,n495,n565,29704,car
t3150,n833,n144,29706,car
t3151,n506,n756,29706,car
t3152,n957,n1216,29706,car
t3153,n199,n1114,29711,car
t3154,n285,n588,29711,car
t3155,n275,n306,29711,car
t3156,n985,n480,29712,car
t3157,n442,n46,29715,car
t3158,n756,n682,29716,car
t3159,n815,n894,29716,car
t3160,n338,n322,29717,car
t3161,n262,n267,29717,car
t3162,n250,n592,29718,car
t3163,n590,n828,29719,car
t3164,n452,n81,29723,car
t3165,n697,n365,29725,car
t3166,n438,n185,29727,car
t3167,n752,n1151,29729,car
t3168,n584,n593,29730,car
t3169,n43,n890,29730,car
t3170,n817,n837,29731,car
t3171,n229,n294,29740,car
t3172,n665,n660,29740,car
t3173,n1082,n472,29742,car
t3174,n1146,n223,29742,car
t3175,n855,n647,29747,car
t3176,n755,n603,29750,car
t3177,n1202,n499,29750,car
t3178,n1216,n949,29750,car
t3179,n563,n275,29751,car
t3180,n8,n139,29751,car
t3181,n120,n198,29751,car
t3182,n135,n290,29751,car
t3183,n780,n461,29753,car
t3184,n802,n546,29753,car
t3185,n746,n459,29753,car
t3186,n402,n239,29754,car
t3187,n847,n487,29757,car
t3188,n1201,n1089,29758,car
t3189,n139,n438,29758,car
t3190,n1119,n130,29760,car
t3191,n1193,n890,29768,car
t3192,n420,n160,29769,car
t3193,n164,n1059,29771,car
t3194,n377,n494,29771,car
t3195,n816,n127,29773,car
t3196,n1177,n442,29775,car
t3197,n336,n989,29780,car
t3198,n563,n585,29784,car
t3199,n791,n1149,29794,car
t3200,n583,n986,29796,car
t3201,n161,n818,29797,car
t3202,n383,n395,29799,car
t3203,n1225,n448,29801,car
t3204,n744,n493,29805,car
t3205,n663,n190,29806,car
t3206,n620,n314,29807,car
t3207,n1005,n1161,29808,car
t3208,n179,n946,29808,car
t3209,n1230,n987,29810,car
t3210,n987,n103,29812,car
t3211,n776,n679,29814,car
t3212,n1012,n330,29816,car
t3213,n978,n147,29819,car
t3214,n534,n320,29819,car
t3215,n663,n1089,29823,car
t3216,n1199,n602,29825,car
t3217,n344,n343,29825,car
t3218,n108,n988,29826,car
t3219,n385,n196,29827,car
t3220,n173,n184,29827,car
t3221,n808,n614,29828,car
t3222,n1159,n850,29831,car
t3223,n410,n372,29831,car
t3224,n696,n830,29831,car
t3225,n521,n767,29832,car
t3226,n577,n1083,29833,car
t3227,n163,n355,29837,car
t3228,n415,n950,29838,car
t3229,n594,n641,29840,car
t3230,n28,n54,29842,car
t3231,n911,n857,29843,car
t3232,n155,n1006,29844,car
t3233,n813,n887,29844,car
t3234,n955,n503,29847,car
t3235,n536,n90,29848,car
t3236,n127,n906,29849,car
t3237,n534,n1196,29850,car
t3238,n613,n784,29850,car
t3239,n24,n663,29851,car
t3240,n110,n490,29852,car
t3241,n1120,n270,29852,car
t3242,n179,n964,29857,car
t3243,n125,n1062,29857,car
t3244,n131,n1007,29858,car
t3245,n77,n742,29860,car
t3246,n61,n56,29860,car
t3247,n796,n691,29861,car
t3248,n541,n422,29864,car
t3249,n327,n976,29864,car
t3250,n1146,n1032,29867,car
t3251,n982,n253,29869,car
t3252,n93,n602,29869,car
t3253,n258,n1133,29870,car
t3254,n1233,n304,29870,car
t3255,n820,n803,29873,car
t3256,n604,n505,29875,car
t3257,n773,n319,29877,car
t3258,n977,n614,29878,car
t3259,n667,n447,29878,car
t3260,n234,n444,29880,car
t3261,n1165,n816,29881,car
t3262,n945,n159,29882,car
t3263,n898,n280,29882,car
t3264,n479,n165,29883,car
t3265,n250,n585,29885,car
t3266,n699,n121,29888,car
t3267,n569,n188,29891,car
t3268,n19,n1075,29891,car
t3269,n62,n599,29892,car
t3270,n926,n183,29893,car
t3271,n1010,n404,29895,car
t3272,n1158,n277,29897,car
t3273,n680,n465,29897,car
t3274,n658,n625,29897,car
t3275,n18,n628,29898,car
t3276,n907,n867,29898,car
t3277,n1207,n702,29902,car
t3278,n350,n574,29902,car
t3279,n545,n991,29906,car
t3280,n415,n641,29906,car
t3281,n589,n663,29907,car
t3282,n348,n19,29916,car
t3283,n522,n145,29917,car
t3284,n780,n962,29919,car
t3285,n619,n550,29926,car
t3286,n266,n631,29926,car
t3287,n335,n449,29927,car
t3288,n406,n357,29927,car
t3289,n152,n883,29928,car
t3290,n377,n436,29929,car
t3291,n24,n853,29930,car
t3292,n1004,n199,29932,car
t3293,n1119,n1176,29932,car
t3294,n7,n633,29932,car
t3295,n449,n1193,29935,car
t3296,n1217,n839,29938,car
t3297,n433,n192,29940,car
t3298,n791,n20,29941,car
t3299,n474,n73,29943,car
t3300,n790,n813,29945,car
t3301,n1227,n790,29946,car
t3302,n350,n477,29949,car
t3303,n563,n561,29950,car
t3304,n690,n757,29952,car
t3305,n1088,n375,29954,car
t3306,n237,n246,29958,car
t3307,n454,n879,29958,car
t3308,n1244,n204,29959,car
t3309,n236,n1069,29960,car
t3310,n80,n320,29963,car
t3311,n324,n389,29963,car
t3312,n1205,n345,29967,car
t3313,n194,n1088,29968,car
t3314,n121,n385,29970,car
t3315,n411,n373,29972,car
t3316,n470,n558,29974,car
t3317,n474,n486,29975,car
t3318,n783,n133,29978,car
t3319,n631,n948,29978,car
t3320,n274,n814,29979,car
t3321,n1016,n1164,29979,car
t3322,n178,n847,29980,car
t3323,n860,n1120,29982,car
t3324,n1222,n480,29983,car
t3325,n49,n31,29985,car
t3326,n114,n1110,29986,car
t3327,n1004,n973,29986,car
t3328,n139,n720,29988,car
t3329,n615,n813,29989,car
t3330,n633,n412,29990,car
t3331,n471,n1035,29991,car
t3332,n73,n463,29991,car
t3333,n433,n580,29992,car
t3334,n1044,n510,29992,car
t3335,n1144,n1166,29993,car
t3336,n236,n334,29993,car
t3337,n560,n957,29993,car
t3338,n811,n138,29995,car
t3339,n692,n987,29995,car
t3340,n532,n1147,30000,car
t3341,n421,n346,30000,car
t3342,n500,n759,30002,car
t3343,n458,n1071,30002,car
t3344,n149,n24,30003,car
t3345,n149,n483,30003,car
t3346,n1228,n817,30003,car
t3347,n807,n594,30004,car
t3348,n1156,n96,30004,car
t3349,n477,n747,30005,car
t3350,n244,n1120,30010,car
t3351,n348,n418,30010,car
t3352,n250,n812,30010,car
t3353,n1024,n667,30011,car
t3354,n274,n57,30011,car
t3355,n101,n1176,30012,car
t3356,n856,n946,30012,car
t3357,n24,n361,30015,car
t3358,n354,n989,30015,car
t3359,n1112,n612,30019,car
t3360,n356,n74,30020,car
t3361,n1114,n1106,30022,car
t3362,n691,n358,30022,car
t3363,n987,n1229,30023,car
t3364,n148,n442,30023,car
t3365,n113,n452,30025,car
t3366,n581,n1122,30028,car
t3367,n857,n1008,30028,car
t3368,n1187,n625,30030,car
t3369,n405,n417,30033,car
t3370,n47,n49,30034,car
t3371,n225,n669,30034,car
t3372,n307,n89,30035,car
t3373,n1129,n289,30038,car
t3374,n285,n1229,30039,car
t3375,n992,n750,30040,car
t3376,n995,n1096,30040,car
t3377,n139,n194,30041,car
t3378,n887,n813,30042,car
t3379,n274,n1006,30042,car
t3380,n78,n163,30042,car
t3381,n446,n626,30042,car
t3382,n352,n960,30043,car
t3383,n55,n633,30049,car
t3384,n944,n856,30050,car
t3385,n10,n964,30050,car
t3386,n442,n334,30053,car
t3387,n318,n30,30054,car
t3388,n343,n1183,30061,car
t3389,n196,n840,30064,car
t3390,n957,n1243,30068,car
t3391,n1217,n1033,30068,car
t3392,n864,n187,30070,car
t3393,n941,n785,30073,car
t3394,n341,n704,30074,car
t3395,n203,n904,30074,car
t3396,n902,n151,30076,car
t3397,n678,n770,30077,car
t3398,n437,n187,30078,car
t3399,n492,n583,30080,car
t3400,n766,n1199,30080,car
t3401,n589,n1149,30081,car
t3402,n632,n438,30083,car
t3403,n114,n241,30088,car
t3404,n604,n689,30091,car
t3405,n829,n976,30091,car
t3406,n152,n548,30093,car
t3407,n488,n1095,30093,car
t3408,n302,n289,30094,car
t3409,n247,n433,30095,car
t3410,n189,n706,30095,car
t3411,n1222,n481,30096,car
t3412,n1109,n310,30098,car
t3413,n622,n621,30098,car
t3414,n842,n1218,30101,car
t3415,n1156,n1042,30102,car
t3416,n155,n11,30103,car
t3417,n28,n412,30105,car
t3418,n510,n70,30106,car
t3419,n300,n1184,30107,car
t3420,n1128,n1088,30108,car
t3421,n705,n533,30109,car
t3422,n227,n343,30113,car
t3423,n45,n1026,30114,car
t3424,n268,n964,30115,car
t3425,n193,n217,30117,car
t3426,n679,n748,30119,car
t3427,n973,n274,30123,car
t3428,n208,n1115,30123,car
t3429,n702,n933,30127,car
t3430,n635,n143,30127,car
t3431,n8,n150,30130,car
t3432,n364,n1229,30130,car
t3433,n272,n1217,30130,car
t3434,n801,n377,30130,car
t3435,n493,n1134,30131,car
t3436,n859,n1129,30133,car
t3437,n112,n340,30134,car
t3438,n432,n111,30134,car
t3439,n1229,n404,30134,car
t3440,n782,n1026,30139,car
t3441,n901,n227,30143,car
t3442,n563,n994,30145,car
t3443,n200,n339,30147,car
t3444,n15,n17,30151,car
t3445,n10,n57,30152,car
t3446,n1015,n21,30152,car
t3447,n322,n991,30153,car
t3448,n1083,n1010,30153,car
t3449,n507,n677,30154,car
t3450,n414,n293,30154,car
t3451,n985,n199,30156,car
t3452,n727,n611,30158,car
t3453,n415,n382,30158,car
t3454,n691,n48,30159,car
t3455,n932,n907,30163,car
t3456,n975,n432,30164,car
t3457,n1184,n820,30164,car
t3458,n145,n237,30164,car
t3459,n374,n367,30164,car
t3460,n451,n746,30168,car
t3461,n921,n161,30168,car
t3462,n267,n865,30169,car
t3463,n964,n237,30170,car
t3464,n1217,n1111,30171,car
t3465,n973,n11,30172,car
t3466,n1063,n12,30173,car
t3467,n1023,n463,30173,car
t3468,n37,n858,30174,car
t3469,n750,n241,30175,car
t3470,n979,n900,30178,car
t3471,n24,n624,30178,car
t3472,n387,n1079,30179,car
t3473,n467,n266,30182,car
t3474,n11,n531,30182,car
t3475,n155,n583,30183,car
t3476,n933,n873,30184,car
t3477,n841,n620,30184,car
t3478,n108,n549,30187,car
t3479,n106,n516,30198,car
t3480,n702,n196,30200,car
t3481,n950,n857,30200,car
t3482,n641,n1140,30203,car
t3483,n996,n182,30203,car
t3484,n668,n19,30203,car
t3485,n213,n325,30205,car
t3486,n844,n849,30205,car
t3487,n1027,n202,30207,car
t3488,n802,n676,30207,car
t3489,n712,n46,30210,car
t3490,n56,n19,30210,car
t3491,n213,n92,30211,car
t3492,n504,n740,30212,car
t3493,n639,n1219,30215,car
t3494,n381,n486,30216,car
t3495,n435,n745,30216,car
t3496,n784,n1200,30217,car
t3497,n392,n515,30218,car
t3498,n130,n659,30219,car
t3499,n987,n741,30219,car
t3500,n892,n572,30220,car
t3501,n854,n938,30222,car
t3502,n919,n116,30222,car
t3503,n559,n342,30224,car
t3504,n252,n549,30225,car
t3505,n357,n449,30226,car
t3506,n189,n1134,30226,car
t3507,n907,n667,30227,car
t3508,n893,n128,30228,car
t3509,n232,n282,30230,car
t3510,n1122,n996,30230,car
t3511,n892,n692,30231,car
t3512,n1218,n1151,30232,car
t3513,n229,n59,30234,car
t3514,n251,n983,30237,car
t3515,n985,n540,30238,car
t3516,n373,n408,30238,car
t3517,n1172,n603,30240,car
t3518,n1231,n94,30241,car
t3519,n444,n144,30242,car
t3520,n879,n1230,30244,car
t3521,n24,n162,30248,car
t3522,n557,n207,30248,car
t3523,n245,n885,30249,car
t3524,n697,n77,30249,car
t3525,n595,n1063,30249,car
t3526,n1179,n607,30250,car
t3527,n785,n333,30252,car
t3528,n273,n29,30253,car
t3529,n860,n1191,30253,car
t3530,n1093,n1148,30253,car
t3531,n813,n1013,30255,car
t3532,n964,n179,30256,car
t3533,n1038,n1199,30257,car
t3534,n73,n1171,30257,car
t3535,n546,n18,30258,car
t3536,n604,n685,30259,car
t3537,n238,n119,30263,car
t3538,n1093,n352,30265,car
t3539,n384,n1091,30265,car
t3540,n44,n775,30265,car
t3541,n11,n359,30266,car
t3542,n416,n32,30266,car
t3543,n891,n460,30268,car
t3544,n254,n691,30270,car
t3545,n6,n397,30272,car
t3546,n489,n472,30272,car
t3547,n1164,n693,30272,car
t3548,n477,n310,30273,car
t3549,n501,n460,30274,car
t3550,n1213,n700,30274,car
t3551,n1230,n667,30274,car
t3552,n562,n676,30280,car
t3553,n373,n1023,30280,car
t3554,n751,n248,30283,car
t3555,n242,n334,30285,car
t3556,n232,n1029,30285,car
t3557,n563,n331,30286,car
t3558,n336,n328,30287,car
t3559,n192,n1134,30289,car
t3560,n129,n254,30289,car
t3561,n407,n494,30291,car
t3562,n833,n929,30296,car
t3563,n419,n475,30296,car
t3564,n781,n137,30298,car
t3565,n752,n507,30300,car
t3566,n821,n883,30301,car
t3567,n252,n530,30302,car
t3568,n454,n176,30303,car
t3569,n9,n1068,30304,car
t3570,n127,n1172,30306,car
t3571,n675,n798,30309,car
t3572,n924,n341,30310,car
t3573,n869,n1199,30310,car
t3574,n1186,n974,30311,car
t3575,n554,n283,30311,car
t3576,n186,n253,30312,car
t3577,n239,n199,30313,car
t3578,n198,n251,30314,car
t3579,n883,n80,30317,car
t3580,n934,n1116,30318,car
t3581,n210,n228,30319,car
t3582,n428,n351,30321,car
t3583,n428,n288,30325,car
t3584,n185,n149,30325,car
t3585,n1160,n148,30327,car
t3586,n794,n1041,30327,car
t3587,n596,n535,30328,car
t3588,n80,n75,30328,car
t3589,n584,n101,30329,car
t3590,n1209,n11,30335,car
t3591,n800,n505,30335,car
t3592,n430,n932,30337,car
t3593,n614,n629,30337,car
t3594,n1175,n933,30337,car
t3595,n1235,n995,30340,car
t3596,n644,n667,30341,car
t3597,n493,n68,30343,car
t3598,n1060,n1165,30343,car
t3599,n54,n301,30345,car
t3600,n271,n272,30345,car
t3601,n1216,n658,30346,car
t3602,n39,n218,30350,car
t3603,n525,n190,30350,car
t3604,n140,n595,30353,car
t3605,n1226,n966,30356,car
t3606,n500,n240,30358,car
t3607,n590,n673,30358,car
t3608,n860,n867,30358,car
t3609,n293,n628,30358,car
t3610,n718,n495,30359,car
t3611,n71,n90,30359,car
t3612,n856,n1148,30364,car
t3613,n583,n1004,30367,car
t3614,n756,n238,30367,car
t3615,n683,n671,30368,car
t3616,n864,n393,30369,car
t3617,n598,n125,30371,car
t3618,n849,n1006,30371,car
t3619,n1059,n550,30371,car
t3620,n937,n723,30372,car
t3621,n105,n874,30373,car
t3622,n192,n704,30375,car
t3623,n506,n61,30379,car
t3624,n949,n421,30379,car
t3625,n517,n688,30381,car
t3626,n437,n211,30382,car
t3627,n756,n54,30383,car
t3628,n126,n957,30385,car
t3629,n60,n1144,30386,car
t3630,n1230,n46,30387,car
t3631,n818,n1075,30387,car
t3632,n18,n12,30387,car
t3633,n205,n580,30388,car
t3634,n42,n40,30388,car
t3635,n1236,n258,30389,car
t3636,n766,n588,30391,car
t3637,n348,n1170,30393,car
t3638,n1069,n682,30393,car
t3639,n719,n419,30393,car
t3640,n660,n858,30395,car
t3641,n220,n1173,30395,car
t3642,n234,n681,30397,car
t3643,n183,n1129,30397,car
t3644,n459,n741,30398,car
t3645,n1055,n1194,30399,car
t3646,n295,n1089,30399,car
t3647,n428,n586,30404,car
t3648,n1073,n290,30405,car
t3649,n1119,n475,30407,car
t3650,n807,n149,30408,car
t3651,n330,n545,30410,car
t3652,n642,n332,30410,car
t3653,n460,n759,30413,car
t3654,n420,n731,30415,car
t3655,n1231,n498,30416,car
t3656,n830,n256,30417,car
t3657,n1218,n684,30418,car
t3658,n57,n690,30419,car
t3659,n143,n350,30419,car
t3660,n310,n294,30420,car
t3661,n365,n883,30423,car
t3662,n493,n568,30427,car
t3663,n925,n669,30429,car
t3664,n206,n366,30430,car
t3665,n685,n1079,30431,car
t3666,n362,n374,30431,car
t3667,n363,n566,30432,car
t3668,n1089,n170,30432,car
t3669,n997,n1058,30433,car
t3670,n987,n1182,30434,car
t3671,n1173,n285,30435,car
t3672,n425,n391,30439,car
t3673,n363,n964,30440,car
t3674,n154,n1144,30444,car
t3675,n907,n641,30447,car
t3676,n225,n1200,30448,car
t3677,n1205,n631,30448,car
t3678,n882,n1086,30448,car
t3679,n1203,n1103,30453,car
t3680,n237,n442,30456,car
t3681,n8,n321,30458,car
t3682,n154,n36,30458,car
t3683,n267,n598,30459,car
t3684,n305,n249,30459,car
t3685,n826,n1155,30461,car
t3686,n1057,n134,30462,car
t3687,n1001,n121,30462,car
t3688,n699,n920,30462,car
t3689,n326,n390,30462,car
t3690,n485,n1235,30465,car
t3691,n949,n696,30466,car
t3692,n473,n92,30467,car
t3693,n423,n929,30467,car
t3694,n888,n104,30471,car
t3695,n422,n154,30472,car
t3696,n590,n732,30480,car
t3697,n435,n189,30480,car
t3698,n478,n112,30482,car
t3699,n536,n36,30487,car
t3700,n1201,n189,30487,car
t3701,n158,n647,30488,car
t3702,n884,n142,30491,car
t3703,n236,n246,30493,car
t3704,n1108,n8,30493,car
t3705,n491,n639,30494,car
t3706,n719,n1105,30496,car
t3707,n1071,n991,30496,car
t3708,n12,n706,30497,car
t3709,n416,n671,30501,car
t3710,n476,n1027,30501,car
t3711,n374,n482,30503,car
t3712,n1098,n277,30507,car
t3713,n149,n928,30508,car
t3714,n75,n67,30508,car
t3715,n991,n50,30509,car
t3716,n71,n1169,30510,car
t3717,n962,n867,30511,car
t3718,n128,n29,30515,car
t3719,n908,n856,30517,car
t3720,n615,n901,30517,car
t3721,n818,n144,30518,car
t3722,n40,n680,30518,car
t3723,n921,n647,30523,car
t3724,n306,n254,30524,car
t3725,n327,n160,30524,car
t3726,n652,n140,30524,car
t3727,n948,n977,30525,car
t3728,n1182,n331,30528,car
t3729,n164,n1054,30529,car
t3730,n1032,n22,30532,car
t3731,n163,n1091,30533,car
t3732,n164,n149,30536,car
t3733,n531,n877,30540,car
t3734,n284,n849,30540,car
t3735,n392,n712,30542,car
t3736,n9,n525,30542,car
t3737,n178,n163,30544,car
t3738,n920,n599,30544,car
t3739,n556,n762,30551,car
t3740,n888,n1178,30554,car
t3741,n1015,n37,30554,car
t3742,n675,n846,30554,car
t3743,n947,n524,30556,car
t3744,n69,n805,30558,car
t3745,n642,n1109,30559,car
t3746,n562,n736,30560,car
t3747,n1008,n1004,30561,car
t3748,n652,n251,30561,car
t3749,n1040,n23,30563,car
t3750,n381,n489,30566,car
t3751,n855,n938,30570,car
t3752,n368,n374,30570,car
t3753,n38,n503,30575,car
t3754,n619,n631,30576,car
t3755,n77,n526,30576,car
t3756,n371,n1001,30576,car
t3757,n530,n1200,30579,car
t3758,n593,n474,30580,car
t3759,n153,n777,30581,car
t3760,n657,n592,30583,car
t3761,n247,n106,30583,car
t3762,n227,n1111,30585,car
t3763,n478,n21,30588,car
t3764,n841,n693,30589,car
t3765,n700,n957,30591,car
t3766,n981,n1168,30595,car
t3767,n183,n391,30596,car
t3768,n759,n802,30597,car
t3769,n1181,n848,30597,car
t3770,n1010,n848,30597,car
t3771,n101,n1146,30598,car
t3772,n229,n1049,30598,car
t3773,n256,n17,30599,car
t3774,n211,n338,30611,car
t3775,n1167,n49,30612,car
t3776,n493,n1103,30614,car
t3777,n419,n294,30615,car
t3778,n799,n1115,30616,car
t3779,n178,n328,30616,car
t3780,n689,n534,30617,car
t3781,n487,n1088,30618,car
t3782,n121,n864,30620,car
t3783,n748,n758,30621,car
t3784,n435,n434,30624,car
t3785,n385,n1001,30625,car
t3786,n390,n912,30626,car
t3787,n645,n121,30627,car
t3788,n183,n553,30633,car
t3789,n1122,n156,30636,car
t3790,n1226,n1181,30637,car
t3791,n538,n313,30638,car
t3792,n301,n594,30642,car
t3793,n76,n464,30643,car
t3794,n753,n1124,30652,car
t3795,n487,n730,30652,car
t3796,n219,n93,30655,car
t3797,n75,n222,30656,car
t3798,n379,n332,30657,car
t3799,n829,n971,30661,car
t3800,n632,n1082,30662,car
t3801,n753,n381,30666,car
t3802,n199,n984,30667,car
t3803,n1001,n132,30668,car
t3804,n927,n4,30669,car
t3805,n429,n1077,30672,car
t3806,n622,n326,30673,car
t3807,n125,n181,30674,car
t3808,n315,n742,30674,car
t3809,n285,n640,30675,car
t3810,n314,n1217,30675,car
t3811,n653,n634,30679,car
t3812,n817,n350,30682,car
t3813,n428,n317,30682,car
t3814,n499,n480,30686,car
t3815,n47,n295,30686,car
t3816,n1232,n626,30687,car
t3817,n524,n785,30688,car
t3818,n213,n435,30688,car
t3819,n947,n882,30689,car
t3820,n169,n725,30690,car
t3821,n760,n522,30694,car
t3822,n268,n1038,30696,car
t3823,n1018,n1140,30699,car
t3824,n446,n719,30701,car
t3825,n1243,n268,30702,car
t3826,n956,n739,30702,car
t3827,n645,n285,30702,car
t3828,n769,n754,30703,car
t3829,n201,n375,30703,car
t3830,n507,n510,30704,car
t3831,n736,n1016,30707,car
t3832,n138,n478,30708,car
t3833,n1213,n265,30708,car
t3834,n872,n493,30712,car
t3835,n708,n640,30714,car
t3836,n186,n337,30714,car
t3837,n396,n428,30715,car
t3838,n1225,n847,30716,car
t3839,n1095,n1094,30718,car
t3840,n851,n1217,30718,car
t3841,n907,n469,30721,car
t3842,n411,n585,30722,car
t3843,n1028,n84,30722,car
t3844,n683,n890,30728,car
t3845,n1025,n532,30728,car
t3846,n248,n238,30734,car
t3847,n177,n679,30735,car
t3848,n395,n574,30735,car
t3849,n1182,n611,30740,car
t3850,n1108,n1115,30741,car
t3851,n425,n433,30741,car
t3852,n550,n1080,30742,car
t3853,n437,n1071,30742,car
t3854,n175,n441,30744,car
t3855,n631,n489,30744,car
t3856,n176,n1176,30744,car
t3857,n688,n505,30745,car
t3858,n119,n1191,30745,car
t3859,n1198,n1121,30747,car
t3860,n522,n991,30748,car
t3861,n814,n230,30749,car
t3862,n167,n529,30749,car
t3863,n857,n645,30757,car
t3864,n226,n366,30760,car
t3865,n52,n113,30761,car
t3866,n685,n55,30762,car
t3867,n578,n588,30765,car
t3868,n779,n892,30765,car
t3869,n1026,n11,30766,car
t3870,n1027,n244,30768,car
t3871,n283,n1145,30768,car
t3872,n876,n856,30772,car
t3873,n233,n43,30774,car
t3874,n460,n615,30779,car
t3875,n786,n228,30784,car
t3876,n300,n385,30786,car
t3877,n203,n92,30789,car
t3878,n80,n280,30790,car
t3879,n655,n652,30792,car
t3880,n162,n926,30792,car
t3881,n543,n283,30796,car
t3882,n146,n384,30796,car
t3883,n693,n798,30798,car
t3884,n106,n445,30798,car
t3885,n1114,n337,30800,car
t3886,n1186,n388,30802,car
t3887,n681,n1124,30804,car
t3888,n326,n436,30804,car
t3889,n423,n6,30804,car
t3890,n658,n703,30810,car
t3891,n1094,n1096,30810,car
t3892,n856,n1051,30810,car
t3893,n8,n954,30811,car
t3894,n1032,n1146,30811,car
t3895,n1141,n1001,30813,car
t3896,n383,n760,30815,car
t3897,n161,n1119,30818,car
t3898,n398,n346,30820,car
t3899,n828,n591,30822,car
t3900,n321,n697,30825,car
t3901,n903,n871,30825,car
t3902,n869,n970,30826,car
t3903,n575,n1214,30827,car
t3904,n620,n605,30827,car
t3905,n400,n697,30829,car
t3906,n825,n1158,30830,car
t3907,n1196,n89,30836,car
t3908,n677,n551,30841,car
t3909,n300,n1072,30842,car
t3910,n653,n149,30843,car
t3911,n369,n1185,30843,car
t3912,n952,n121,30844,car
t3913,n618,n526,30844,car
t3914,n117,n608,30845,car
t3915,n1000,n326,30846,car
t3916,n331,n106,30850,car
t3917,n361,n1022,30851,car
t3918,n821,n301,30851,car
t3919,n580,n654,30853,car
t3920,n689,n83,30854,car
t3921,n416,n957,30859,car
t3922,n31,n394,30860,car
t3923,n451,n304,30865,car
t3924,n1187,n762,30865,car
t3925,n871,n374,30868,car
t3926,n624,n138,30869,car
t3927,n752,n710,30871,car
t3928,n486,n727,30871,car
t3929,n904,n872,30872,car
t3930,n264,n1215,30872,car
t3931,n355,n583,30874,car
t3932,n86,n88,30875,car
t3933,n904,n884,30876,car
t3934,n568,n842,30877,car
t3935,n723,n381,30878,car
t3936,n288,n633,30879,car
t3937,n454,n1177,30880,car
t3938,n422,n587,30882,car
t3939,n507,n676,30882,car
t3940,n19,n318,30883,car
t3941,n70,n907,30884,car
t3942,n50,n446,30890,car
t3943,n591,n1130,30891,car
t3944,n301,n486,30892,car
t3945,n520,n86,30894,car
t3946,n43,n554,30895,car
t3947,n287,n633,30900,car
t3948,n185,n768,30901,car
t3949,n47,n792,30903,car
t3950,n757,n426,30904,car
t3951,n415,n842,30906,car
t3952,n948,n720,30907,car
t3953,n1056,n929,30909,car
t3954,n1127,n1068,30913,car
t3955,n1142,n613,30915,car
t3956,n1231,n538,30917,car
t3957,n1091,n612,30922,car
t3958,n891,n544,30925,car
t3959,n1141,n188,30925,car
t3960,n477,n262,30927,car
t3961,n390,n249,30929,car
t3962,n1168,n535,30931,car
t3963,n957,n1034,30932,car
t3964,n244,n1027,30935,car
t3965,n148,n117,30936,car
t3966,n532,n904,30937,car
t3967,n885,n212,30938,car
t3968,n129,n745,30939,car
t3969,n80,n796,30940,car
t3970,n364,n421,30940,car
t3971,n588,n381,30941,car
t3972,n309,n576,30941,car
t3973,n1056,n975,30942,car
t3974,n384,n488,30945,car
t3975,n101,n224,30950,car
t3976,n156,n925,30951,car
t3977,n225,n665,30953,car
t3978,n146,n424,30953,car
t3979,n635,n633,30954,car
t3980,n173,n174,30954,car
t3981,n1115,n1049,30955,car
t3982,n705,n161,30955,car
t3983,n1152,n300,30959,car
t3984,n402,n1035,30959,car
t3985,n974,n875,30960,car
t3986,n930,n456,30963,car
t3987,n643,n532,30968,car
t3988,n1225,n805,30969,car
t3989,n396,n502,30971,car
t3990,n846,n378,30973,car
t3991,n211,n1198,30975,car
t3992,n180,n158,30975,car
t3993,n512,n1083,30978,car
t3994,n754,n556,30980,car
t3995,n766,n506,30981,car
t3996,n980,n198,30985,car
t3997,n1133,n210,30986,car
t3998,n1006,n1120,30987,car
t3999,n388,n1135,30988,car
t4000,n1031,n894,30988,car
t4001,n1066,n88,30988,car
t4002,n830,n902,30989,car
t4003,n632,n278,30990,car
t4004,n56,n31,30992,car
t4005,n1079,n875,30992,car
t4006,n163,n170,30993,car
t4007,n522,n554,30994,car
t4008,n1218,n439,30998,car
t4009,n306,n70,30998,car
t4010,n612,n757,30999,car
t4011,n69,n1195,31000,car
t4012,n12,n1025,31001,car
t4013,n402,n924,31002,car
t4014,n1090,n206,31002,car
t4015,n326,n605,31003,car
t4016,n157,n560,31003,car
t4017,n1215,n654,31003,car
t4018,n721,n109,31007,car
t4019,n89,n91,31007,car
t4020,n678,n198,31007,car
t4021,n164,n438,31012,car
t4022,n920,n1109,31012,car
t4023,n1218,n612,31012,car
t4024,n697,n920,31013,car
t4025,n372,n689,31014,car
t4026,n84,n788,31019,car
t4027,n912,n1004,31025,car
t4028,n622,n180,31025,car
t4029,n1078,n150,31027,car
t4030,n402,n481,31027,car
t4031,n552,n1145,31031,car
t4032,n840,n130,31031,car
t4033,n1161,n1204,31033,car
t4034,n116,n280,31033,car
t4035,n585,n576,31034,car
t4036,n758,n1169,31034,car
t4037,n229,n1084,31037,car
t4038,n1200,n642,31037,car
t4039,n499,n743,31040,car
t4040,n1078,n1067,31041,car
t4041,n239,n112,31044,car
t4042,n76,n838,31044,car
t4043,n176,n187,31046,car
t4044,n741,n549,31049,car
t4045,n1009,n1096,31050,car
t4046,n433,n643,31051,car
t4047,n334,n565,31054,car
t4048,n1159,n820,31055,car
t4049,n1113,n1223,31056,car
t4050,n644,n39,31056,car
t4051,n1130,n732,31057,car
t4052,n520,n371,31058,car
t4053,n201,n1035,31062,car
t4054,n407,n666,31063,car
t4055,n129,n459,31069,car
t4056,n209,n720,31073,car
t4057,n932,n641,31074,car
t4058,n667,n908,31074,car
t4059,n1233,n819,31076,car
t4060,n786,n32,31077,car
t4061,n1113,n335,31077,car
t4062,n272,n1034,31078,car
t4063,n673,n802,31079,car
t4064,n864,n1225,31080,car
t4065,n546,n62,31080,car
t4066,n928,n903,31085,car
t4067,n336,n775,31086,car
t4068,n868,n320,31086,car
t4069,n877,n50,31088,car
t4070,n69,n1063,31089,car
t4071,n1058,n832,31091,car
t4072,n246,n1200,31091,car
t4073,n1021,n623,31092,car
t4074,n660,n1025,31092,car
t4075,n1242,n330,31094,car
t4076,n858,n703,31094,car
t4077,n643,n74,31095,car
t4078,n1224,n196,31095,car
t4079,n756,n961,31096,car
t4080,n1149,n467,31096,car
t4081,n591,n293,31098,car
t4082,n96,n301,31099,car
t4083,n812,n355,31102,car
t4084,n1148,n39,31103,car
t4085,n506,n245,31104,car
t4086,n375,n910,31105,car
t4087,n390,n394,31108,car
t4088,n320,n1232,31108,car
t4089,n19,n628,31110,car
t4090,n384,n534,31111,car
t4091,n353,n784,31112,car
t4092,n1130,n642,31112,car
t4093,n723,n1053,31113,car
t4094,n710,n135,31115,car
t4095,n1157,n142,31115,car
t4096,n400,n1209,31116,car
t4097,n907,n158,31116,car
t4098,n587,n436,31118,car
t4099,n337,n1018,31120,car
t4100,n472,n1103,31120,car
t4101,n337,n764,31122,car
t4102,n777,n748,31123,car
t4103,n765,n1104,31125,car
t4104,n987,n956,31127,car
t4105,n724,n591,31130,car
t4106,n355,n1077,31130,car
t4107,n799,n694,31131,car
t4108,n209,n106,31131,car
t4109,n50,n906,31133,car
t4110,n594,n1231,31137,car
t4111,n581,n273,31139,car
t4112,n14,n576,31139,car
t4113,n591,n636,31140,car
t4114,n447,n175,31140,car
t4115,n991,n894,31142,car
t4116,n918,n901,31142,car
t4117,n239,n1071,31143,car
t4118,n869,n467,31145,car
t4119,n645,n202,31146,car
t4120,n912,n1033,31151,car
t4121,n179,n1022,31156,car
t4122,n1124,n748,31156,car
t4123,n194,n193,31163,car
t4124,n945,n327,31164,car
t4125,n1126,n125,31166,car
t4126,n1092,n352,31168,car
t4127,n334,n84,31169,car
t4128,n599,n323,31169,car
t4129,n345,n1187,31170,car
t4130,n500,n682,31172,car
t4131,n785,n12,31177,car
t4132,n924,n932,31177,car
t4133,n505,n632,31177,car
t4134,n6,n401,31179,car
t4135,n653,n289,31180,car
t4136,n680,n105,31181,car
t4137,n164,n900,31181,car
t4138,n821,n280,31183,car
t4139,n210,n614,31183,car
t4140,n410,n490,31185,car
t4141,n1133,n258,31185,car
t4142,n800,n55,31188,car
t4143,n144,n996,31189,car
t4144,n753,n766,31194,car
t4145,n355,n373,31195,car
t4146,n387,n423,31195,car
t4147,n74,n464,31195,car
t4148,n755,n308,31197,car
t4149,n886,n521,31198,car
t4150,n1034,n69,31198,car
t4151,n353,n1239,31198,car
t4152,n19,n769,31198,car
t4153,n851,n669,31200,car
t4154,n159,n937,31200,car
t4155,n454,n226,31201,car
t4156,n1198,n414,31207,car
t4157,n604,n88,31207,car
t4158,n1132,n341,31207,car
t4159,n389,n1060,31207,car
t4160,n195,n1088,31208,car
t4161,n305,n589,31208,car
t4162,n1042,n662,31209,car
t4163,n870,n88,31210,car
t4164,n133,n434,31211,car
t4165,n1224,n191,31212,car
t4166,n1110,n471,31215,car
t4167,n331,n108,31215,car
t4168,n148,n440,31215,car
t4169,n536,n969,31216,car
t4170,n686,n450,31220,car
t4171,n575,n590,31221,car
t4172,n730,n422,31221,car
t4173,n742,n1222,31226,car
t4174,n182,n1229,31227,car
t4175,n576,n375,31227,car
t4176,n452,n81,31228,car
t4177,n490,n732,31230,car
t4178,n1138,n1006,31230,car
t4179,n316,n119,31231,car
t4180,n848,n657,31232,car
t4181,n413,n734,31235,car
t4182,n186,n306,31235,car
t4183,n500,n1150,31235,car
t4184,n35,n49,31237,car
t4185,n420,n230,31237,car
t4186,n852,n429,31238,car
t4187,n1154,n936,31238,car
t4188,n274,n287,31238,car
t4189,n297,n84,31239,car
t4190,n876,n856,31244,car
t4191,n520,n1160,31245,car
t4192,n849,n967,31246,car
t4193,n469,n564,31247,car
t4194,n395,n422,31254,car
t4195,n306,n331,31255,car
t4196,n325,n661,31258,car
t4197,n202,n1121,31264,car
t4198,n769,n462,31265,car
t4199,n1035,n472,31265,car
t4200,n237,n146,31267,car
t4201,n621,n1008,31269,car
t4202,n631,n592,31275,car
t4203,n742,n657,31275,car
t4204,n975,n768,31276,car
t4205,n633,n302,31277,car
t4206,n93,n1163,31278,car
t4207,n439,n524,31281,car
t4208,n313,n1006,31283,car
t4209,n157,n316,31285,car
t4210,n737,n980,31286,car
t4211,n869,n605,31286,car
t4212,n319,n1037,31289,car
t4213,n1141,n73,31289,car
t4214,n563,n365,31290,car
t4215,n847,n935,31290,car
t4216,n199,n148,31291,car
t4217,n519,n761,31292,car
t4218,n976,n552,31293,car
t4219,n401,n293,31294,car
t4220,n113,n686,31305,car
t4221,n141,n656,31306,car
t4222,n242,n501,31308,car
t4223,n285,n160,31309,car
t4224,n850,n851,31310,car
t4225,n493,n470,31312,car
t4226,n60,n10,31312,car
t4227,n7,n209,31315,car
t4228,n1015,n473,31316,car
t4229,n171,n80,31319,car
t4230,n1015,n535,31320,car
t4231,n670,n85,31322,car
t4232,n748,n459,31323,car
t4233,n103,n616,31325,car
t4234,n1018,n135,31326,car
t4235,n1052,n398,31326,car
t4236,n109,n111,31327,car
t4237,n1001,n991,31328,car
t4238,n597,n1138,31330,car
t4239,n370,n147,31332,car
t4240,n554,n283,31334,car
t4241,n310,n355,31335,car
t4242,n736,n1232,31335,car
t4243,n848,n1005,31336,car
t4244,n438,n591,31337,car
t4245,n584,n754,31340,car
t4246,n1221,n720,31341,car
t4247,n536,n99,31343,car
t4248,n656,n830,31344,car
t4249,n1205,n910,31344,car
t4250,n872,n624,31344,car
t4251,n35,n704,31345,car
t4252,n343,n488,31345,car
t4253,n83,n917,31345,car
t4254,n213,n360,31347,car
t4255,n588,n7,31347,car
t4256,n816,n1030,31350,car
t4257,n701,n1009,31350,car
t4258,n176,n437,31352,car
t4259,n196,n650,31352,car
t4260,n99,n222,31352,car
t4261,n347,n449,31354,car
t4262,n339,n772,31357,car
t4263,n1215,n701,31357,car
t4264,n589,n587,31359,car
t4265,n962,n902,31361,car
t4266,n403,n851,31366,car
t4267,n485,n425,31371,car
t4268,n1171,n297,31374,car
t4269,n433,n572,31375,car
t4270,n698,n385,31376,car
t4271,n514,n843,31383,car
t4272,n920,n699,31384,car
t4273,n89,n65,31387,car
t4274,n1025,n465,31387,car
t4275,n724,n426,31387,car
t4276,n738,n839,31388,car
t4277,n169,n200,31389,car
t4278,n1221,n410,31390,car
t4279,n88,n896,31391,car
t4280,n250,n206,31391,car
t4281,n632,n290,31391,car
t4282,n849,n387,31393,car
t4283,n601,n794,31394,car
t4284,n563,n651,31394,car
t4285,n844,n387,31396,car
t4286,n338,n934,31399,car
t4287,n207,n214,31400,car
t4288,n1075,n287,31401,car
t4289,n408,n15,31401,car
t4290,n441,n1103,31402,car
t4291,n471,n1111,31402,car
t4292,n476,n350,31404,car
t4293,n620,n197,31404,car
t4294,n463,n625,31405,car
t4295,n116,n506,31405,car
t4296,n352,n363,31406,car
t4297,n666,n705,31406,car
t4298,n153,n1021,31407,car
t4299,n918,n751,31409,car
t4300,n7,n1167,31409,car
t4301,n338,n60,31410,car
t4302,n790,n1044,31411,car
t4303,n38,n295,31413,car
t4304,n572,n491,31413,car
t4305,n658,n323,31414,car
t4306,n356,n309,31416,car
t4307,n1021,n909,31417,car
t4308,n476,n310,31417,car
t4309,n847,n940,31418,car
t4310,n79,n50,31418,car
t4311,n607,n145,31420,car
t4312,n653,n635,31421,car
t4313,n244,n855,31423,car
t4314,n268,n645,31423,car
t4315,n424,n1189,31423,car
t4316,n1008,n1217,31425,car
t4317,n1157,n960,31425,car
t4318,n76,n388,31427,car
t4319,n625,n707,31429,car
t4320,n33,n277,31430,car
t4321,n1040,n1230,31431,car
t4322,n234,n279,31435,car
t4323,n1047,n15,31435,car
t4324,n124,n621,31436,car
t4325,n283,n450,31437,car
t4326,n100,n1205,31439,car
t4327,n173,n163,31439,car
t4328,n1241,n990,31442,car
t4329,n651,n978,31443,car
t4330,n92,n1146,31443,car
t4331,n56,n471,31445,car
t4332,n292,n641,31446,car
t4333,n751,n555,31446,car
t4334,n467,n218,31446,car
t4335,n656,n385,31451,car
t4336,n67,n796,31452,car
t4337,n908,n851,31455,car
t4338,n336,n688,31455,car
t4339,n116,n109,31458,car
t4340,n447,n931,31459,car
t4341,n873,n928,31460,car
t4342,n773,n232,31460,car
t4343,n420,n939,31461,car
t4344,n552,n540,31463,car
t4345,n354,n717,31464,car
t4346,n1198,n212,31464,car
t4347,n238,n77,31465,car
t4348,n380,n521,31466,car
t4349,n15,n447,31466,car
t4350,n507,n51,31467,car
t4351,n477,n243,31470,car
t4352,n50,n127,31471,car
t4353,n90,n687,31472,car
t4354,n757,n201,31473,car
t4355,n611,n1185,31473,car
t4356,n288,n1236,31475,car
t4357,n72,n73,31479,car
t4358,n740,n416,31479,car
t4359,n605,n822,31479,car
t4360,n93,n529,31484,car
t4361,n231,n804,31486,car
t4362,n918,n905,31486,car
t4363,n594,n752,31490,car
t4364,n1083,n838,31491,car
t4365,n800,n563,31491,car
t4366,n934,n196,31492,car
t4367,n1008,n72,31492,car
t4368,n208,n593,31497,car
t4369,n920,n1237,31498,car
t4370,n173,n1059,31499,car
t4371,n872,n1236,31500,car
t4372,n176,n1101,31500,car
t4373,n246,n108,31501,car
t4374,n629,n440,31504,car
t4375,n25,n575,31505,car
t4376,n451,n304,31505,car
t4377,n1055,n371,31505,car
t4378,n412,n641,31507,car
t4379,n298,n66,31507,car
t4380,n221,n1100,31508,car
t4381,n156,n574,31509,car
t4382,n596,n243,31509,car
t4383,n12,n170,31509,car
t4384,n1047,n64,31511,car
t4385,n394,n641,31514,car
t4386,n1153,n675,31514,car
t4387,n846,n450,31516,car
t4388,n795,n1121,31516,car
t4389,n145,n981,31518,car
t4390,n113,n478,31518,car
t4391,n803,n552,31521,car
t4392,n77,n221,31521,car
t4393,n675,n487,31521,car
t4394,n145,n285,31522,car
t4395,n1,n503,31522,car
t4396,n1161,n1152,31523,car
t4397,n331,n541,31523,car
t4398,n1036,n551,31527,car
t4399,n109,n506,31530,car
t4400,n793,n789,31535,car
t4401,n688,n207,31535,car
t4402,n215,n592,31536,car
t4403,n424,n549,31537,car
t4404,n355,n533,31538,car
t4405,n618,n550,31540,car
t4406,n998,n1175,31542,car
t4407,n161,n1058,31542,car
t4408,n758,n103,31542,car
t4409,n451,n485,31544,car
t4410,n734,n486,31545,car
t4411,n181,n454,31547,car
t4412,n93,n138,31548,car
t4413,n802,n1160,31548,car
t4414,n763,n768,31550,car
t4415,n17,n60,31554,car
t4416,n1053,n1103,31555,car
t4417,n589,n173,31556,car
t4418,n275,n386,31557,car
t4419,n390,n427,31562,car
t4420,n156,n1118,31563,car
t4421,n357,n728,31563,car
t4422,n77,n1066,31564,car
t4423,n327,n30,31567,car
t4424,n196,n648,31568,car
t4425,n453,n203,31572,car
t4426,n315,n1037,31572,car
t4427,n590,n640,31574,car
t4428,n6,n633,31578,car
t4429,n853,n862,31578,car
t4430,n860,n1126,31581,car
t4431,n949,n314,31583,car
t4432,n748,n508,31583,car
t4433,n355,n1096,31583,car
t4434,n608,n210,31583,car
t4435,n939,n456,31584,car
t4436,n320,n620,31584,car
t4437,n1136,n895,31586,car
t4438,n4,n903,31587,car
t4439,n1013,n279,31587,car
t4440,n1080,n228,31588,car
t4441,n1104,n409,31588,car
t4442,n672,n177,31588,car
t4443,n342,n217,31591,car
t4444,n355,n382,31593,car
t4445,n800,n43,31594,car
t4446,n749,n242,31594,car
t4447,n1080,n1107,31598,car
t4448,n920,n599,31599,car
t4449,n475,n384,31599,car
t4450,n400,n463,31599,car
t4451,n1069,n90,31600,car
t4452,n202,n445,31601,car
t4453,n433,n753,31602,car
t4454,n614,n965,31605,car
t4455,n597,n317,31608,car
t4456,n226,n911,31608,car
t4457,n82,n597,31611,car
t4458,n200,n424,31612,car
t4459,n80,n82,31614,car
t4460,n1042,n1239,31615,car
t4461,n921,n918,31615,car
t4462,n905,n183,31616,car
t4463,n669,n937,31617,car
t4464,n738,n710,31621,car
t4465,n811,n649,31621,car
t4466,n1164,n213,31622,car
t4467,n265,n1162,31623,car
t4468,n216,n204,31623,car
t4469,n849,n862,31625,car
t4470,n467,n344,31629,car
t4471,n867,n933,31634,car
t4472,n134,n1242,31635,car
t4473,n140,n480,31637,car
t4474,n87,n86,31637,car
t4475,n966,n1005,31638,car
t4476,n478,n1111,31639,car
t4477,n684,n526,31639,car
t4478,n373,n1102,31640,car
t4479,n1182,n9,31641,car
t4480,n617,n505,31644,car
t4481,n799,n112,31644,car
t4482,n893,n617,31645,car
t4483,n237,n193,31646,car
t4484,n375,n1051,31649,car
t4485,n979,n307,31652,car
t4486,n559,n1068,31655,car
t4487,n261,n538,31657,car
t4488,n14,n1066,31661,car
t4489,n717,n595,31661,car
t4490,n827,n517,31662,car
t4491,n1101,n556,31664,car
t4492,n707,n963,31665,car
t4493,n402,n353,31665,car
t4494,n197,n559,31666,car
t4495,n314,n271,31671,car
t4496,n44,n751,31671,car
t4497,n903,n1114,31672,car
t4498,n917,n153,31672,car
t4499,n1138,n361,31673,car
t4500,n1058,n572,31673,car
t4501,n1235,n317,31675,car
t4502,n899,n686,31675,car
t4503,n382,n320,31676,car
t4504,n1192,n202,31676,car
t4505,n29,n252,31677,car
t4506,n1188,n313,31682,car
t4507,n321,n625,31682,car
t4508,n153,n949,31683,car
t4509,n1043,n1067,31684,car
t4510,n302,n977,31688,car
t4511,n887,n322,31693,car
t4512,n376,n963,31693,car
t4513,n514,n1110,31694,car
t4514,n1195,n1228,31695,car
t4515,n1225,n655,31698,car
t4516,n288,n1065,31699,car
t4517,n807,n789,31701,car
t4518,n210,n212,31702,car
t4519,n1160,n772,31705,car
t4520,n388,n1061,31709,car
t4521,n362,n1161,31709,car
t4522,n1052,n602,31711,car
t4523,n1052,n345,31713,car
t4524,n12,n1026,31714,car
t4525,n107,n793,31717,car
t4526,n150,n1107,31717,car
t4527,n485,n611,31719,car
t4528,n1194,n899,31719,car
t4529,n843,n644,31720,car
t4530,n301,n551,31721,car
t4531,n356,n1064,31722,car
t4532,n990,n463,31722,car
t4533,n629,n35,31725,car
t4534,n286,n237,31729,car
t4535,n98,n566,31730,car
t4536,n725,n872,31732,car
t4537,n1021,n808,31733,car
t4538,n370,n456,31734,car
t4539,n886,n838,31735,car
t4540,n251,n160,31737,car
t4541,n299,n179,31742,car
t4542,n122,n327,31745,car
t4543,n256,n196,31746,car
t4544,n363,n750,31746,car
t4545,n1031,n245,31748,car
t4546,n176,n289,31750,car
t4547,n773,n786,31751,car
t4548,n289,n637,31751,car
t4549,n452,n1165,31754,car
t4550,n164,n295,31756,car
t4551,n1034,n71,31756,car
t4552,n1126,n151,31756,car
t4553,n349,n353,31761,car
t4554,n698,n365,31763,car
t4555,n276,n1075,31763,car
t4556,n209,n381,31766,car
t4557,n471,n270,31771,car
t4558,n1110,n814,31772,car
t4559,n807,n835,31772,car
t4560,n963,n525,31774,car
t4561,n964,n1178,31774,car
t4562,n758,n822,31775,car
t4563,n718,n382,31775,car
t4564,n1016,n787,31775,car
t4565,n1126,n863,31775,car
t4566,n305,n1219,31777,car
t4567,n487,n381,31778,car
t4568,n75,n932,31778,car
t4569,n456,n612,31779,car
t4570,n462,n1173,31780,car
t4571,n1191,n990,31780,car
t4572,n350,n405,31780,car
t4573,n996,n929,31781,car
t4574,n945,n940,31781,car
t4575,n1031,n306,31784,car
t4576,n394,n345,31790,car
t4577,n975,n962,31792,car
t4578,n144,n1228,31795,car
t4579,n447,n190,31796,car
t4580,n1222,n407,31796,car
t4581,n347,n894,31799,car
t4582,n1034,n651,31801,car
t4583,n352,n989,31801,car
t4584,n220,n814,31803,car
t4585,n135,n321,31803,car
t4586,n884,n596,31804,car
t4587,n1024,n269,31807,car
t4588,n338,n294,31808,car
t4589,n295,n491,31811,car
t4590,n204,n93,31812,car
t4591,n809,n830,31812,car
t4592,n465,n990,31813,car
t4593,n129,n800,31813,car
t4594,n1016,n26,31813,car
t4595,n1179,n694,31814,car
t4596,n130,n327,31816,car
t4597,n1236,n437,31817,car
t4598,n1070,n987,31820,car
t4599,n303,n661,31821,car
t4600,n317,n951,31825,car
t4601,n1205,n1113,31826,car
t4602,n692,n878,31829,car
t4603,n457,n239,31832,car
t4604,n494,n87,31834,car
t4605,n976,n1149,31834,car
t4606,n976,n205,31837,car
t4607,n586,n435,31839,car
t4608,n513,n991,31839,car
t4609,n30,n739,31839,car
t4610,n1013,n1193,31839,car
t4611,n203,n592,31841,car
t4612,n6,n313,31842,car
t4613,n318,n470,31843,car
t4614,n1001,n138,31844,car
t4615,n128,n5,31844,car
t4616,n490,n435,31844,car
t4617,n491,n989,31847,car
t4618,n14,n1032,31848,car
t4619,n184,n1215,31850,car
t4620,n498,n1031,31853,car
t4621,n874,n934,31854,car
t4622,n896,n505,31854,car
t4623,n21,n36,31854,car
t4624,n1048,n1214,31858,car
t4625,n31,n127,31859,car
t4626,n1084,n369,31860,car
t4627,n129,n540,31860,car
t4628,n31,n824,31861,car
t4629,n462,n1239,31861,car
t4630,n380,n717,31862,car
t4631,n323,n88,31863,car
t4632,n161,n663,31863,car
t4633,n817,n411,31863,car
t4634,n792,n51,31868,car
t4635,n619,n234,31869,car
t4636,n163,n182,31869,car
t4637,n726,n594,31871,car
t4638,n543,n331,31871,car
t4639,n497,n504,31874,car
t4640,n132,n277,31874,car
t4641,n128,n548,31878,car
t4642,n710,n371,31879,car
t4643,n1092,n980,31880,car
t4644,n28,n770,31881,car
t4645,n24,n128,31882,car
t4646,n551,n301,31883,car
t4647,n386,n1004,31884,car
t4648,n416,n444,31886,car
t4649,n420,n287,31886,car
t4650,n208,n205,31886,car
t4651,n151,n1126,31886,car
t4652,n448,n243,31888,car
t4653,n7,n439,31890,car
t4654,n320,n178,31890,car
t4655,n724,n951,31892,car
t4656,n638,n92,31893,car
t4657,n818,n497,31894,car
t4658,n588,n590,31894,car
t4659,n817,n523,31895,car
t4660,n1223,n733,31896,car
t4661,n1174,n666,31897,car
t4662,n702,n1027,31899,car
t4663,n149,n173,31900,car
t4664,n933,n967,31900,car
t4665,n1138,n459,31904,car
t4666,n1198,n198,31904,car
t4667,n1001,n508,31905,car
t4668,n838,n693,31908,car
t4669,n53,n488,31908,car
t4670,n772,n556,31910,car
t4671,n60,n551,31912,car
t4672,n1159,n460,31915,car
t4673,n1067,n35,31916,car
t4674,n395,n420,31916,car
t4675,n389,n1171,31917,car
t4676,n123,n700,31919,car
t4677,n274,n932,31919,car
t4678,n1005,n138,31922,car
t4679,n352,n591,31923,car
t4680,n198,n1199,31924,car
t4681,n268,n121,31924,car
t4682,n88,n171,31924,car
t4683,n636,n652,31925,car
t4684,n812,n895,31928,car
t4685,n25,n755,31929,car
t4686,n309,n77,31931,car
t4687,n890,n1000,31932,car
t4688,n463,n102,31934,car
t4689,n495,n640,31934,car
t4690,n414,n481,31935,car
t4691,n413,n732,31935,car
t4692,n1068,n36,31937,car
t4693,n363,n328,31939,car
t4694,n674,n1032,31939,car
t4695,n920,n134,31940,car
t4696,n300,n618,31943,car
t4697,n368,n1091,31943,car
t4698,n282,n240,31945,car
t4699,n858,n26,31949,car
t4700,n111,n308,31951,car
t4701,n908,n157,31951,car
t4702,n1004,n976,31952,car
t4703,n371,n563,31954,car
t4704,n538,n868,31957,car
t4705,n967,n1239,31958,car
t4706,n253,n238,31959,car
t4707,n381,n587,31961,car
t4708,n405,n1240,31961,car
t4709,n417,n850,31962,car
t4710,n454,n115,31962,car
t4711,n1070,n1167,31963,car
t4712,n864,n1241,31965,car
t4713,n1160,n693,31966,car
t4714,n631,n259,31970,car
t4715,n228,n1065,31970,car
t4716,n10,n220,31971,car
t4717,n572,n7,31972,car
t4718,n510,n768,31974,car
t4719,n401,n477,31976,car
t4720,n221,n1151,31978,car
t4721,n252,n342,31980,car
t4722,n807,n377,31981,car
t4723,n693,n771,31981,car
t4724,n804,n892,31983,car
t4725,n865,n155,31984,car
t4726,n1141,n251,31984,car
t4727,n342,n487,31986,car
t4728,n111,n652,31987,car
t4729,n532,n40,31988,car
t4730,n42,n1201,31988,car
t4731,n1175,n1089,31990,car
t4732,n1152,n96,31993,car
t4733,n642,n246,31993,car
t4734,n471,n368,31995,car
t4735,n819,n158,31996,car
t4736,n583,n380,31997,car
t4737,n291,n1053,31997,car
t4738,n1077,n717,32000,car
t4739,n75,n1169,32002,car
t4740,n755,n792,32002,car
t4741,n140,n446,32003,car
t4742,n593,n164,32006,car
t4743,n853,n396,32006,car
t4744,n270,n1151,32007,car
t4745,n626,n1172,32011,car
t4746,n291,n285,32013,car
t4747,n740,n364,32014,car
t4748,n884,n661,32019,car
t4749,n354,n140,32024,car
t4750,n179,n23,32026,car
t4751,n594,n1081,32026,car
t4752,n585,n638,32028,car
t4753,n308,n120,32028,car
t4754,n10,n1067,32029,car
t4755,n1140,n574,32031,car
t4756,n128,n5,32032,car
t4757,n324,n34,32034,car
t4758,n12,n339,32034,car
t4759,n1170,n167,32034,car
t4760,n1094,n1222,32034,car
t4761,n379,n39,32034,car
t4762,n258,n884,32035,car
t4763,n367,n208,32037,car
t4764,n150,n875,32037,car
t4765,n949,n456,32039,car
t4766,n410,n1112,32040,car
t4767,n353,n959,32040,car
t4768,n310,n204,32040,car
t4769,n673,n300,32046,car
t4770,n1141,n249,32046,car
t4771,n234,n119,32049,car
t4772,n588,n977,32050,car
t4773,n1179,n1186,32054,car
t4774,n522,n281,32056,car
t4775,n456,n836,32057,car
t4776,n619,n792,32057,car
t4777,n353,n355,32058,car
t4778,n11,n377,32060,car
t4779,n269,n588,32063,car
t4780,n588,n1059,32064,car
t4781,n506,n838,32064,car
t4782,n420,n415,32065,car
t4783,n926,n884,32070,car
t4784,n1199,n153,32073,car
t4785,n755,n1132,32073,car
t4786,n885,n760,32077,car
t4787,n354,n1067,32077,car
t4788,n1173,n477,32080,car
t4789,n92,n321,32080,car
t4790,n793,n1233,32081,car
t4791,n362,n206,32081,car
t4792,n1113,n199,32082,car
t4793,n821,n358,32083,car
t4794,n424,n884,32083,car
t4795,n704,n160,32085,car
t4796,n267,n724,32086,car
t4797,n878,n388,32088,car
t4798,n936,n842,32088,car
t4799,n1194,n541,32091,car
t4800,n1069,n296,32092,car
t4801,n927,n770,32096,car
t4802,n164,n404,32097,car
t4803,n718,n730,32098,car
t4804,n862,n456,32100,car
t4805,n748,n328,32101,car
t4806,n1196,n537,32109,car
t4807,n299,n889,32109,car
t4808,n181,n973,32111,car
t4809,n250,n310,32111,car
t4810,n209,n410,32112,car
t4811,n199,n979,32113,car
t4812,n951,n144,32114,car
t4813,n86,n545,32114,car
t4814,n496,n186,32114,car
t4815,n395,n583,32115,car
t4816,n847,n404,32116,car
t4817,n828,n173,32117,car
t4818,n831,n1138,32119,car
t4819,n88,n1215,32120,car
t4820,n1092,n1096,32124,car
t4821,n105,n450,32125,car
t4822,n83,n1177,32126,car
t4823,n961,n120,32127,car
t4824,n995,n730,32127,car
t4825,n108,n767,32128,car
t4826,n1239,n168,32130,car
t4827,n48,n16,32130,car
t4828,n214,n438,32130,car
t4829,n688,n248,32133,car
t4830,n389,n477,32138,car
t4831,n172,n640,32139,car
t4832,n291,n388,32143,car
t4833,n88,n537,32143,car
t4834,n249,n379,32144,car
t4835,n516,n321,32146,car
t4836,n430,n591,32147,car
t4837,n1055,n894,32148,car
t4838,n280,n868,32149,car
t4839,n368,n1147,32150,car
t4840,n999,n294,32150,car
t4841,n689,n252,32151,car
t4842,n1110,n1107,32151,car
t4843,n985,n739,32155,car
t4844,n78,n816,32157,car
t4845,n678,n673,32157,car
t4846,n362,n1126,32158,car
t4847,n1221,n467,32161,car
t4848,n341,n681,32161,car
t4849,n1144,n1171,32162,car
t4850,n185,n408,32165,car
t4851,n472,n302,32169,car
t4852,n746,n459,32179,car
t4853,n1136,n314,32181,car
t4854,n933,n370,32181,car
t4855,n956,n288,32182,car
t4856,n529,n634,32184,car
t4857,n453,n307,32184,car
t4858,n405,n899,32185,car
t4859,n56,n60,32186,car
t4860,n637,n541,32186,car
t4861,n708,n833,32188,car
t4862,n187,n167,32191,car
t4863,n458,n498,32192,car
t4864,n1126,n902,32194,car
t4865,n906,n932,32195,car
t4866,n294,n782,32196,car
t4867,n195,n536,32197,car
t4868,n226,n315,32202,car
t4869,n179,n1044,32203,car
t4870,n681,n507,32207,car
t4871,n684,n629,32207,car
t4872,n122,n192,32213,car
t4873,n503,n1070,32213,car
t4874,n1095,n728,32215,car
t4875,n52,n148,32216,car
t4876,n982,n1032,32217,car
t4877,n480,n254,32218,car
t4878,n799,n617,32222,car
t4879,n213,n91,32222,car
t4880,n770,n1043,32226,car
t4881,n323,n951,32229,car
t4882,n893,n743,32230,car
t4883,n380,n782,32231,car
t4884,n965,n1017,32231,car
t4885,n782,n1204,32232,car
t4886,n1208,n137,32232,car
t4887,n269,n863,32234,car
t4888,n1241,n493,32235,car
t4889,n95,n976,32235,car
t4890,n446,n362,32239,car
t4891,n95,n1070,32241,car
t4892,n932,n614,32243,car
t4893,n679,n403,32244,car
t4894,n141,n1085,32245,car
t4895,n270,n1021,32246,car
t4896,n369,n125,32249,car
t4897,n706,n266,32249,car
t4898,n695,n516,32252,car
t4899,n838,n1029,32255,car
t4900,n324,n741,32261,car
t4901,n401,n639,32261,car
t4902,n1016,n471,32263,car
t4903,n1178,n226,32264,car
t4904,n652,n1118,32266,car
t4905,n639,n1093,32268,car
t4906,n830,n365,32270,car
t4907,n602,n982,32270,car
t4908,n1107,n357,32273,car
t4909,n188,n467,32275,car
t4910,n169,n290,32275,car
t4911,n1078,n873,32277,car
t4912,n374,n259,32278,car
t4913,n488,n602,32278,car
t4914,n133,n920,32278,car
t4915,n128,n805,32278,car
t4916,n405,n966,32279,car
t4917,n907,n908,32281,car
t4918,n1140,n401,32281,car
t4919,n471,n804,32282,car
t4920,n1168,n758,32283,car
t4921,n160,n925,32285,car
t4922,n569,n1116,32285,car
t4923,n240,n758,32286,car
t4924,n401,n269,32289,car
t4925,n102,n216,32294,car
t4926,n464,n209,32296,car
t4927,n398,n621,32296,car
t4928,n266,n969,32297,car
t4929,n594,n1105,32297,car
t4930,n207,n1244,32298,car
t4931,n1008,n626,32298,car
t4932,n638,n587,32303,car
t4933,n814,n772,32304,car
t4934,n16,n57,32304,car
t4935,n515,n1000,32305,car
t4936,n500,n421,32307,car
t4937,n1223,n595,32308,car
t4938,n242,n444,32309,car
t4939,n1078,n1114,32311,car
t4940,n852,n659,32314,car
t4941,n920,n790,32315,car
t4942,n378,n528,32315,car
t4943,n291,n594,32316,car
t4944,n755,n229,32316,car
t4945,n97,n702,32316,car
t4946,n781,n693,32316,car
t4947,n687,n119,32317,car
t4948,n593,n208,32320,car
t4949,n1177,n1209,32321,car
t4950,n961,n227,32322,car
t4951,n608,n851,32324,car
t4952,n641,n405,32325,car
t4953,n1092,n488,32327,car
t4954,n353,n1099,32328,car
t4955,n552,n545,32329,car
t4956,n957,n316,32329,car
t4957,n22,n168,32330,car
t4958,n245,n506,32331,car
t4959,n803,n813,32335,car
t4960,n326,n319,32336,car
t4961,n899,n15,32337,car
t4962,n1220,n471,32338,car
t4963,n401,n279,32340,car
t4964,n386,n650,32341,car
t4965,n685,n528,32342,car
t4966,n307,n1225,32344,car
t4967,n1018,n95,32345,car
t4968,n168,n663,32349,car
t4969,n546,n1075,32350,car
t4970,n1108,n1080,32351,car
t4971,n1105,n634,32351,car
t4972,n900,n95,32353,car
t4973,n1172,n546,32354,car
t4974,n223,n962,32355,car
t4975,n1142,n629,32357,car
t4976,n203,n1069,32357,car
t4977,n140,n122,32359,car
t4978,n159,n753,32360,car
t4979,n162,n726,32364,car
t4980,n29,n310,32365,car
t4981,n1227,n1230,32369,car
t4982,n1059,n1219,32371,car
t4983,n148,n341,32374,car
t4984,n983,n958,32375,car
t4985,n564,n953,32383,car
t4986,n776,n303,32383,car
t4987,n305,n508,32384,car
t4988,n545,n617,32384,car
t4989,n213,n206,32384,car
t4990,n32,n268,32385,car
t4991,n787,n1001,32387,car
t4992,n639,n177,32388,car
t4993,n756,n252,32389,car
t4994,n195,n348,32391,car
t4995,n1149,n1011,32391,car
t4996,n938,n877,32395,car
t4997,n1033,n1142,32395,car
t4998,n420,n728,32397,car
t4999,n635,n145,32398,car
