trip_id,origin_node_id,destination_node_id,departure_time_s,mode
t0,n1465,n2119,0,car
t1,n1347,n1374,0,car
t2,n1577,n949,0,car
t3,n598,n1650,0,car
t4,n727,n856,0,car
t5,n1567,n212,0,car
t6,n2208,n108,0,car
t7,n884,n1535,0,car
t8,n645,n590,0,car
t9,n2246,n1943,0,car
t10,n162,n1639,0,car
t11,n1908,n1841,0,car
t12,n811,n1276,0,car
t13,n1763,n1603,0,car
t14,n580,n535,0,car
t15,n956,n1492,0,car
t16,n145,n571,0,car
t17,n92,n799,0,car
t18,n858,n1457,0,car
t19,n528,n789,0,car
t20,n354,n1535,0,car
t21,n468,n1022,0,car
t22,n1143,n691,0,car
t23,n504,n792,0,car
t24,n178,n459,0,car
t25,n1565,n219,0,car
t26,n2195,n39,0,car
t27,n2165,n1037,0,car
t28,n1014,n1110,0,car
t29,n1869,n576,0,car
t30,n59,n337,0,car
t31,n931,n1378,0,car
t32,n420,n713,0,car
t33,n322,n1634,31,car
t34,n1255,n682,32,car
t35,n656,n1630,43,car
t36,n2021,n2057,48,car
t37,n1721,n1814,51,car
t38,n315,n1226,57,car
t39,n236,n453,59,car
t40,n554,n1909,60,car
t41,n1808,n2254,63,car
t42,n214,n25,71,car
t43,n1757,n436,77,car
t44,n870,n2255,87,car
t45,n510,n420,88,car
t46,n140,n908,91,car
t47,n1110,n1854,95,car
t48,n840,n1948,103,car
t49,n1161,n1182,107,car
t50,n835,n1602,107,car
t51,n468,n1276,108,car
t52,n928,n1827,115,car
t53,n644,n1616,116,car
t54,n1389,n1192,118,car
t55,n870,n1482,119,car
t56,n440,n1193,119,car
t57,n1578,n1960,123,car
t58,n917,n225,126,car
t59,n595,n1678,133,car
t60,n1062,n2105,133,car
t61,n2249,n1060,144,car
t62,n288,n832,156,car
t63,n121,n890,158,car
t64,n680,n685,159,car
t65,n187,n892,160,car
t66,n2071,n504,160,car
t67,n1014,n2075,168,car
t68,n63,n919,169,car
t69,n1846,n810,176,car
t70,n1457,n411,191,car
t71,n1479,n1990,200,car
t72,n1740,n1239,200,car
t73,n2097,n432,200,car
t74,n1466,n23,207,car
t75,n965,n579,208,car
t76,n615,n844,215,car
t77,n186,n1036,216,car
t78,n840,n1442,222,car
t79,n1381,n1953,224,car
t80,n553,n334,228,car
t81,n129,n2017,228,car
t82,n1466,n1193,231,car
t83,n1853,n390,236,car
t84,n1356,n2135,244,car
t85,n879,n1800,245,car
t86,n388,n1460,247,car
t87,n968,n1692,249,car
t88,n1373,n1238,251,car
t89,n1880,n1730,256,car
t90,n1582,n1533,259,car
t91,n632,n682,260,car
t92,n2207,n70,263,car
t93,n970,n2258,265,car
t94,n548,n1783,266,car
t95,n1180,n2200,267,car
t96,n63,n2212,267,car
t97,n408,n1721,268,car
t98,n617,n11,272,car
t99,n1535,n830,273,car
t100,n883,n565,274,car
t101,n1813,n751,275,car
t102,n1233,n1633,277,car
t103,n2097,n224,286,car
t104,n732,n24,289,car
t105,n188,n1425,290,car
t106,n1163,n1525,295,car
t107,n448,n1928,296,car
t108,n646,n472,298,car
t109,n1876,n2235,301,car
t110,n1539,n2152,304,car
t111,n801,n993,305,car
t112,n1170,n1937,307,car
t113,n222,n282,309,car
t114,n1534,n375,309,car
t115,n1029,n897,310,car
t116,n1567,n1884,311,car
t117,n1180,n1283,312,car
t118,n52,n879,314,car
t119,n2256,n517,314,car
t120,n1036,n1005,315,car
t121,n1062,n1519,315,car
t122,n178,n158,318,car
t123,n177,n531,320,car
t124,n408,n2098,321,car
t125,n121,n714,323,car
t126,n1238,n2014,324,car
t127,n258,n1684,324,car
t128,n300,n606,325,car
t129,n1813,n383,327,car
t130,n617,n1310,327,car
t131,n305,n2240,328,car
t132,n296,n988,328,car
t133,n224,n1059,328,car
t134,n1163,n708,330,car
t135,n1305,n528,331,car
t136,n502,n28,336,car
t137,n811,n2032,336,car
t138,n145,n194,339,car
t139,n919,n343,339,car
t140,n865,n544,340,car
t141,n1161,n1408,340,car
t142,n158,n2196,341,car
t143,n52,n191,345,car
t144,n1901,n948,345,car
t145,n328,n2217,346,car
t146,n1856,n1947,350,car
t147,n1458,n441,353,car
t148,n51,n764,354,car
t149,n970,n1029,355,car
t150,n662,n1474,359,car
t151,n596,n1138,363,car
t152,n522,n225,366,car
t153,n278,n1052,368,car
t154,n708,n456,372,car
t155,n595,n532,372,car
t156,n507,n1052,374,car
t157,n799,n2110,374,car
t158,n1112,n645,375,car
t159,n61,n531,377,car
t160,n251,n426,378,car
t161,n381,n563,378,car
t162,n1524,n1677,378,car
t163,n1850,n1353,380,car
t164,n879,n1723,380,car
t165,n675,n1658,380,car
t166,n1734,n809,381,car
t167,n1842,n1008,383,car
t168,n537,n721,383,car
t169,n2155,n356,384,car
t170,n909,n594,385,car
t171,n1969,n1338,386,car
t172,n1012,n1658,390,car
t173,n224,n2038,392,car
t174,n2131,n1662,392,car
t175,n288,n102,393,car
t176,n1686,n419,394,car
t177,n969,n329,395,car
t178,n1171,n555,396,car
t179,n1272,n690,396,car
t180,n1258,n1134,397,car
t181,n956,n1637,399,car
t182,n1793,n1699,400,car
t183,n314,n1804,401,car
t184,n1169,n807,401,car
t185,n1737,n2236,402,car
t186,n422,n545,402,car
t187,n606,n1175,405,car
t188,n152,n1829,406,car
t189,n656,n896,408,car
t190,n744,n733,417,car
t191,n1184,n280,419,car
t192,n595,n231,419,car
t193,n598,n704,420,car
t194,n488,n840,421,car
t195,n884,n1698,422,car
t196,n2213,n2036,424,car
t197,n1269,n2017,424,car
t198,n1972,n1889,425,car
t199,n507,n1944,425,car
t200,n1389,n2171,428,car
t201,n1773,n541,430,car
t202,n265,n385,431,car
t203,n280,n668,434,car
t204,n1808,n1518,435,car
t205,n61,n453,435,car
t206,n255,n884,439,car
t207,n1161,n438,439,car
t208,n956,n1371,440,car
t209,n234,n170,443,car
t210,n1757,n1237,445,car
t211,n1163,n909,446,car
t212,n945,n791,447,car
t213,n1639,n208,447,car
t214,n1838,n817,449,car
t215,n1849,n1240,450,car
t216,n1459,n919,450,car
t217,n1869,n1132,450,car
t218,n634,n1169,450,car
t219,n1591,n664,451,car
t220,n702,n113,452,car
t221,n443,n962,455,car
t222,n63,n236,456,car
t223,n1860,n641,457,car
t224,n727,n1314,458,car
t225,n508,n208,459,car
t226,n238,n1697,460,car
t227,n1479,n922,460,car
t228,n595,n256,461,car
t229,n1434,n30,463,car
t230,n968,n295,464,car
t231,n162,n1568,464,car
t232,n1532,n2173,465,car
t233,n388,n248,466,car
t234,n690,n1152,467,car
t235,n1001,n1204,468,car
t236,n1066,n917,468,car
t237,n522,n1173,468,car
t238,n496,n1221,469,car
t239,n2208,n75,470,car
t240,n537,n1301,470,car
t241,n596,n1768,474,car
t242,n1462,n1101,475,car
t243,n1322,n2098,476,car
t244,n49,n390,476,car
t245,n359,n1380,477,car
t246,n56,n471,480,car
t247,n255,n146,482,car
t248,n328,n1170,483,car
t249,n1258,n1887,483,car
t250,n1457,n1616,484,car
t251,n432,n1991,484,car
t252,n1277,n1182,487,car
t253,n1537,n1014,488,car
t254,n1093,n1180,489,car
t255,n256,n474,490,car
t256,n414,n1448,490,car
t257,n1459,n697,491,car
t258,n545,n806,492,car
t259,n255,n244,493,car
t260,n1160,n374,494,car
t261,n554,n1118,494,car
t262,n190,n1202,496,car
t263,n1357,n672,497,car
t264,n148,n863,498,car
t265,n697,n1466,500,car
t266,n1398,n715,501,car
t267,n1036,n927,501,car
t268,n675,n1331,502,car
t269,n837,n1192,502,car
t270,n1451,n1986,502,car
t271,n591,n853,504,car
t272,n216,n1036,504,car
t273,n2249,n604,506,car
t274,n422,n1303,506,car
t275,n727,n1483,510,car
t276,n1459,n2025,511,car
t277,n318,n1698,511,car
t278,n1773,n658,514,car
t279,n1204,n256,514,car
t280,n2247,n108,515,car
t281,n1457,n839,517,car
t282,n1850,n1326,518,car
t283,n598,n1696,518,car
t284,n1065,n1146,519,car
t285,n2210,n1724,519,car
t286,n598,n1809,521,car
t287,n1489,n1782,521,car
t288,n1014,n757,522,car
t289,n55,n1139,523,car
t290,n451,n145,524,car
t291,n408,n1405,526,car
t292,n2097,n1813,527,car
t293,n504,n555,528,car
t294,n1163,n239,529,car
t295,n919,n1352,531,car
t296,n162,n1512,532,car
t297,n280,n2044,532,car
t298,n61,n954,532,car
t299,n1687,n631,534,car
t300,n1686,n139,535,car
t301,n1615,n1445,536,car
t302,n205,n2229,537,car
t303,n835,n573,537,car
t304,n2210,n1178,538,car
t305,n1850,n1809,538,car
t306,n509,n530,538,car
t307,n245,n1863,539,car
t308,n1285,n125,541,car
t309,n891,n966,541,car
t310,n1177,n847,542,car
t311,n412,n488,543,car
t312,n1596,n165,546,car
t313,n727,n344,546,car
t314,n1778,n202,546,car
t315,n945,n574,547,car
t316,n650,n1310,548,car
t317,n701,n1842,548,car
t318,n979,n1130,550,car
t319,n945,n37,552,car
t320,n91,n611,552,car
t321,n971,n645,552,car
t322,n901,n2257,552,car
t323,n657,n1205,552,car
t324,n1724,n1667,554,car
t325,n32,n1749,555,car
t326,n920,n414,555,car
t327,n2246,n1471,555,car
t328,n650,n1796,556,car
t329,n2166,n839,557,car
t330,n372,n1160,558,car
t331,n322,n368,558,car
t332,n1053,n8,559,car
t333,n1614,n415,559,car
t334,n637,n103,560,car
t335,n1808,n1308,560,car
t336,n92,n1674,561,car
t337,n62,n605,561,car
t338,n509,n1623,563,car
t339,n507,n2180,564,car
t340,n224,n1111,564,car
t341,n121,n1819,564,car
t342,n61,n1470,565,car
t343,n504,n816,565,car
t344,n477,n1866,565,car
t345,n306,n1265,566,car
t346,n727,n1411,566,car
t347,n1812,n1703,568,car
t348,n1765,n1306,569,car
t349,n957,n924,570,car
t350,n187,n1036,570,car
t351,n1334,n281,571,car
t352,n509,n494,573,car
t353,n777,n817,576,car
t354,n487,n151,576,car
t355,n1765,n1337,576,car
t356,n305,n1991,577,car
t357,n1014,n2088,577,car
t358,n2255,n736,578,car
t359,n1238,n490,580,car
t360,n922,n2204,581,car
t361,n549,n163,581,car
t362,n595,n1789,582,car
t363,n1343,n686,582,car
t364,n2255,n611,583,car
t365,n920,n820,583,car
t366,n1587,n955,584,car
t367,n2017,n1094,584,car
t368,n148,n1694,585,car
t369,n1537,n2164,586,car
t370,n2162,n1651,587,car
t371,n553,n771,587,car
t372,n1819,n754,588,car
t373,n1731,n2258,588,car
t374,n1233,n571,588,car
t375,n1192,n94,589,car
t376,n460,n1177,589,car
t377,n504,n673,590,car
t378,n598,n533,591,car
t379,n56,n1301,592,car
t380,n1537,n1341,592,car
t381,n1387,n1162,592,car
t382,n870,n240,593,car
t383,n602,n168,593,car
t384,n1459,n2028,594,car
t385,n696,n1373,594,car
t386,n2165,n2152,595,car
t387,n1017,n1610,596,car
t388,n928,n1399,598,car
t389,n918,n1629,598,car
t390,n724,n1349,599,car
t391,n215,n127,599,car
t392,n459,n1866,599,car
t393,n744,n643,601,car
t394,n658,n671,603,car
t395,n443,n1,604,car
t396,n1849,n527,606,car
t397,n1465,n1467,607,car
t398,n919,n1404,607,car
t399,n1465,n461,608,car
t400,n315,n2199,608,car
t401,n1283,n788,609,car
t402,n509,n2070,609,car
t403,n923,n367,610,car
t404,n559,n385,610,car
t405,n452,n2239,611,car
t406,n1356,n804,611,car
t407,n810,n1314,611,car
t408,n970,n1179,611,car
t409,n143,n189,611,car
t410,n1269,n543,612,car
t411,n1399,n183,612,car
t412,n94,n1190,612,car
t413,n1849,n1251,613,car
t414,n1434,n1074,613,car
t415,n36,n1986,613,car
t416,n1357,n470,613,car
t417,n1062,n490,614,car
t418,n1052,n914,614,car
t419,n63,n1792,616,car
t420,n1064,n1476,616,car
t421,n622,n1529,616,car
t422,n1946,n1100,617,car
t423,n883,n1243,617,car
t424,n651,n585,617,car
t425,n1539,n928,619,car
t426,n1458,n1213,620,car
t427,n54,n1172,623,car
t428,n945,n1879,623,car
t429,n1694,n1551,623,car
t430,n582,n1975,623,car
t431,n1400,n478,624,car
t432,n156,n1404,624,car
t433,n723,n620,624,car
t434,n448,n1039,626,car
t435,n606,n945,626,car
t436,n1856,n1344,627,car
t437,n931,n1493,627,car
t438,n1356,n1827,629,car
t439,n1961,n2166,630,car
t440,n2255,n733,630,car
t441,n1647,n303,630,car
t442,n143,n1180,630,car
t443,n899,n1814,632,car
t444,n1162,n1155,632,car
t445,n1004,n1968,633,car
t446,n1357,n2109,633,car
t447,n201,n1540,633,car
t448,n509,n177,634,car
t449,n595,n1475,635,car
t450,n967,n1256,635,car
t451,n919,n1736,636,car
t452,n386,n923,636,car
t453,n1959,n1532,637,car
t454,n1255,n1713,637,car
t455,n916,n201,637,car
t456,n1479,n1303,638,car
t457,n967,n2137,640,car
t458,n936,n1672,641,car
t459,n474,n2157,641,car
t460,n121,n160,641,car
t461,n187,n1599,642,car
t462,n509,n988,642,car
t463,n277,n705,643,car
t464,n1779,n586,643,car
t465,n219,n781,643,car
t466,n1530,n1426,644,car
t467,n329,n700,645,car
t468,n788,n1387,646,car
t469,n390,n1692,647,car
t470,n315,n438,647,car
t471,n364,n471,648,car
t472,n733,n182,648,car
t473,n55,n1828,649,car
t474,n509,n2198,649,car
t475,n359,n1106,649,car
t476,n1565,n1410,650,car
t477,n1012,n194,651,car
t478,n36,n1503,651,car
t479,n58,n2158,652,car
t480,n728,n75,653,car
t481,n1029,n620,653,car
t482,n74,n1144,653,car
t483,n1322,n710,654,car
t484,n1842,n331,654,car
t485,n502,n243,654,car
t486,n63,n348,655,car
t487,n318,n868,656,car
t488,n1313,n729,657,car
t489,n1961,n1199,657,car
t490,n439,n78,657,car
t491,n1969,n1765,658,car
t492,n783,n785,658,car
t493,n965,n277,659,car
t494,n859,n1267,661,car
t495,n1459,n2245,661,car
t496,n160,n576,661,car
t497,n1752,n1976,661,car
t498,n130,n841,662,car
t499,n255,n1808,662,car
t500,n509,n563,663,car
t501,n1606,n1470,664,car
t502,n939,n2225,665,car
t503,n218,n382,665,car
t504,n1537,n833,667,car
t505,n433,n813,668,car
t506,n203,n1372,668,car
t507,n62,n36,668,car
t508,n2255,n2049,668,car
t509,n554,n1435,670,car
t510,n1831,n161,671,car
t511,n60,n382,672,car
t512,n754,n202,672,car
t513,n552,n1274,672,car
t514,n606,n2019,673,car
t515,n24,n1916,674,car
t516,n1762,n1738,674,car
t517,n715,n1310,675,car
t518,n255,n1976,675,car
t519,n708,n579,675,car
t520,n414,n252,676,car
t521,n839,n301,677,car
t522,n1002,n1223,677,car
t523,n1012,n400,677,car
t524,n1336,n925,677,car
t525,n1012,n1242,678,car
t526,n554,n543,678,car
t527,n1883,n772,679,car
t528,n1970,n1805,680,car
t529,n465,n1824,682,car
t530,n1112,n505,682,car
t531,n158,n1188,682,car
t532,n1457,n1679,683,car
t533,n1381,n1644,683,car
t534,n258,n435,684,car
t535,n2249,n1299,684,car
t536,n810,n1353,685,car
t537,n919,n623,685,car
t538,n632,n1890,686,car
t539,n704,n2065,686,car
t540,n255,n1182,687,car
t541,n388,n2125,687,car
t542,n2082,n2030,689,car
t543,n430,n1714,689,car
t544,n595,n1598,690,car
t545,n1774,n1770,690,car
t546,n235,n2256,691,car
t547,n548,n1857,691,car
t548,n258,n421,691,car
t549,n353,n211,691,car
t550,n720,n674,692,car
t551,n1161,n330,693,car
t552,n2212,n584,693,car
t553,n702,n467,693,car
t554,n1779,n422,694,car
t555,n1803,n1466,694,car
t556,n1008,n984,695,car
t557,n727,n1376,696,car
t558,n218,n792,698,car
t559,n744,n484,698,car
t560,n1162,n198,699,car
t561,n498,n1297,700,car
t562,n682,n1014,700,car
t563,n1457,n742,701,car
t564,n215,n1282,702,car
t565,n864,n1377,702,car
t566,n143,n1369,702,car
t567,n1810,n1795,703,car
t568,n1357,n492,703,car
t569,n1820,n550,704,car
t570,n1552,n164,704,car
t571,n780,n436,705,car
t572,n1884,n104,705,car
t573,n1160,n1172,705,car
t574,n2088,n174,705,car
t575,n1479,n501,706,car
t576,n569,n752,706,car
t577,n1849,n2232,707,car
t578,n2168,n1657,707,car
t579,n1029,n79,708,car
t580,n1458,n1366,708,car
t581,n610,n323,709,car
t582,n388,n1764,711,car
t583,n537,n1815,711,car
t584,n61,n1564,712,car
t585,n969,n1522,713,car
t586,n1289,n223,714,car
t587,n527,n391,714,car
t588,n146,n1297,716,car
t589,n919,n1605,716,car
t590,n341,n153,717,car
t591,n2165,n1768,717,car
t592,n1143,n1190,718,car
t593,n274,n2240,718,car
t594,n2082,n1511,718,car
t595,n1334,n635,718,car
t596,n758,n2085,719,car
t597,n1567,n1204,719,car
t598,n1884,n1607,720,car
t599,n1808,n36,720,car
t600,n2071,n368,720,car
t601,n121,n496,721,car
t602,n59,n1063,721,car
t603,n345,n801,721,car
t604,n957,n1534,721,car
t605,n1062,n886,722,car
t606,n420,n950,722,car
t607,n506,n909,723,car
t608,n666,n190,723,car
t609,n1066,n833,723,car
t610,n300,n516,723,car
t611,n965,n1648,724,car
t612,n970,n1237,725,car
t613,n1869,n2120,726,car
t614,n1062,n1708,728,car
t615,n466,n2259,728,car
t616,n152,n1085,728,car
t617,n561,n1851,729,car
t618,n61,n198,730,car
t619,n148,n1739,730,car
t620,n764,n2127,730,car
t621,n637,n1078,731,car
t622,n62,n700,731,car
t623,n1777,n650,732,car
t624,n883,n1597,733,car
t625,n548,n1827,733,car
t626,n1812,n458,733,car
t627,n1002,n869,733,car
t628,n188,n2018,734,car
t629,n789,n918,734,car
t630,n637,n27,734,car
t631,n189,n389,734,car
t632,n998,n942,736,car
t633,n502,n2119,737,car
t634,n1814,n328,738,car
t635,n1457,n451,739,car
t636,n91,n907,739,car
t637,n975,n1789,740,car
t638,n543,n244,740,car
t639,n1052,n170,740,car
t640,n637,n1995,741,car
t641,n829,n142,742,car
t642,n1731,n407,742,car
t643,n965,n1679,742,car
t644,n894,n2250,743,car
t645,n708,n1424,744,car
t646,n666,n1899,744,car
t647,n803,n1193,744,car
t648,n1110,n581,745,car
t649,n1434,n817,745,car
t650,n1479,n1062,745,car
t651,n632,n693,745,car
t652,n1062,n1870,746,car
t653,n1776,n1975,747,car
t654,n956,n963,747,car
t655,n644,n1940,747,car
t656,n322,n1030,749,car
t657,n148,n2174,749,car
t658,n94,n170,749,car
t659,n388,n984,750,car
t660,n300,n1186,750,car
t661,n1013,n259,751,car
t662,n1790,n866,751,car
t663,n63,n288,752,car
t664,n811,n2204,754,car
t665,n510,n1520,754,car
t666,n1031,n1837,754,car
t667,n1017,n273,755,car
t668,n919,n458,756,car
t669,n538,n1336,756,car
t670,n917,n749,756,car
t671,n1853,n2232,756,car
t672,n1894,n1620,756,car
t673,n637,n714,757,car
t674,n1462,n180,757,car
t675,n580,n2078,757,car
t676,n1110,n2079,757,car
t677,n601,n781,758,car
t678,n187,n451,758,car
t679,n1050,n1189,759,car
t680,n188,n373,759,car
t681,n52,n956,760,car
t682,n364,n14,760,car
t683,n92,n1411,760,car
t684,n178,n97,761,car
t685,n680,n169,761,car
t686,n1356,n305,762,car
t687,n51,n298,762,car
t688,n1169,n1115,762,car
t689,n537,n1155,762,car
t690,n1008,n41,763,car
t691,n985,n584,763,car
t692,n559,n44,764,car
t693,n1093,n624,765,car
t694,n46,n2048,765,car
t695,n1451,n44,765,car
t696,n1797,n2264,765,car
t697,n1904,n215,766,car
t698,n118,n624,766,car
t699,n1064,n1940,766,car
t700,n1499,n1183,767,car
t701,n1778,n1850,767,car
t702,n509,n705,767,car
t703,n1552,n1628,767,car
t704,n989,n1423,767,car
t705,n2055,n497,768,car
t706,n296,n969,768,car
t707,n346,n1633,769,car
t708,n1173,n658,770,car
t709,n884,n986,771,car
t710,n1976,n475,771,car
t711,n1014,n384,771,car
t712,n386,n228,772,car
t713,n2210,n1308,772,car
t714,n2249,n968,772,car
t715,n178,n1969,772,car
t716,n32,n1154,773,car
t717,n1161,n2176,773,car
t718,n993,n1628,773,car
t719,n851,n546,773,car
t720,n2207,n1009,774,car
t721,n840,n1591,774,car
t722,n1849,n1195,775,car
t723,n354,n1606,775,car
t724,n564,n2113,776,car
t725,n2124,n563,776,car
t726,n468,n56,776,car
t727,n1381,n1221,776,car
t728,n152,n1716,776,car
t729,n943,n2231,777,car
t730,n256,n153,777,car
t731,n898,n1329,778,car
t732,n49,n711,779,car
t733,n160,n642,779,car
t734,n1871,n161,779,car
t735,n1856,n1950,779,car
t736,n1255,n1023,780,car
t737,n1281,n577,781,car
t738,n1581,n2256,781,car
t739,n341,n1117,781,car
t740,n1226,n842,781,car
t741,n1795,n777,781,car
t742,n1458,n1339,781,car
t743,n931,n1201,782,car
t744,n1161,n579,782,car
t745,n1247,n1106,782,car
t746,n1389,n780,782,car
t747,n759,n457,782,car
t748,n1585,n1633,784,car
t749,n595,n2079,785,car
t750,n1142,n1397,785,car
t751,n315,n696,786,car
t752,n61,n1184,787,car
t753,n312,n967,788,car
t754,n847,n1616,788,car
t755,n1849,n2087,789,car
t756,n2210,n74,789,car
t757,n785,n861,790,car
t758,n178,n1873,790,car
t759,n1814,n2216,791,car
t760,n1030,n2238,791,car
t761,n610,n551,792,car
t762,n916,n1664,793,car
t763,n1903,n614,793,car
t764,n56,n2162,794,car
t765,n632,n993,794,car
t766,n63,n200,794,car
t767,n1292,n1101,794,car
t768,n875,n856,794,car
t769,n2025,n196,794,car
t770,n1194,n1737,795,car
t771,n312,n808,796,car
t772,n302,n360,796,car
t773,n1066,n2201,796,car
t774,n1381,n1828,797,car
t775,n1778,n2253,797,car
t776,n152,n50,797,car
t777,n1534,n605,798,car
t778,n1102,n1216,798,car
t779,n255,n1238,798,car
t780,n1103,n1175,798,car
t781,n709,n1825,799,car
t782,n521,n319,799,car
t783,n727,n1578,799,car
t784,n919,n2268,799,car
t785,n1808,n1104,799,car
t786,n1014,n429,800,car
t787,n1537,n1590,800,car
t788,n1578,n1181,800,car
t789,n1869,n1593,800,car
t790,n443,n1470,801,car
t791,n145,n1066,802,car
t792,n650,n354,802,car
t793,n1587,n1989,803,car
t794,n460,n1087,803,car
t795,n506,n525,803,car
t796,n610,n1246,803,car
t797,n432,n1702,804,car
t798,n420,n866,804,car
t799,n1850,n1301,804,car
t800,n504,n2014,805,car
t801,n1850,n1727,805,car
t802,n1357,n1704,806,car
t803,n1014,n914,806,car
t804,n1528,n2053,806,car
t805,n1687,n1495,806,car
t806,n63,n1169,806,car
t807,n509,n1653,806,car
t808,n506,n894,807,car
t809,n1964,n1501,808,car
t810,n970,n1194,808,car
t811,n502,n215,809,car
t812,n1444,n1047,809,car
t813,n1403,n778,809,car
t814,n467,n1589,810,car
t815,n666,n1869,810,car
t816,n708,n328,810,car
t817,n62,n1719,811,car
t818,n143,n772,811,car
t819,n822,n1629,812,car
t820,n1162,n94,812,car
t821,n60,n1877,812,car
t822,n414,n978,813,car
t823,n178,n2259,813,car
t824,n186,n870,814,car
t825,n140,n791,814,car
t826,n188,n979,815,car
t827,n130,n1579,815,car
t828,n450,n62,816,car
t829,n930,n1722,816,car
t830,n1615,n1847,817,car
t831,n1587,n2195,817,car
t832,n573,n2165,818,car
t833,n1569,n235,818,car
t834,n255,n498,819,car
t835,n606,n1548,820,car
t836,n542,n1366,820,car
t837,n94,n1480,820,car
t838,n1716,n1347,821,car
t839,n1110,n1510,821,car
t840,n1732,n1055,821,car
t841,n345,n1717,821,car
t842,n628,n1475,823,car
t843,n1646,n808,823,car
t844,n388,n641,823,car
t845,n198,n384,823,car
t846,n945,n1270,824,car
t847,n923,n181,824,car
t848,n1466,n422,825,car
t849,n1820,n1038,825,car
t850,n198,n614,825,car
t851,n812,n906,825,car
t852,n128,n861,825,car
t853,n1535,n1529,826,car
t854,n837,n1354,826,car
t855,n928,n1598,827,car
t856,n1959,n1625,827,car
t857,n94,n1141,827,car
t858,n667,n1139,827,car
t859,n937,n302,828,car
t860,n851,n667,828,car
t861,n468,n1040,828,car
t862,n1066,n1221,828,car
t863,n872,n1415,829,car
t864,n456,n1003,829,car
t865,n306,n516,830,car
t866,n769,n807,831,car
t867,n420,n94,831,car
t868,n632,n2250,832,car
t869,n1532,n1259,832,car
t870,n376,n1434,832,car
t871,n510,n1541,833,car
t872,n658,n672,833,car
t873,n1232,n1489,833,car
t874,n910,n1246,833,car
t875,n1185,n1267,834,car
t876,n305,n924,834,car
t877,n1975,n428,834,car
t878,n988,n1530,835,car
t879,n985,n797,835,car
t880,n603,n746,835,car
t881,n55,n1984,836,car
t882,n812,n97,836,car
t883,n837,n415,836,car
t884,n628,n38,837,car
t885,n327,n1249,837,car
t886,n943,n509,837,car
t887,n255,n1670,838,car
t888,n148,n20,838,car
t889,n1347,n979,838,car
t890,n847,n281,838,car
t891,n83,n1148,838,car
t892,n372,n871,838,car
t893,n148,n1957,839,car
t894,n919,n145,839,car
t895,n943,n1521,840,car
t896,n130,n2253,840,car
t897,n919,n1270,841,car
t898,n1869,n1264,842,car
t899,n1461,n691,842,car
t900,n432,n650,842,car
t901,n443,n216,842,car
t902,n1773,n398,843,car
t903,n1298,n1617,843,car
t904,n901,n864,843,car
t905,n1856,n1280,843,car
t906,n548,n5,843,car
t907,n2083,n965,844,car
t908,n1606,n2249,844,car
t909,n763,n405,844,car
t910,n55,n1001,845,car
t911,n178,n1070,845,car
t912,n1581,n117,845,car
t913,n26,n2006,847,car
t914,n1765,n1448,847,car
t915,n1638,n643,847,car
t916,n103,n1775,847,car
t917,n1093,n954,848,car
t918,n856,n319,848,car
t919,n189,n892,848,car
t920,n725,n1186,848,car
t921,n206,n1963,849,car
t922,n255,n993,849,car
t923,n187,n444,849,car
t924,n968,n1589,850,car
t925,n1537,n1175,850,car
t926,n1567,n428,850,car
t927,n632,n2218,850,car
t928,n771,n1921,851,car
t929,n1813,n573,851,car
t930,n895,n1508,852,car
t931,n1551,n1996,852,car
t932,n1876,n1762,852,car
t933,n606,n876,852,car
t934,n183,n561,852,car
t935,n1779,n90,853,car
t936,n921,n727,853,car
t937,n2210,n1210,853,car
t938,n150,n1663,854,car
t939,n52,n2061,854,car
t940,n145,n790,854,car
t941,n844,n1182,855,car
t942,n1792,n2174,855,car
t943,n15,n1696,856,car
t944,n55,n396,856,car
t945,n166,n1857,856,car
t946,n1143,n2129,857,car
t947,n49,n1860,857,car
t948,n973,n1339,858,car
t949,n965,n835,858,car
t950,n821,n1713,858,car
t951,n408,n910,858,car
t952,n224,n1285,859,car
t953,n1112,n2183,859,car
t954,n1014,n607,859,car
t955,n702,n220,859,car
t956,n184,n1184,860,car
t957,n1820,n889,860,car
t958,n758,n636,860,car
t959,n255,n544,861,car
t960,n398,n1503,861,car
t961,n649,n788,861,car
t962,n432,n1107,862,car
t963,n195,n136,863,car
t964,n2249,n945,863,car
t965,n2038,n2245,863,car
t966,n312,n1179,863,car
t967,n582,n564,864,car
t968,n967,n345,865,car
t969,n52,n521,865,car
t970,n1258,n2218,865,car
t971,n1204,n2019,865,car
t972,n1625,n1731,866,car
t973,n632,n52,866,car
t974,n632,n234,866,car
t975,n1334,n1302,867,car
t976,n1961,n483,868,car
t977,n1311,n1867,868,car
t978,n38,n889,868,car
t979,n970,n2090,868,car
t980,n1599,n2238,868,car
t981,n2267,n1711,869,car
t982,n626,n2144,869,car
t983,n94,n1470,869,car
t984,n1779,n1537,869,car
t985,n903,n1267,869,car
t986,n412,n1933,869,car
t987,n1532,n888,870,car
t988,n1732,n70,870,car
t989,n1371,n382,872,car
t990,n694,n297,872,car
t991,n1142,n92,873,car
t992,n716,n1167,873,car
t993,n666,n919,873,car
t994,n956,n1519,873,car
t995,n1223,n902,873,car
t996,n315,n1760,873,car
t997,n1050,n994,874,car
t998,n1292,n1811,874,car
t999,n315,n1918,874,car
t1000,n315,n839,874,car
t1001,n1466,n1731,876,car
t1002,n585,n1367,876,car
t1003,n1812,n2204,876,car
t1004,n354,n593,877,car
t1005,n1287,n1386,877,car
t1006,n727,n1559,877,car
t1007,n59,n1331,878,car
t1008,n1066,n65,878,car
t1009,n1255,n942,879,car
t1010,n363,n690,879,car
t1011,n1381,n1952,879,car
t1012,n1184,n1238,879,car
t1013,n875,n1240,879,car
t1014,n506,n1356,880,car
t1015,n61,n536,880,car
t1016,n668,n720,880,car
t1017,n957,n398,881,car
t1018,n1567,n840,881,car
t1019,n1161,n1506,882,car
t1020,n728,n520,882,car
t1021,n791,n1995,882,car
t1022,n1036,n1255,883,car
t1023,n1820,n592,883,car
t1024,n1831,n1333,883,car
t1025,n1849,n2134,883,car
t1026,n1664,n519,883,car
t1027,n1357,n1956,884,car
t1028,n2255,n1063,884,car
t1029,n1778,n344,885,car
t1030,n723,n375,885,car
t1031,n451,n1562,885,car
t1032,n509,n1280,885,car
t1033,n509,n1448,885,car
t1034,n1638,n1152,885,car
t1035,n2252,n861,886,car
t1036,n296,n1884,887,car
t1037,n1850,n198,887,car
t1038,n75,n148,887,car
t1039,n315,n565,889,car
t1040,n813,n652,889,car
t1041,n1194,n2254,889,car
t1042,n1606,n944,890,car
t1043,n509,n382,890,car
t1044,n577,n844,890,car
t1045,n466,n220,891,car
t1046,n667,n1284,891,car
t1047,n1820,n1230,892,car
t1048,n871,n1915,892,car
t1049,n162,n1240,892,car
t1050,n667,n1224,892,car
t1051,n133,n1561,892,car
t1052,n940,n15,892,car
t1053,n1188,n2106,892,car
t1054,n823,n99,893,car
t1055,n619,n1005,893,car
t1056,n2021,n1641,893,car
t1057,n186,n1640,893,car
t1058,n1479,n1683,894,car
t1059,n729,n821,894,car
t1060,n166,n1915,895,car
t1061,n1291,n843,896,car
t1062,n341,n1608,896,car
t1063,n1234,n861,897,car
t1064,n128,n1025,897,car
t1065,n52,n1602,897,car
t1066,n1716,n2029,898,car
t1067,n422,n1163,898,car
t1068,n1849,n668,898,car
t1069,n1258,n1909,898,car
t1070,n972,n993,899,car
t1071,n727,n1200,899,car
t1072,n1820,n73,899,car
t1073,n37,n1950,899,car
t1074,n1461,n1264,899,car
t1075,n506,n1413,899,car
t1076,n724,n259,900,car
t1077,n2097,n574,900,car
t1078,n1849,n1939,901,car
t1079,n322,n399,901,car
t1080,n685,n605,901,car
t1081,n2168,n14,903,car
t1082,n1820,n446,903,car
t1083,n677,n1529,903,car
t1084,n146,n2235,903,car
t1085,n521,n604,904,car
t1086,n917,n1610,904,car
t1087,n2255,n483,904,car
t1088,n2082,n2045,904,car
t1089,n2210,n1300,904,car
t1090,n967,n443,905,car
t1091,n36,n1295,905,car
t1092,n1434,n377,905,car
t1093,n2124,n319,906,car
t1094,n1188,n942,906,car
t1095,n1733,n1899,906,car
t1096,n548,n994,907,car
t1097,n1343,n762,907,car
t1098,n1778,n1738,907,car
t1099,n596,n577,907,car
t1100,n152,n406,907,car
t1101,n91,n1598,907,car
t1102,n1239,n1510,908,car
t1103,n2223,n932,908,car
t1104,n2249,n693,909,car
t1105,n1180,n133,909,car
t1106,n1535,n61,909,car
t1107,n1435,n608,909,car
t1108,n1964,n1868,910,car
t1109,n1457,n122,910,car
t1110,n305,n1742,911,car
t1111,n1814,n562,911,car
t1112,n868,n1887,911,car
t1113,n70,n368,911,car
t1114,n1113,n163,912,car
t1115,n939,n1107,913,car
t1116,n537,n439,913,car
t1117,n1462,n1968,913,car
t1118,n610,n1792,913,car
t1119,n1604,n2006,915,car
t1120,n177,n752,915,car
t1121,n504,n1868,916,car
t1122,n492,n1054,916,car
t1123,n920,n970,917,car
t1124,n724,n234,917,car
t1125,n1588,n109,917,car
t1126,n527,n1679,917,car
t1127,n866,n1639,918,car
t1128,n1869,n149,918,car
t1129,n1054,n1184,918,car
t1130,n1206,n1977,919,car
t1131,n548,n100,919,car
t1132,n322,n2215,919,car
t1133,n92,n1591,919,car
t1134,n52,n1973,919,car
t1135,n817,n1852,919,car
t1136,n145,n1994,920,car
t1137,n875,n1340,920,car
t1138,n1459,n1533,920,car
t1139,n218,n726,920,car
t1140,n1562,n1387,920,car
t1141,n2212,n1178,921,car
t1142,n162,n1692,921,car
t1143,n577,n1582,921,car
t1144,n1903,n1353,921,car
t1145,n1819,n140,922,car
t1146,n596,n1846,922,car
t1147,n1820,n2209,923,car
t1148,n768,n636,924,car
t1149,n340,n2136,924,car
t1150,n1014,n308,924,car
t1151,n1357,n161,924,car
t1152,n468,n667,925,car
t1153,n495,n1882,925,car
t1154,n1050,n843,925,car
t1155,n506,n786,925,car
t1156,n553,n574,925,car
t1157,n2194,n697,925,car
t1158,n1238,n1974,926,car
t1159,n1457,n1080,926,car
t1160,n1110,n593,927,car
t1161,n143,n865,927,car
t1162,n680,n1578,928,car
t1163,n459,n171,929,car
t1164,n956,n459,929,car
t1165,n1564,n280,929,car
t1166,n972,n373,929,car
t1167,n1457,n527,929,car
t1168,n585,n35,930,car
t1169,n236,n940,930,car
t1170,n178,n1829,930,car
t1171,n203,n17,931,car
t1172,n258,n1730,931,car
t1173,n432,n315,931,car
t1174,n322,n343,932,car
t1175,n1314,n72,933,car
t1176,n1552,n2186,933,car
t1177,n162,n953,933,car
t1178,n32,n1141,933,car
t1179,n1390,n429,934,car
t1180,n892,n1261,934,car
t1181,n632,n671,934,car
t1182,n460,n285,934,car
t1183,n677,n1635,934,car
t1184,n957,n1003,934,car
t1185,n137,n157,935,car
t1186,n673,n2019,935,car
t1187,n312,n968,935,car
t1188,n1849,n1869,935,car
t1189,n1110,n532,935,car
t1190,n659,n1682,936,car
t1191,n883,n660,936,car
t1192,n1093,n265,936,car
t1193,n219,n1371,937,car
t1194,n919,n1639,937,car
t1195,n228,n1898,938,car
t1196,n1969,n1712,938,car
t1197,n1298,n496,938,car
t1198,n1569,n1166,938,car
t1199,n1976,n742,939,car
t1200,n162,n899,939,car
t1201,n1405,n713,940,car
t1202,n1849,n145,940,car
t1203,n555,n897,941,car
t1204,n1258,n517,941,car
t1205,n1903,n780,941,car
t1206,n161,n1943,941,car
t1207,n54,n696,942,car
t1208,n52,n1744,942,car
t1209,n2121,n2231,942,car
t1210,n829,n21,942,car
t1211,n24,n775,942,car
t1212,n545,n1445,943,car
t1213,n1434,n276,943,car
t1214,n1788,n1065,943,car
t1215,n1405,n200,943,car
t1216,n1110,n263,943,car
t1217,n2164,n1108,943,car
t1218,n998,n673,944,car
t1219,n916,n760,944,car
t1220,n1778,n1761,944,car
t1221,n188,n2159,944,car
t1222,n555,n430,944,car
t1223,n1838,n1298,945,car
t1224,n1591,n1263,945,car
t1225,n408,n386,945,car
t1226,n322,n1694,945,car
t1227,n649,n1338,946,car
t1228,n591,n1400,946,car
t1229,n212,n140,946,car
t1230,n1459,n799,946,car
t1231,n2211,n435,947,car
t1232,n228,n2235,947,car
t1233,n1050,n151,948,car
t1234,n1566,n18,948,car
t1235,n166,n1241,949,car
t1236,n2071,n1847,949,car
t1237,n810,n1216,949,car
t1238,n632,n269,949,car
t1239,n388,n1793,949,car
t1240,n1160,n1604,949,car
t1241,n1869,n967,950,car
t1242,n1813,n1308,950,car
t1243,n1459,n671,951,car
t1244,n224,n119,951,car
t1245,n910,n1800,951,car
t1246,n162,n160,952,car
t1247,n55,n804,952,car
t1248,n215,n1682,953,car
t1249,n782,n1672,953,car
t1250,n1551,n1811,953,car
t1251,n939,n1004,953,car
t1252,n1014,n1850,954,car
t1253,n1258,n673,954,car
t1254,n1247,n562,954,car
t1255,n632,n757,954,car
t1256,n1112,n924,956,car
t1257,n1113,n2212,956,car
t1258,n32,n479,956,car
t1259,n606,n523,957,car
t1260,n1567,n1354,957,car
t1261,n1562,n1838,958,car
t1262,n1458,n2252,959,car
t1263,n2207,n97,959,car
t1264,n1290,n522,959,car
t1265,n255,n207,959,car
t1266,n1317,n1538,959,car
t1267,n1537,n239,959,car
t1268,n2117,n2169,960,car
t1269,n1387,n1835,960,car
t1270,n420,n599,960,car
t1271,n1778,n558,960,car
t1272,n1162,n1055,960,car
t1273,n81,n1993,961,car
t1274,n840,n375,961,car
t1275,n15,n1653,962,car
t1276,n55,n238,963,car
t1277,n915,n1473,964,car
t1278,n1013,n376,964,car
t1279,n1183,n1198,964,car
t1280,n1606,n2076,964,car
t1281,n1064,n2084,964,car
t1282,n817,n1279,965,car
t1283,n140,n847,965,car
t1284,n187,n1326,965,car
t1285,n785,n435,965,car
t1286,n318,n1560,965,car
t1287,n296,n278,965,car
t1288,n1567,n1154,966,car
t1289,n651,n2039,966,car
t1290,n702,n202,966,car
t1291,n1062,n912,966,car
t1292,n982,n1846,966,car
t1293,n1014,n753,967,car
t1294,n408,n1807,967,car
t1295,n381,n1677,968,car
t1296,n914,n1265,968,car
t1297,n2121,n882,968,car
t1298,n1571,n645,968,car
t1299,n701,n750,968,car
t1300,n81,n1560,968,car
t1301,n2095,n835,968,car
t1302,n1741,n1807,968,car
t1303,n450,n137,969,car
t1304,n233,n481,969,car
t1305,n1103,n1522,970,car
t1306,n1160,n946,970,car
t1307,n1458,n1630,971,car
t1308,n758,n943,972,car
t1309,n228,n1314,972,car
t1310,n61,n2168,972,car
t1311,n1694,n1163,972,car
t1312,n1103,n68,973,car
t1313,n1194,n68,973,car
t1314,n920,n1367,973,car
t1315,n1336,n1371,973,car
t1316,n196,n69,973,car
t1317,n1177,n1091,974,car
t1318,n724,n1817,974,car
t1319,n1227,n1001,974,car
t1320,n1160,n646,974,car
t1321,n637,n1392,975,car
t1322,n1466,n2192,975,car
t1323,n743,n493,975,car
t1324,n2071,n362,975,car
t1325,n315,n904,975,car
t1326,n52,n341,975,car
t1327,n1381,n1256,975,car
t1328,n152,n1766,976,car
t1329,n1093,n1677,976,car
t1330,n52,n651,976,car
t1331,n967,n1381,977,car
t1332,n510,n528,977,car
t1333,n1399,n1847,977,car
t1334,n158,n953,978,car
t1335,n81,n381,978,car
t1336,n945,n382,978,car
t1337,n917,n1573,978,car
t1338,n2162,n2247,978,car
t1339,n2224,n531,978,car
t1340,n458,n2246,979,car
t1341,n708,n592,979,car
t1342,n1848,n1648,979,car
t1343,n383,n368,979,car
t1344,n130,n66,979,car
t1345,n868,n1951,980,car
t1346,n255,n489,980,car
t1347,n145,n867,981,car
t1348,n1849,n2070,981,car
t1349,n1974,n448,981,car
t1350,n1255,n1251,981,car
t1351,n160,n1259,981,car
t1352,n1609,n2245,981,car
t1353,n156,n455,982,car
t1354,n1400,n1993,982,car
t1355,n606,n395,982,car
t1356,n743,n1164,983,car
t1357,n502,n549,983,car
t1358,n1171,n1014,983,car
t1359,n151,n1487,983,car
t1360,n81,n1209,984,car
t1361,n1064,n2080,985,car
t1362,n694,n1066,985,car
t1363,n1026,n169,985,car
t1364,n92,n635,985,car
t1365,n255,n1278,985,car
t1366,n612,n2098,985,car
t1367,n1169,n2175,987,car
t1368,n1856,n1997,988,car
t1369,n1014,n656,988,car
t1370,n1876,n1761,988,car
t1371,n596,n1579,989,car
t1372,n212,n194,989,car
t1373,n1841,n572,989,car
t1374,n1812,n1547,990,car
t1375,n1321,n1364,990,car
t1376,n315,n799,990,car
t1377,n1462,n1679,990,car
t1378,n945,n414,990,car
t1379,n306,n744,990,car
t1380,n142,n943,991,car
t1381,n1779,n1693,992,car
t1382,n821,n1649,993,car
t1383,n810,n1056,993,car
t1384,n666,n15,993,car
t1385,n1910,n2132,993,car
t1386,n748,n184,994,car
t1387,n553,n160,994,car
t1388,n509,n1961,994,car
t1389,n145,n1106,994,car
t1390,n1008,n1313,994,car
t1391,n1903,n376,994,car
t1392,n1048,n1988,994,car
t1393,n1856,n1117,995,car
t1394,n1349,n2182,995,car
t1395,n1501,n153,995,car
t1396,n1901,n1958,996,car
t1397,n996,n1323,996,car
t1398,n1049,n539,996,car
t1399,n791,n1284,996,car
t1400,n1143,n1420,996,car
t1401,n970,n839,996,car
t1402,n255,n1908,996,car
t1403,n1372,n46,996,car
t1404,n650,n1206,997,car
t1405,n315,n1201,997,car
t1406,n145,n478,997,car
t1407,n186,n1000,998,car
t1408,n827,n497,998,car
t1409,n1110,n1577,999,car
t1410,n844,n52,999,car
t1411,n408,n733,999,car
t1412,n140,n932,999,car
t1413,n1017,n1555,1000,car
t1414,n1524,n1344,1000,car
t1415,n201,n1827,1000,car
t1416,n62,n2089,1000,car
t1417,n788,n417,1000,car
t1418,n944,n1235,1000,car
t1419,n496,n982,1001,car
t1420,n1357,n456,1001,car
t1421,n1552,n217,1002,car
t1422,n306,n734,1002,car
t1423,n56,n1546,1002,car
t1424,n1452,n1474,1002,car
t1425,n1110,n2133,1003,car
t1426,n322,n625,1003,car
t1427,n601,n2265,1003,car
t1428,n1880,n2192,1004,car
t1429,n1066,n218,1004,car
t1430,n92,n834,1005,car
t1431,n774,n302,1005,car
t1432,n1694,n763,1006,car
t1433,n626,n152,1006,car
t1434,n1732,n504,1006,car
t1435,n1008,n527,1006,car
t1436,n1792,n1925,1007,car
t1437,n302,n2110,1007,car
t1438,n1294,n1507,1007,car
t1439,n794,n1521,1008,car
t1440,n62,n243,1008,car
t1441,n970,n330,1008,car
t1442,n2256,n1246,1008,car
t1443,n1862,n108,1008,car
t1444,n236,n614,1009,car
t1445,n1322,n622,1009,car
t1446,n62,n1962,1009,car
t1447,n1053,n869,1010,car
t1448,n810,n160,1010,car
t1449,n143,n16,1010,car
t1450,n2088,n1987,1010,car
t1451,n1247,n768,1010,car
t1452,n1026,n2203,1011,car
t1453,n896,n1816,1011,car
t1454,n362,n1582,1011,car
t1455,n549,n1624,1011,car
t1456,n1163,n1120,1012,car
t1457,n1223,n1097,1012,car
t1458,n1357,n1702,1012,car
t1459,n315,n221,1012,car
t1460,n1694,n298,1012,car
t1461,n1853,n625,1013,car
t1462,n1757,n295,1013,car
t1463,n52,n161,1013,car
t1464,n1287,n660,1014,car
t1465,n166,n1299,1014,car
t1466,n436,n1335,1014,car
t1467,n1062,n995,1014,car
t1468,n1066,n1381,1015,car
t1469,n997,n889,1015,car
t1470,n140,n326,1015,car
t1471,n1833,n1591,1015,car
t1472,n1850,n487,1015,car
t1473,n1730,n1367,1016,car
t1474,n195,n1165,1016,car
t1475,n810,n1105,1017,car
t1476,n507,n2181,1017,car
t1477,n1247,n423,1017,car
t1478,n162,n1988,1017,car
t1479,n606,n1384,1017,car
t1480,n1724,n2058,1017,car
t1481,n1564,n1587,1017,car
t1482,n1204,n1829,1018,car
t1483,n236,n1088,1018,car
t1484,n1587,n741,1018,car
t1485,n140,n1647,1018,car
t1486,n1567,n1199,1018,car
t1487,n516,n1172,1018,car
t1488,n2165,n18,1019,car
t1489,n1066,n1445,1019,car
t1490,n1686,n1069,1019,car
t1491,n32,n805,1019,car
t1492,n1757,n789,1019,car
t1493,n1271,n393,1020,car
t1494,n2037,n858,1020,car
t1495,n1595,n1257,1020,car
t1496,n1810,n739,1020,car
t1497,n94,n1812,1020,car
t1498,n1162,n1460,1021,car
t1499,n1576,n1341,1021,car
t1500,n2210,n1885,1021,car
t1501,n121,n991,1021,car
t1502,n204,n270,1021,car
t1503,n356,n218,1021,car
t1504,n883,n454,1022,car
t1505,n1203,n1425,1022,car
t1506,n1963,n381,1022,car
t1507,n1356,n1878,1022,car
t1508,n1694,n1701,1022,car
t1509,n502,n1146,1022,car
t1510,n1538,n289,1023,car
t1511,n1143,n702,1023,car
t1512,n1681,n446,1023,car
t1513,n606,n1114,1023,car
t1514,n148,n1755,1025,car
t1515,n1056,n412,1025,car
t1516,n1778,n1059,1026,car
t1517,n1567,n2254,1026,car
t1518,n1230,n41,1026,car
t1519,n969,n1173,1027,car
t1520,n1014,n1199,1027,car
t1521,n727,n295,1027,car
t1522,n1389,n677,1027,car
t1523,n1457,n844,1027,car
t1524,n523,n2158,1027,car
t1525,n2231,n895,1027,car
t1526,n388,n1813,1028,car
t1527,n2131,n1949,1028,car
t1528,n1971,n1191,1028,car
t1529,n504,n216,1028,car
t1530,n94,n349,1029,car
t1531,n363,n64,1030,car
t1532,n1024,n526,1030,car
t1533,n32,n1867,1030,car
t1534,n1110,n1115,1030,car
t1535,n1824,n230,1030,car
t1536,n674,n330,1030,car
t1537,n2037,n65,1030,car
t1538,n1820,n677,1031,car
t1539,n497,n184,1031,car
t1540,n920,n1424,1031,car
t1541,n372,n382,1031,car
t1542,n62,n383,1032,car
t1543,n1457,n1630,1032,car
t1544,n1883,n1600,1032,car
t1545,n2207,n284,1033,car
t1546,n847,n737,1033,car
t1547,n2210,n84,1033,car
t1548,n1029,n678,1033,car
t1549,n1901,n1282,1034,car
t1550,n1466,n252,1034,car
t1551,n1466,n1827,1034,car
t1552,n502,n579,1034,car
t1553,n1566,n975,1034,car
t1554,n1204,n1729,1034,car
t1555,n306,n371,1034,car
t1556,n917,n2077,1035,car
t1557,n1102,n855,1035,car
t1558,n1813,n844,1035,car
t1559,n2249,n2000,1035,car
t1560,n1732,n2055,1035,car
t1561,n440,n402,1035,car
t1562,n847,n1614,1036,car
t1563,n156,n1024,1036,car
t1564,n548,n565,1036,car
t1565,n492,n649,1036,car
t1566,n1812,n1436,1037,car
t1567,n708,n2007,1037,car
t1568,n919,n1599,1037,car
t1569,n158,n747,1037,car
t1570,n1959,n1006,1038,car
t1571,n388,n2165,1038,car
t1572,n59,n1807,1038,car
t1573,n2193,n309,1038,car
t1574,n178,n302,1039,car
t1575,n1160,n749,1039,car
t1576,n407,n455,1039,car
t1577,n1565,n1753,1039,car
t1578,n920,n1461,1039,car
t1579,n509,n2218,1039,car
t1580,n1462,n288,1040,car
t1581,n1143,n1039,1041,car
t1582,n789,n2082,1041,car
t1583,n1592,n2252,1041,car
t1584,n553,n689,1041,car
t1585,n376,n1182,1042,car
t1586,n1694,n1214,1042,car
t1587,n1606,n1304,1042,car
t1588,n1843,n1320,1042,car
t1589,n1459,n1471,1042,car
t1590,n506,n1446,1042,car
t1591,n1976,n2050,1042,car
t1592,n1434,n777,1043,car
t1593,n1357,n36,1043,car
t1594,n354,n398,1044,car
t1595,n727,n185,1044,car
t1596,n52,n2231,1044,car
t1597,n1788,n664,1044,car
t1598,n2082,n635,1045,car
t1599,n233,n1036,1045,car
t1600,n778,n1295,1045,car
t1601,n1161,n1046,1045,car
t1602,n1716,n1344,1046,car
t1603,n1053,n1558,1046,car
t1604,n1283,n557,1046,car
t1605,n884,n69,1047,car
t1606,n1064,n1028,1047,car
t1607,n408,n1554,1047,car
t1608,n280,n1051,1047,car
t1609,n778,n549,1048,car
t1610,n1066,n676,1048,car
t1611,n917,n1589,1048,car
t1612,n59,n1220,1048,car
t1613,n1258,n1038,1048,car
t1614,n945,n1337,1049,car
t1615,n381,n851,1049,car
t1616,n62,n1412,1049,car
t1617,n1849,n1736,1049,car
t1618,n218,n1011,1049,car
t1619,n1022,n1803,1049,car
t1620,n255,n1661,1050,car
t1621,n2117,n1412,1050,car
t1622,n1023,n733,1050,car
t1623,n580,n1820,1050,car
t1624,n486,n368,1050,car
t1625,n393,n1764,1050,car
t1626,n2162,n44,1050,car
t1627,n545,n575,1051,car
t1628,n467,n1458,1051,car
t1629,n507,n984,1051,car
t1630,n724,n615,1051,car
t1631,n1228,n2269,1052,car
t1632,n318,n710,1052,car
t1633,n727,n848,1052,car
t1634,n930,n282,1052,car
t1635,n884,n1839,1052,car
t1636,n2124,n2230,1052,car
t1637,n1462,n1781,1053,car
t1638,n1147,n1314,1053,car
t1639,n1308,n1216,1054,car
t1640,n61,n827,1054,car
t1641,n2210,n1442,1054,car
t1642,n919,n649,1055,car
t1643,n1180,n2268,1055,car
t1644,n1169,n563,1055,car
t1645,n1687,n1956,1055,car
t1646,n1102,n286,1056,car
t1647,n595,n965,1056,car
t1648,n1142,n591,1056,car
t1649,n354,n1929,1056,car
t1650,n537,n1265,1058,car
t1651,n322,n1830,1058,car
t1652,n255,n1293,1058,car
t1653,n414,n1757,1059,car
t1654,n1778,n883,1059,car
t1655,n2124,n2079,1059,car
t1656,n1459,n537,1059,car
t1657,n504,n943,1060,car
t1658,n1458,n2147,1060,car
t1659,n2188,n1781,1061,car
t1660,n1340,n187,1062,car
t1661,n1810,n733,1062,car
t1662,n605,n815,1062,car
t1663,n743,n294,1062,car
t1664,n1618,n1278,1063,car
t1665,n1883,n2092,1063,car
t1666,n68,n883,1063,car
t1667,n1451,n150,1063,car
t1668,n1357,n481,1063,car
t1669,n920,n2041,1063,car
t1670,n1103,n2225,1064,car
t1671,n596,n1313,1064,car
t1672,n1831,n1958,1064,car
t1673,n252,n2207,1064,car
t1674,n1694,n1659,1065,car
t1675,n312,n1243,1065,car
t1676,n1838,n847,1065,car
t1677,n619,n1943,1065,car
t1678,n1357,n811,1066,car
t1679,n414,n1319,1066,car
t1680,n2193,n1891,1067,car
t1681,n233,n1236,1067,car
t1682,n957,n785,1067,car
t1683,n1066,n498,1067,car
t1684,n1856,n1659,1068,car
t1685,n1281,n2154,1068,car
t1686,n935,n1469,1068,car
t1687,n1457,n2234,1069,car
t1688,n611,n1280,1069,car
t1689,n755,n957,1069,car
t1690,n909,n2107,1069,car
t1691,n571,n49,1069,car
t1692,n255,n715,1069,car
t1693,n836,n1599,1069,car
t1694,n1008,n783,1070,car
t1695,n1064,n289,1070,car
t1696,n598,n2004,1070,car
t1697,n1894,n1032,1070,car
t1698,n1188,n946,1070,car
t1699,n1053,n1843,1071,car
t1700,n1008,n2230,1071,car
t1701,n945,n80,1072,car
t1702,n612,n1861,1072,car
t1703,n1462,n1033,1072,car
t1704,n545,n689,1072,car
t1705,n598,n1974,1072,car
t1706,n15,n1188,1073,car
t1707,n967,n803,1073,car
t1708,n1581,n1670,1073,car
t1709,n218,n423,1073,car
t1710,n1155,n422,1074,car
t1711,n595,n2017,1074,car
t1712,n1869,n184,1074,car
t1713,n152,n168,1074,car
t1714,n606,n833,1074,car
t1715,n265,n1559,1074,car
t1716,n2117,n1960,1074,car
t1717,n1538,n189,1075,car
t1718,n890,n2009,1075,car
t1719,n143,n1985,1075,car
t1720,n432,n1808,1076,car
t1721,n451,n99,1076,car
t1722,n883,n1312,1076,car
t1723,n447,n442,1076,car
t1724,n596,n346,1076,car
t1725,n1395,n107,1076,car
t1726,n129,n573,1077,car
t1727,n467,n2076,1077,car
t1728,n956,n371,1077,car
t1729,n24,n1146,1077,car
t1730,n140,n376,1078,car
t1731,n1188,n70,1078,car
t1732,n1552,n2208,1078,car
t1733,n760,n252,1078,car
t1734,n856,n456,1078,car
t1735,n432,n1223,1078,car
t1736,n583,n532,1078,car
t1737,n744,n1235,1078,car
t1738,n945,n492,1079,car
t1739,n697,n347,1079,car
t1740,n1578,n432,1079,car
t1741,n381,n1810,1079,car
t1742,n708,n789,1079,car
t1743,n2210,n389,1080,car
t1744,n598,n1588,1080,car
t1745,n1062,n1002,1080,car
t1746,n2087,n1355,1080,car
t1747,n1606,n330,1080,car
t1748,n1434,n594,1081,car
t1749,n518,n864,1081,car
t1750,n1567,n720,1081,car
t1751,n945,n1730,1081,car
t1752,n1357,n1013,1081,car
t1753,n428,n981,1081,car
t1754,n189,n1784,1082,car
t1755,n1142,n1003,1082,car
t1756,n186,n1108,1082,car
t1757,n1955,n1770,1082,car
t1758,n62,n567,1083,car
t1759,n447,n7,1084,car
t1760,n1434,n1357,1084,car
t1761,n32,n1788,1085,car
t1762,n957,n1553,1085,car
t1763,n1687,n1487,1085,car
t1764,n234,n748,1086,car
t1765,n302,n1871,1086,car
t1766,n148,n1228,1087,car
t1767,n532,n1469,1087,car
t1768,n708,n440,1087,car
t1769,n219,n110,1087,car
t1770,n130,n826,1087,car
t1771,n1869,n1802,1087,car
t1772,n857,n1482,1087,car
t1773,n1778,n208,1087,car
t1774,n2210,n615,1088,car
t1775,n315,n303,1088,car
t1776,n59,n356,1088,car
t1777,n258,n1625,1089,car
t1778,n1053,n314,1089,car
t1779,n280,n531,1089,car
t1780,n1687,n382,1089,car
t1781,n1405,n1995,1090,car
t1782,n548,n746,1090,car
t1783,n300,n7,1090,car
t1784,n252,n578,1090,car
t1785,n609,n323,1090,car
t1786,n603,n1039,1091,car
t1787,n1880,n593,1091,car
t1788,n1816,n963,1091,car
t1789,n901,n196,1091,car
t1790,n1813,n670,1091,car
t1791,n1014,n1364,1092,car
t1792,n965,n2193,1092,car
t1793,n376,n269,1092,car
t1794,n187,n1314,1092,car
t1795,n553,n999,1093,car
t1796,n178,n2246,1094,car
t1797,n1356,n118,1094,car
t1798,n470,n1857,1094,car
t1799,n924,n2071,1094,car
t1800,n91,n1116,1094,car
t1801,n1565,n392,1095,car
t1802,n758,n1607,1095,car
t1803,n2210,n1930,1095,car
t1804,n80,n1364,1095,car
t1805,n1002,n941,1096,car
t1806,n1687,n405,1096,car
t1807,n318,n1858,1097,car
t1808,n212,n605,1097,car
t1809,n396,n1265,1097,car
t1810,n81,n1118,1098,car
t1811,n62,n1510,1098,car
t1812,n439,n469,1098,car
t1813,n1234,n1341,1098,car
t1814,n1820,n572,1098,car
t1815,n62,n273,1098,car
t1816,n1961,n637,1099,car
t1817,n1694,n694,1099,car
t1818,n2255,n728,1099,car
t1819,n229,n1186,1099,car
t1820,n362,n1050,1100,car
t1821,n178,n976,1100,car
t1822,n827,n2205,1100,car
t1823,n637,n1817,1101,car
t1824,n1163,n1180,1101,car
t1825,n637,n611,1101,car
t1826,n1820,n1939,1101,car
t1827,n924,n229,1101,car
t1828,n1880,n328,1101,car
t1829,n587,n1265,1102,car
t1830,n1161,n1813,1102,car
t1831,n1236,n1632,1102,car
t1832,n92,n1956,1103,car
t1833,n754,n899,1103,car
t1834,n957,n486,1103,car
t1835,n548,n1399,1104,car
t1836,n1587,n1210,1104,car
t1837,n1102,n1408,1104,car
t1838,n509,n2254,1105,car
t1839,n1535,n2263,1105,car
t1840,n118,n704,1105,car
t1841,n255,n2069,1105,car
t1842,n257,n1448,1105,car
t1843,n494,n103,1105,car
t1844,n788,n1526,1105,car
t1845,n322,n1387,1105,car
t1846,n166,n874,1105,car
t1847,n152,n1635,1105,car
t1848,n502,n369,1106,car
t1849,n1716,n739,1106,car
t1850,n601,n1417,1106,car
t1851,n1869,n500,1106,car
t1852,n522,n1972,1106,car
t1853,n1110,n801,1106,car
t1854,n188,n1430,1106,car
t1855,n937,n616,1106,car
t1856,n502,n2220,1107,car
t1857,n255,n360,1107,car
t1858,n891,n608,1107,car
t1859,n188,n2222,1107,car
t1860,n917,n2187,1108,car
t1861,n937,n1855,1108,car
t1862,n1102,n722,1108,car
t1863,n302,n2165,1108,car
t1864,n1357,n515,1110,car
t1865,n1160,n2060,1110,car
t1866,n32,n604,1110,car
t1867,n1356,n1633,1111,car
t1868,n399,n1108,1111,car
t1869,n356,n1890,1111,car
t1870,n1347,n2259,1111,car
t1871,n1031,n157,1111,car
t1872,n645,n1951,1112,car
t1873,n970,n2225,1112,car
t1874,n1312,n1827,1112,car
t1875,n428,n498,1113,car
t1876,n178,n494,1113,car
t1877,n341,n2165,1113,car
t1878,n613,n1060,1113,car
t1879,n52,n197,1113,car
t1880,n349,n365,1113,car
t1881,n235,n1105,1114,car
t1882,n399,n1621,1114,car
t1883,n856,n234,1114,car
t1884,n1260,n1807,1115,car
t1885,n916,n1334,1115,car
t1886,n1113,n243,1115,car
t1887,n407,n910,1115,car
t1888,n1961,n155,1115,car
t1889,n1814,n214,1115,car
t1890,n443,n528,1116,car
t1891,n920,n461,1116,car
t1892,n993,n1461,1116,car
t1893,n144,n432,1117,car
t1894,n596,n545,1117,car
t1895,n137,n210,1117,car
t1896,n1535,n873,1117,car
t1897,n1535,n302,1117,car
t1898,n63,n1248,1118,car
t1899,n456,n106,1118,car
t1900,n1014,n452,1118,car
t1901,n551,n1061,1118,car
t1902,n56,n598,1118,car
t1903,n148,n1499,1118,car
t1904,n1031,n1713,1118,car
t1905,n166,n1992,1119,car
t1906,n1064,n1235,1120,car
t1907,n1357,n1102,1120,car
t1908,n1535,n2056,1120,car
t1909,n354,n1177,1120,car
t1910,n381,n1376,1121,car
t1911,n36,n124,1121,car
t1912,n1819,n2069,1121,car
t1913,n1400,n304,1121,car
t1914,n324,n1120,1122,car
t1915,n2249,n1913,1122,car
t1916,n1597,n2082,1122,car
t1917,n1566,n674,1122,car
t1918,n1357,n312,1122,car
t1919,n768,n706,1122,car
t1920,n841,n2167,1123,car
t1921,n969,n851,1123,car
t1922,n32,n25,1123,car
t1923,n19,n1736,1123,car
t1924,n1459,n698,1124,car
t1925,n1833,n651,1125,car
t1926,n1751,n2073,1125,car
t1927,n1694,n719,1125,car
t1928,n312,n1587,1125,car
t1929,n188,n27,1126,car
t1930,n812,n1918,1126,car
t1931,n252,n134,1127,car
t1932,n744,n1662,1127,car
t1933,n509,n1781,1127,car
t1934,n956,n1305,1128,car
t1935,n2165,n687,1129,car
t1936,n943,n824,1129,car
t1937,n1606,n988,1129,car
t1938,n158,n556,1129,car
t1939,n2162,n2121,1130,car
t1940,n919,n562,1130,car
t1941,n1017,n1602,1130,car
t1942,n1567,n2221,1130,car
t1943,n875,n667,1130,car
t1944,n637,n1544,1130,car
t1945,n2256,n1066,1131,car
t1946,n1869,n423,1131,car
t1947,n140,n711,1131,car
t1948,n1820,n1764,1131,car
t1949,n219,n999,1131,car
t1950,n1056,n930,1131,car
t1951,n152,n149,1132,car
t1952,n1903,n1972,1132,car
t1953,n167,n1867,1132,car
t1954,n1466,n298,1133,car
t1955,n504,n1899,1133,car
t1956,n1112,n1448,1133,car
t1957,n910,n1582,1133,car
t1958,n408,n591,1134,car
t1959,n2210,n336,1134,car
t1960,n680,n1547,1134,car
t1961,n801,n726,1134,car
t1962,n463,n194,1134,car
t1963,n1002,n2227,1134,car
t1964,n1466,n1083,1135,car
t1965,n1831,n2199,1136,car
t1966,n1788,n1343,1136,car
t1967,n965,n874,1136,car
t1968,n121,n582,1136,car
t1969,n24,n172,1136,car
t1970,n1281,n178,1137,car
t1971,n1322,n408,1137,car
t1972,n315,n1748,1137,car
t1973,n945,n2080,1138,car
t1974,n196,n791,1138,car
t1975,n369,n1356,1138,car
t1976,n1606,n386,1138,car
t1977,n532,n253,1139,car
t1978,n1151,n813,1139,car
t1979,n1740,n517,1139,car
t1980,n926,n436,1139,car
t1981,n1462,n968,1139,car
t1982,n1849,n1023,1139,car
t1983,n62,n497,1140,car
t1984,n996,n1230,1140,car
t1985,n356,n2168,1140,car
t1986,n506,n2253,1140,car
t1987,n1064,n175,1140,car
t1988,n549,n1509,1141,car
t1989,n2131,n1398,1141,car
t1990,n1778,n900,1141,car
t1991,n1170,n1873,1142,car
t1992,n810,n1483,1142,car
t1993,n1565,n908,1142,car
t1994,n1163,n229,1142,car
t1995,n945,n849,1142,car
t1996,n364,n665,1142,car
t1997,n1270,n592,1143,car
t1998,n969,n2006,1143,car
t1999,n832,n1826,1143,car
t2000,n758,n1711,1143,car
t2001,n1451,n1229,1143,car
t2002,n258,n607,1143,car
t2003,n1970,n637,1144,car
t2004,n508,n883,1144,car
t2005,n1035,n2027,1144,car
t2006,n1903,n1370,1144,car
t2007,n24,n1877,1144,car
t2008,n1442,n666,1145,car
t2009,n744,n1266,1145,car
t2010,n162,n1504,1145,car
t2011,n1050,n2255,1145,car
t2012,n1869,n1983,1145,car
t2013,n145,n2032,1145,car
t2014,n1294,n1601,1146,car
t2015,n1395,n1475,1146,car
t2016,n1339,n2107,1146,car
t2017,n504,n900,1146,car
t2018,n969,n2126,1146,car
t2019,n1732,n1873,1147,car
t2020,n763,n2082,1147,car
t2021,n919,n299,1147,car
t2022,n432,n1940,1147,car
t2023,n1762,n167,1148,car
t2024,n1357,n542,1148,car
t2025,n595,n1432,1148,car
t2026,n666,n719,1148,car
t2027,n356,n705,1148,car
t2028,n63,n2227,1149,car
t2029,n381,n817,1149,car
t2030,n1608,n1861,1149,car
t2031,n1112,n1389,1149,car
t2032,n1196,n200,1149,car
t2033,n52,n1433,1150,car
t2034,n901,n1113,1150,car
t2035,n1014,n686,1150,car
t2036,n255,n223,1150,car
t2037,n1347,n1628,1150,car
t2038,n591,n1450,1150,car
t2039,n1188,n936,1151,car
t2040,n218,n953,1151,car
t2041,n1145,n1668,1151,car
t2042,n554,n1320,1152,car
t2043,n441,n1170,1153,car
t2044,n666,n1024,1153,car
t2045,n537,n1441,1153,car
t2046,n1013,n1335,1153,car
t2047,n1349,n605,1153,car
t2048,n803,n375,1153,car
t2049,n548,n834,1153,car
t2050,n506,n781,1154,car
t2051,n1457,n1892,1154,car
t2052,n2267,n23,1154,car
t2053,n970,n837,1154,car
t2054,n312,n1356,1154,car
t2055,n1466,n1004,1154,car
t2056,n922,n1504,1154,car
t2057,n1901,n1668,1154,car
t2058,n1271,n835,1155,car
t2059,n1036,n238,1155,car
t2060,n306,n2253,1155,car
t2061,n2094,n1825,1156,car
t2062,n847,n525,1156,car
t2063,n471,n326,1156,car
t2064,n381,n1668,1156,car
t2065,n472,n653,1157,car
t2066,n188,n1414,1157,car
t2067,n209,n445,1157,car
t2068,n1052,n649,1157,car
t2069,n560,n914,1157,car
t2070,n637,n703,1158,car
t2071,n561,n1940,1158,car
t2072,n606,n148,1158,car
t2073,n388,n228,1158,car
t2074,n92,n1381,1158,car
t2075,n1732,n1562,1159,car
t2076,n608,n623,1159,car
t2077,n780,n328,1159,car
t2078,n2162,n2025,1159,car
t2079,n1399,n2071,1160,car
t2080,n1399,n168,1160,car
t2081,n121,n1868,1160,car
t2082,n504,n859,1160,car
t2083,n1405,n1150,1161,car
t2084,n2255,n1733,1161,car
t2085,n610,n0,1161,car
t2086,n1505,n1695,1161,car
t2087,n1357,n461,1161,car
t2088,n1459,n1259,1162,car
t2089,n1313,n171,1162,car
t2090,n1247,n338,1162,car
t2091,n162,n388,1162,car
t2092,n1029,n1113,1162,car
t2093,n128,n841,1162,car
t2094,n1850,n1588,1162,car
t2095,n56,n792,1162,car
t2096,n187,n2221,1163,car
t2097,n2249,n1694,1163,car
t2098,n1226,n796,1163,car
t2099,n1349,n442,1163,car
t2100,n957,n561,1163,car
t2101,n1266,n277,1163,car
t2102,n15,n860,1164,car
t2103,n1405,n1620,1164,car
t2104,n948,n2186,1164,car
t2105,n1203,n1228,1164,car
t2106,n62,n524,1164,car
t2107,n1027,n2109,1165,car
t2108,n306,n321,1165,car
t2109,n1977,n1573,1165,car
t2110,n840,n1510,1166,car
t2111,n219,n1636,1166,car
t2112,n162,n297,1166,car
t2113,n943,n966,1167,car
t2114,n258,n924,1167,car
t2115,n930,n1079,1167,car
t2116,n965,n755,1167,car
t2117,n1461,n1972,1168,car
t2118,n920,n1662,1168,car
t2119,n507,n1923,1168,car
t2120,n432,n1800,1168,car
t2121,n2033,n80,1168,car
t2122,n1143,n1918,1168,car
t2123,n940,n535,1169,car
t2124,n1103,n36,1169,car
t2125,n1050,n1562,1169,car
t2126,n1337,n2185,1169,car
t2127,n554,n398,1169,car
t2128,n985,n1443,1169,car
t2129,n931,n1555,1169,car
t2130,n995,n716,1170,car
t2131,n1588,n1369,1170,car
t2132,n782,n1758,1170,car
t2133,n854,n549,1170,car
t2134,n1444,n464,1170,car
t2135,n1753,n296,1170,car
t2136,n668,n1150,1171,car
t2137,n354,n741,1171,car
t2138,n61,n1214,1172,car
t2139,n1755,n1207,1172,car
t2140,n370,n1716,1172,car
t2141,n1694,n1963,1172,car
t2142,n508,n1485,1172,car
t2143,n450,n2013,1173,car
t2144,n1387,n1273,1173,car
t2145,n221,n1139,1173,car
t2146,n2131,n1554,1173,car
t2147,n866,n982,1174,car
t2148,n967,n344,1174,car
t2149,n528,n1871,1174,car
t2150,n532,n1024,1174,car
t2151,n1434,n1687,1174,car
t2152,n1034,n1723,1174,car
t2153,n1381,n1805,1174,car
t2154,n911,n527,1175,car
t2155,n356,n648,1175,car
t2156,n81,n2109,1175,car
t2157,n59,n68,1175,car
t2158,n972,n997,1176,car
t2159,n1012,n737,1176,car
t2160,n433,n92,1176,car
t2161,n916,n1569,1176,car
t2162,n376,n2231,1176,car
t2163,n51,n647,1177,car
t2164,n1778,n2076,1177,car
t2165,n725,n1518,1177,car
t2166,n1151,n1066,1177,car
t2167,n1457,n801,1178,car
t2168,n509,n1623,1178,car
t2169,n603,n2180,1178,car
t2170,n170,n179,1178,car
t2171,n496,n1071,1178,car
t2172,n759,n201,1178,car
t2173,n1457,n1807,1178,car
t2174,n1963,n2213,1178,car
t2175,n1963,n348,1178,car
t2176,n816,n267,1178,car
t2177,n1795,n497,1179,car
t2178,n606,n201,1179,car
t2179,n1188,n1877,1179,car
t2180,n727,n1074,1179,car
t2181,n420,n2092,1179,car
t2182,n62,n1716,1179,car
t2183,n1183,n1262,1180,car
t2184,n60,n1975,1180,car
t2185,n1002,n71,1181,car
t2186,n422,n1737,1181,car
t2187,n62,n419,1181,car
t2188,n2249,n1029,1181,car
t2189,n1850,n512,1181,car
t2190,n1501,n455,1181,car
t2191,n1792,n442,1181,car
t2192,n1012,n1407,1181,car
t2193,n591,n516,1181,car
t2194,n15,n1234,1182,car
t2195,n1685,n182,1182,car
t2196,n1029,n1372,1182,car
t2197,n1266,n149,1183,car
t2198,n523,n383,1183,car
t2199,n1465,n389,1183,car
t2200,n152,n1279,1183,car
t2201,n853,n791,1184,car
t2202,n491,n989,1184,car
t2203,n143,n168,1184,car
t2204,n1184,n2266,1184,car
t2205,n2255,n69,1184,car
t2206,n63,n984,1184,car
t2207,n969,n1439,1185,car
t2208,n55,n2144,1185,car
t2209,n128,n2159,1185,car
t2210,n2223,n1820,1185,car
t2211,n178,n1115,1185,car
t2212,n1143,n2081,1186,car
t2213,n1247,n645,1186,car
t2214,n1102,n679,1186,car
t2215,n507,n1362,1186,car
t2216,n2131,n1117,1187,car
t2217,n708,n715,1187,car
t2218,n1357,n992,1187,car
t2219,n469,n2244,1187,car
t2220,n724,n304,1187,car
t2221,n140,n1952,1187,car
t2222,n306,n807,1188,car
t2223,n1790,n1913,1188,car
t2224,n857,n375,1188,car
t2225,n452,n525,1188,car
t2226,n1850,n1814,1188,car
t2227,n561,n596,1189,car
t2228,n492,n1597,1189,car
t2229,n1459,n1126,1189,car
t2230,n1730,n625,1189,car
t2231,n680,n829,1189,car
t2232,n161,n785,1189,car
t2233,n436,n1309,1189,car
t2234,n2255,n317,1190,car
t2235,n829,n1288,1190,car
t2236,n1203,n1051,1191,car
t2237,n2255,n3,1191,car
t2238,n632,n1603,1191,car
t2239,n1592,n1791,1191,car
t2240,n1311,n2045,1191,car
t2241,n788,n1010,1191,car
t2242,n553,n50,1191,car
t2243,n617,n1676,1191,car
t2244,n376,n2058,1192,car
t2245,n422,n1277,1192,car
t2246,n1036,n1587,1192,car
t2247,n657,n251,1192,car
t2248,n277,n1009,1192,car
t2249,n267,n1255,1193,car
t2250,n94,n345,1193,car
t2251,n1778,n719,1193,car
t2252,n2249,n1610,1194,car
t2253,n1255,n1647,1194,car
t2254,n1279,n157,1194,car
t2255,n338,n573,1194,car
t2256,n1008,n442,1194,car
t2257,n1331,n1518,1195,car
t2258,n1975,n1516,1195,car
t2259,n996,n1079,1195,car
t2260,n51,n177,1195,car
t2261,n837,n398,1195,car
t2262,n1001,n888,1196,car
t2263,n1576,n1129,1196,car
t2264,n801,n883,1196,car
t2265,n1814,n2156,1196,car
t2266,n2249,n1700,1196,car
t2267,n306,n485,1197,car
t2268,n1551,n1401,1197,car
t2269,n509,n1530,1197,car
t2270,n1910,n1963,1197,car
t2271,n617,n1998,1197,car
t2272,n424,n146,1198,car
t2273,n905,n1631,1198,car
t2274,n770,n2024,1199,car
t2275,n596,n643,1199,car
t2276,n414,n70,1199,car
t2277,n2117,n1583,1199,car
t2278,n1066,n884,1199,car
t2279,n1901,n1970,1200,car
t2280,n1764,n365,1200,car
t2281,n1435,n591,1200,car
t2282,n1161,n785,1200,car
t2283,n1983,n522,1200,car
t2284,n1357,n1281,1200,car
t2285,n280,n1737,1201,car
t2286,n1571,n732,1201,car
t2287,n1808,n17,1201,car
t2288,n1850,n839,1202,car
t2289,n1479,n614,1202,car
t2290,n51,n826,1202,car
t2291,n32,n154,1202,car
t2292,n522,n204,1203,car
t2293,n2210,n1271,1203,car
t2294,n187,n234,1203,car
t2295,n1909,n1418,1203,car
t2296,n2238,n791,1203,car
t2297,n745,n2102,1203,car
t2298,n2012,n321,1204,car
t2299,n2210,n1923,1204,car
t2300,n1479,n1688,1204,car
t2301,n1687,n1002,1204,car
t2302,n658,n1341,1204,car
t2303,n762,n1776,1205,car
t2304,n1161,n1962,1205,car
t2305,n1053,n2231,1205,car
t2306,n1812,n797,1205,car
t2307,n922,n699,1205,car
t2308,n801,n201,1205,car
t2309,n1880,n1273,1206,car
t2310,n1461,n809,1206,car
t2311,n717,n671,1206,car
t2312,n15,n712,1206,car
t2313,n2210,n1336,1207,car
t2314,n1013,n405,1207,car
t2315,n743,n2225,1207,car
t2316,n178,n61,1207,car
t2317,n280,n449,1207,car
t2318,n506,n1446,1207,car
t2319,n58,n842,1207,car
t2320,n52,n2109,1207,car
t2321,n1255,n2014,1207,car
t2322,n967,n1490,1207,car
t2323,n1582,n2261,1208,car
t2324,n529,n1563,1208,car
t2325,n507,n2153,1208,car
t2326,n432,n2041,1209,car
t2327,n1451,n1247,1209,car
t2328,n277,n1627,1209,car
t2329,n1458,n2068,1209,car
t2330,n1026,n311,1209,car
t2331,n919,n302,1209,car
t2332,n930,n604,1209,car
t2333,n970,n292,1210,car
t2334,n523,n879,1210,car
t2335,n743,n998,1210,car
t2336,n634,n770,1211,car
t2337,n1849,n440,1211,car
t2338,n909,n744,1211,car
t2339,n189,n1181,1211,car
t2340,n218,n182,1211,car
t2341,n2224,n1158,1212,car
t2342,n296,n1793,1212,car
t2343,n727,n1848,1212,car
t2344,n145,n1786,1212,car
t2345,n1357,n1143,1212,car
t2346,n1062,n1457,1212,car
t2347,n945,n2038,1212,car
t2348,n1093,n943,1212,car
t2349,n1565,n513,1213,car
t2350,n1762,n1388,1213,car
t2351,n24,n542,1213,car
t2352,n381,n2007,1213,car
t2353,n1721,n358,1213,car
t2354,n54,n430,1213,car
t2355,n507,n897,1214,car
t2356,n1349,n1193,1214,car
t2357,n1567,n742,1214,car
t2358,n1088,n2261,1214,car
t2359,n2165,n203,1214,car
t2360,n727,n875,1214,car
t2361,n166,n1844,1214,car
t2362,n188,n1519,1215,car
t2363,n610,n783,1215,car
t2364,n258,n294,1216,car
t2365,n1903,n2056,1216,car
t2366,n1489,n521,1216,car
t2367,n329,n1333,1216,car
t2368,n539,n220,1217,car
t2369,n1434,n128,1217,car
t2370,n2131,n1033,1217,car
t2371,n919,n475,1217,car
t2372,n694,n1544,1217,car
t2373,n1788,n16,1218,car
t2374,n837,n778,1218,car
t2375,n1255,n71,1218,car
t2376,n1458,n315,1218,car
t2377,n158,n420,1218,car
t2378,n75,n651,1219,car
t2379,n1847,n1107,1219,car
t2380,n302,n983,1219,car
t2381,n1036,n146,1219,car
t2382,n60,n370,1219,car
t2383,n187,n1815,1219,car
t2384,n1462,n836,1219,car
t2385,n1057,n472,1219,car
t2386,n1458,n1591,1220,car
t2387,n763,n626,1220,car
t2388,n2034,n1396,1220,car
t2389,n2124,n1681,1220,car
t2390,n437,n358,1220,car
t2391,n187,n683,1220,car
t2392,n1008,n1297,1221,car
t2393,n1162,n1416,1221,car
t2394,n1707,n339,1221,car
t2395,n2131,n1873,1221,car
t2396,n2165,n158,1221,car
t2397,n637,n1088,1221,car
t2398,n1779,n1332,1221,car
t2399,n545,n976,1221,car
t2400,n1161,n1343,1221,car
t2401,n2176,n1960,1222,car
t2402,n1036,n839,1222,car
t2403,n450,n1553,1222,car
t2404,n632,n483,1222,car
t2405,n1581,n845,1223,car
t2406,n450,n472,1223,car
t2407,n1687,n1676,1223,car
t2408,n1565,n1715,1223,car
t2409,n52,n539,1223,car
t2410,n729,n1836,1223,car
t2411,n1381,n662,1224,car
t2412,n493,n69,1224,car
t2413,n182,n2148,1224,car
t2414,n1587,n899,1225,car
t2415,n148,n103,1225,car
t2416,n305,n390,1225,car
t2417,n1803,n1596,1225,car
t2418,n1012,n1486,1225,car
t2419,n130,n1389,1226,car
t2420,n490,n996,1226,car
t2421,n306,n568,1226,car
t2422,n218,n893,1226,car
t2423,n469,n480,1227,car
t2424,n617,n1421,1227,car
t2425,n502,n1147,1227,car
t2426,n965,n1286,1227,car
t2427,n517,n2014,1227,car
t2428,n312,n1959,1227,car
t2429,n1810,n254,1227,car
t2430,n189,n1912,1227,car
t2431,n657,n883,1228,car
t2432,n60,n911,1228,car
t2433,n1166,n1642,1228,car
t2434,n2083,n334,1228,car
t2435,n841,n465,1228,car
t2436,n658,n1893,1228,car
t2437,n1036,n1368,1229,car
t2438,n1457,n542,1229,car
t2439,n1535,n1125,1229,car
t2440,n840,n618,1229,car
t2441,n2037,n319,1229,car
t2442,n1295,n988,1229,car
t2443,n1286,n1152,1229,car
t2444,n1983,n778,1230,car
t2445,n1272,n580,1230,car
t2446,n1681,n416,1230,car
t2447,n1205,n584,1230,car
t2448,n420,n604,1231,car
t2449,n1400,n1162,1231,car
t2450,n1008,n2256,1231,car
t2451,n1255,n500,1231,car
t2452,n1013,n359,1231,car
t2453,n1535,n526,1232,car
t2454,n2210,n174,1232,car
t2455,n729,n931,1232,car
t2456,n2084,n2267,1232,car
t2457,n300,n1365,1232,car
t2458,n831,n2247,1232,car
t2459,n83,n1564,1233,car
t2460,n915,n1895,1233,car
t2461,n645,n578,1233,car
t2462,n1732,n87,1234,car
t2463,n794,n936,1234,car
t2464,n884,n816,1234,car
t2465,n1008,n197,1235,car
t2466,n1451,n1607,1235,car
t2467,n137,n690,1235,car
t2468,n188,n1602,1235,car
t2469,n1800,n114,1235,car
t2470,n1788,n155,1235,car
t2471,n1164,n1747,1235,car
t2472,n322,n324,1235,car
t2473,n1808,n817,1235,car
t2474,n1562,n1140,1235,car
t2475,n581,n575,1236,car
t2476,n386,n922,1236,car
t2477,n1532,n2027,1236,car
t2478,n810,n48,1237,car
t2479,n178,n1751,1237,car
t2480,n596,n698,1237,car
t2481,n1216,n1255,1237,car
t2482,n354,n2109,1237,car
t2483,n1800,n689,1238,car
t2484,n386,n518,1238,car
t2485,n1762,n1659,1238,car
t2486,n645,n1381,1238,car
t2487,n2255,n660,1239,car
t2488,n68,n577,1239,car
t2489,n212,n748,1239,car
t2490,n1102,n1037,1239,car
t2491,n56,n14,1240,car
t2492,n456,n47,1240,car
t2493,n140,n1977,1240,car
t2494,n302,n2035,1240,car
t2495,n931,n1494,1241,car
t2496,n537,n1022,1241,car
t2497,n957,n293,1241,car
t2498,n2015,n1273,1241,car
t2499,n919,n458,1241,car
t2500,n59,n363,1242,car
t2501,n489,n670,1242,car
t2502,n545,n2147,1242,car
t2503,n420,n1773,1242,car
t2504,n2131,n1163,1242,car
t2505,n770,n106,1242,car
t2506,n1587,n109,1242,car
t2507,n32,n1590,1243,car
t2508,n258,n1199,1243,car
t2509,n1110,n943,1243,car
t2510,n56,n1035,1243,car
t2511,n52,n827,1243,car
t2512,n507,n1055,1243,car
t2513,n1790,n1193,1244,car
t2514,n957,n1602,1244,car
t2515,n509,n555,1244,car
t2516,n432,n599,1245,car
t2517,n1062,n1314,1245,car
t2518,n1188,n420,1245,car
t2519,n1276,n370,1245,car
t2520,n1551,n283,1245,car
t2521,n145,n436,1246,car
t2522,n913,n1178,1246,car
t2523,n666,n309,1246,car
t2524,n1169,n1127,1246,car
t2525,n432,n325,1246,car
t2526,n148,n62,1246,car
t2527,n879,n110,1246,car
t2528,n1322,n641,1246,car
t2529,n251,n1132,1246,car
t2530,n1964,n362,1247,car
t2531,n1849,n50,1247,car
t2532,n1820,n2023,1247,car
t2533,n318,n585,1247,car
t2534,n288,n1560,1248,car
t2535,n2210,n204,1248,car
t2536,n1532,n728,1248,car
t2537,n632,n588,1248,car
t2538,n716,n243,1248,car
t2539,n432,n1213,1248,car
t2540,n2047,n1940,1248,car
t2541,n44,n898,1249,car
t2542,n1612,n305,1249,car
t2543,n258,n1505,1249,car
t2544,n509,n495,1249,car
t2545,n801,n2003,1249,car
t2546,n224,n1469,1249,car
t2547,n1869,n1550,1249,car
t2548,n483,n1704,1249,car
t2549,n917,n688,1249,car
t2550,n545,n363,1249,car
t2551,n147,n60,1250,car
t2552,n1160,n2010,1250,car
t2553,n2165,n742,1250,car
t2554,n548,n1083,1250,car
t2555,n632,n1686,1250,car
t2556,n1160,n1172,1251,car
t2557,n1964,n432,1251,car
t2558,n896,n427,1251,car
t2559,n2012,n163,1251,car
t2560,n810,n1110,1251,car
t2561,n278,n46,1251,car
t2562,n537,n1529,1251,car
t2563,n178,n142,1251,car
t2564,n452,n298,1252,car
t2565,n1687,n396,1252,car
t2566,n1479,n1257,1252,car
t2567,n847,n1581,1253,car
t2568,n1813,n317,1253,car
t2569,n1356,n1648,1253,car
t2570,n1064,n33,1253,car
t2571,n61,n1176,1253,car
t2572,n1812,n1569,1254,car
t2573,n238,n1830,1254,car
t2574,n1270,n310,1254,car
t2575,n1862,n1495,1254,car
t2576,n601,n1190,1254,car
t2577,n905,n979,1255,car
t2578,n162,n152,1255,car
t2579,n628,n2203,1255,car
t2580,n743,n2109,1255,car
t2581,n1732,n1310,1255,car
t2582,n1776,n1400,1256,car
t2583,n474,n2034,1256,car
t2584,n277,n826,1256,car
t2585,n1333,n827,1256,car
t2586,n725,n1950,1256,car
t2587,n708,n2212,1257,car
t2588,n2249,n314,1257,car
t2589,n1435,n869,1257,car
t2590,n152,n810,1257,car
t2591,n629,n236,1257,car
t2592,n1093,n1,1257,car
t2593,n725,n1247,1258,car
t2594,n1812,n373,1258,car
t2595,n1615,n2027,1258,car
t2596,n188,n1596,1258,car
t2597,n1180,n1592,1258,car
t2598,n1277,n337,1258,car
t2599,n840,n1153,1258,car
t2600,n2195,n1364,1258,car
t2601,n318,n566,1258,car
t2602,n56,n1198,1258,car
t2603,n128,n2168,1258,car
t2604,n694,n732,1258,car
t2605,n1425,n1150,1258,car
t2606,n1036,n2244,1259,car
t2607,n121,n1136,1259,car
t2608,n1466,n227,1259,car
t2609,n258,n970,1259,car
t2610,n1026,n2071,1259,car
t2611,n415,n341,1259,car
t2612,n2121,n727,1259,car
t2613,n852,n1181,1260,car
t2614,n504,n1909,1260,car
t2615,n438,n323,1260,car
t2616,n1567,n2040,1260,car
t2617,n1813,n1166,1260,car
t2618,n1142,n2032,1260,car
t2619,n129,n888,1261,car
t2620,n63,n1475,1261,car
t2621,n1462,n440,1261,car
t2622,n642,n500,1261,car
t2623,n2180,n439,1261,car
t2624,n919,n1907,1261,car
t2625,n538,n2024,1262,car
t2626,n1461,n1588,1262,car
t2627,n443,n1390,1262,car
t2628,n143,n1848,1262,car
t2629,n985,n794,1263,car
t2630,n2037,n412,1263,car
t2631,n967,n1044,1263,car
t2632,n475,n686,1263,car
t2633,n1970,n2016,1263,car
t2634,n729,n497,1263,car
t2635,n589,n2221,1263,car
t2636,n1681,n1196,1263,car
t2637,n1009,n1274,1263,car
t2638,n937,n2202,1264,car
t2639,n2052,n2217,1264,car
t2640,n381,n2053,1264,car
t2641,n59,n590,1264,car
t2642,n363,n1115,1264,car
t2643,n1565,n2043,1264,car
t2644,n75,n911,1265,car
t2645,n622,n1503,1265,car
t2646,n341,n1281,1265,car
t2647,n1916,n2259,1265,car
t2648,n494,n1332,1266,car
t2649,n1004,n828,1266,car
t2650,n1160,n1044,1266,car
t2651,n637,n1033,1266,car
t2652,n1161,n860,1266,car
t2653,n75,n1,1267,car
t2654,n553,n1947,1267,car
t2655,n1833,n1635,1267,car
t2656,n1687,n574,1268,car
t2657,n1012,n698,1268,car
t2658,n970,n252,1268,car
t2659,n38,n1632,1268,car
t2660,n875,n828,1268,car
t2661,n300,n962,1268,car
t2662,n2080,n2092,1268,car
t2663,n968,n1349,1269,car
t2664,n1014,n673,1269,car
t2665,n62,n2036,1269,car
t2666,n388,n1415,1270,car
t2667,n549,n381,1270,car
t2668,n847,n57,1270,car
t2669,n2165,n750,1270,car
t2670,n166,n1867,1270,car
t2671,n1551,n707,1270,car
t2672,n965,n1178,1271,car
t2673,n1064,n590,1271,car
t2674,n1162,n1198,1271,car
t2675,n1862,n2138,1272,car
t2676,n675,n1779,1272,car
t2677,n1596,n1954,1272,car
t2678,n1778,n368,1272,car
t2679,n54,n693,1272,car
t2680,n1923,n2151,1272,car
t2681,n63,n1400,1272,car
t2682,n637,n817,1273,car
t2683,n1800,n590,1273,car
t2684,n443,n487,1273,car
t2685,n1508,n367,1274,car
t2686,n1813,n398,1274,car
t2687,n1766,n722,1274,car
t2688,n1466,n1921,1274,car
t2689,n1820,n1596,1274,car
t2690,n1579,n440,1275,car
t2691,n1883,n790,1275,car
t2692,n1378,n418,1275,car
t2693,n914,n165,1275,car
t2694,n992,n173,1276,car
t2695,n813,n715,1276,car
t2696,n1292,n2123,1276,car
t2697,n1267,n256,1276,car
t2698,n754,n1124,1276,car
t2699,n1148,n2007,1276,car
t2700,n548,n1661,1276,car
t2701,n60,n1912,1276,car
t2702,n509,n1212,1277,car
t2703,n550,n1674,1277,car
t2704,n1247,n927,1277,car
t2705,n709,n311,1277,car
t2706,n388,n944,1277,car
t2707,n1565,n1004,1277,car
t2708,n219,n1765,1277,car
t2709,n1459,n1166,1277,car
t2710,n128,n333,1277,car
t2711,n2224,n2003,1277,car
t2712,n632,n893,1278,car
t2713,n1694,n2219,1278,car
t2714,n140,n1051,1278,car
t2715,n1034,n2173,1278,car
t2716,n1742,n496,1278,car
t2717,n1567,n1813,1278,car
t2718,n51,n1602,1279,car
t2719,n363,n1388,1279,car
t2720,n690,n1952,1279,car
t2721,n1026,n1566,1279,car
t2722,n388,n661,1279,car
t2723,n1458,n1652,1280,car
t2724,n1459,n1108,1280,car
t2725,n835,n1939,1280,car
t2726,n1066,n445,1280,car
t2727,n306,n1340,1280,car
t2728,n229,n33,1280,car
t2729,n993,n573,1280,car
t2730,n2083,n1050,1281,car
t2731,n1775,n859,1281,car
t2732,n916,n1817,1281,car
t2733,n462,n124,1281,car
t2734,n248,n156,1281,car
t2735,n146,n999,1282,car
t2736,n1551,n1819,1282,car
t2737,n509,n1393,1282,car
t2738,n548,n392,1283,car
t2739,n1537,n749,1283,car
t2740,n2255,n1456,1283,car
t2741,n1451,n1934,1283,car
t2742,n1162,n1058,1283,car
t2743,n63,n407,1284,car
t2744,n2206,n85,1284,car
t2745,n1066,n36,1284,car
t2746,n1193,n2061,1284,car
t2747,n1581,n2199,1284,car
t2748,n61,n197,1284,car
t2749,n1457,n92,1284,car
t2750,n2255,n1335,1285,car
t2751,n2267,n431,1285,car
t2752,n51,n1791,1285,car
t2753,n2012,n2016,1285,car
t2754,n2037,n1217,1286,car
t2755,n693,n942,1286,car
t2756,n585,n965,1286,car
t2757,n1062,n400,1286,car
t2758,n522,n1091,1286,car
t2759,n743,n1174,1286,car
t2760,n2121,n1308,1287,car
t2761,n549,n2152,1287,car
t2762,n420,n1745,1287,car
t2763,n760,n1295,1287,car
t2764,n645,n1817,1288,car
t2765,n1775,n2249,1288,car
t2766,n1964,n155,1288,car
t2767,n1142,n382,1288,car
t2768,n1315,n1385,1288,car
t2769,n2249,n1163,1289,car
t2770,n1567,n1590,1289,car
t2771,n886,n359,1289,car
t2772,n606,n337,1289,car
t2773,n957,n2098,1289,car
t2774,n346,n1024,1289,car
t2775,n507,n1541,1290,car
t2776,n985,n479,1290,car
t2777,n2120,n1612,1290,car
t2778,n314,n817,1291,car
t2779,n166,n1199,1291,car
t2780,n751,n967,1291,car
t2781,n1730,n1993,1291,car
t2782,n1349,n3,1291,car
t2783,n502,n899,1291,car
t2784,n449,n936,1291,car
t2785,n397,n1603,1291,car
t2786,n594,n806,1292,car
t2787,n187,n1000,1292,car
t2788,n763,n2031,1292,car
t2789,n1459,n930,1292,car
t2790,n1778,n1209,1292,car
t2791,n583,n868,1292,car
t2792,n1204,n1027,1292,car
t2793,n1145,n783,1292,car
t2794,n174,n281,1292,car
t2795,n1032,n1439,1292,car
t2796,n166,n1403,1292,car
t2797,n2246,n1313,1293,car
t2798,n1247,n363,1293,car
t2799,n219,n824,1293,car
t2800,n1066,n545,1293,car
t2801,n1064,n1396,1294,car
t2802,n233,n2143,1294,car
t2803,n554,n355,1294,car
t2804,n255,n775,1294,car
t2805,n945,n1727,1294,car
t2806,n1867,n830,1294,car
t2807,n992,n1697,1295,car
t2808,n1053,n106,1295,car
t2809,n1247,n1342,1296,car
t2810,n537,n477,1296,car
t2811,n2223,n650,1296,car
t2812,n468,n66,1296,car
t2813,n548,n1657,1296,car
t2814,n1194,n1004,1296,car
t2815,n52,n649,1296,car
t2816,n1012,n1275,1297,car
t2817,n1118,n860,1297,car
t2818,n1281,n1619,1297,car
t2819,n1235,n489,1297,car
t2820,n684,n1657,1297,car
t2821,n917,n1148,1297,car
t2822,n1001,n1194,1297,car
t2823,n1862,n276,1297,car
t2824,n1901,n1564,1297,car
t2825,n488,n1843,1298,car
t2826,n75,n1840,1298,car
t2827,n740,n343,1298,car
t2828,n596,n1086,1298,car
t2829,n1812,n1104,1298,car
t2830,n656,n1858,1298,car
t2831,n744,n232,1298,car
t2832,n346,n1208,1298,car
t2833,n1803,n800,1298,car
t2834,n1452,n106,1299,car
t2835,n606,n1519,1299,car
t2836,n1322,n1343,1299,car
t2837,n364,n426,1299,car
t2838,n965,n1923,1299,car
t2839,n548,n555,1300,car
t2840,n443,n13,1300,car
t2841,n1322,n241,1300,car
t2842,n381,n1445,1300,car
t2843,n1924,n519,1300,car
t2844,n2207,n8,1300,car
t2845,n632,n482,1300,car
t2846,n606,n1823,1300,car
t2847,n1539,n876,1300,car
t2848,n630,n421,1300,car
t2849,n957,n255,1301,car
t2850,n673,n821,1301,car
t2851,n780,n792,1301,car
t2852,n659,n2107,1301,car
t2853,n2210,n591,1301,car
t2854,n1820,n315,1301,car
t2855,n151,n1853,1301,car
t2856,n1819,n127,1301,car
t2857,n589,n1567,1301,car
t2858,n1590,n2167,1301,car
t2859,n1535,n108,1302,car
t2860,n876,n2103,1303,car
t2861,n1466,n1208,1303,car
t2862,n306,n2109,1303,car
t2863,n62,n455,1303,car
t2864,n844,n1879,1304,car
t2865,n549,n1776,1304,car
t2866,n24,n1516,1304,car
t2867,n1229,n2077,1304,car
t2868,n637,n1533,1304,car
t2869,n432,n839,1304,car
t2870,n1435,n415,1305,car
t2871,n970,n845,1305,car
t2872,n1647,n2147,1305,car
t2873,n632,n2261,1305,car
t2874,n448,n407,1305,car
t2875,n591,n1122,1305,car
t2876,n1812,n8,1305,car
t2877,n702,n1937,1305,car
t2878,n1618,n549,1305,car
t2879,n1812,n1694,1305,car
t2880,n1639,n585,1306,car
t2881,n733,n1484,1306,car
t2882,n702,n1117,1306,car
t2883,n1778,n2258,1306,car
t2884,n148,n1870,1306,car
t2885,n894,n724,1307,car
t2886,n417,n908,1307,car
t2887,n1788,n2129,1307,car
t2888,n188,n2024,1307,car
t2889,n676,n1465,1307,car
t2890,n74,n534,1307,car
t2891,n503,n2205,1308,car
t2892,n74,n317,1308,car
t2893,n612,n692,1308,car
t2894,n1564,n1934,1308,car
t2895,n787,n398,1308,car
t2896,n177,n788,1308,car
t2897,n595,n964,1309,car
t2898,n919,n1667,1309,car
t2899,n1164,n2246,1309,car
t2900,n166,n1886,1310,car
t2901,n673,n2243,1310,car
t2902,n637,n2032,1310,car
t2903,n1820,n155,1310,car
t2904,n757,n715,1310,car
t2905,n598,n1403,1310,car
t2906,n560,n909,1311,car
t2907,n54,n710,1311,car
t2908,n346,n908,1311,car
t2909,n212,n651,1312,car
t2910,n506,n72,1312,car
t2911,n507,n1342,1312,car
t2912,n1145,n803,1312,car
t2913,n2012,n1022,1312,car
t2914,n1356,n951,1313,car
t2915,n694,n1662,1313,car
t2916,n255,n1061,1313,car
t2917,n917,n345,1313,car
t2918,n1457,n1807,1313,car
t2919,n258,n2219,1313,car
t2920,n822,n530,1314,car
t2921,n218,n2129,1314,car
t2922,n743,n1996,1314,car
t2923,n901,n1159,1314,car
t2924,n1036,n417,1315,car
t2925,n1765,n1155,1315,car
t2926,n637,n1118,1315,car
t2927,n52,n1417,1315,car
t2928,n897,n1366,1315,car
t2929,n1459,n1971,1315,car
t2930,n1161,n472,1316,car
t2931,n1459,n597,1316,car
t2932,n972,n207,1316,car
t2933,n1774,n1743,1316,car
t2934,n1159,n671,1316,car
t2935,n851,n148,1316,car
t2936,n49,n520,1316,car
t2937,n341,n1671,1316,car
t2938,n724,n2060,1317,car
t2939,n1008,n629,1317,car
t2940,n2210,n1868,1317,car
t2941,n1049,n842,1317,car
t2942,n1716,n194,1317,car
t2943,n393,n1869,1317,car
t2944,n690,n1040,1317,car
t2945,n1638,n2035,1317,car
t2946,n1976,n451,1317,car
t2947,n432,n1735,1317,car
t2948,n1903,n592,1318,car
t2949,n1381,n1230,1318,car
t2950,n957,n972,1318,car
t2951,n1066,n1818,1318,car
t2952,n1547,n1032,1318,car
t2953,n822,n1373,1318,car
t2954,n1869,n1752,1319,car
t2955,n1867,n44,1319,car
t2956,n121,n1485,1319,car
t2957,n598,n1097,1319,car
t2958,n1493,n841,1319,car
t2959,n1053,n1954,1319,car
t2960,n1255,n1558,1319,car
t2961,n2162,n1092,1320,car
t2962,n412,n158,1320,car
t2963,n1366,n1707,1320,car
t2964,n1694,n1516,1320,car
t2965,n1799,n338,1320,car
t2966,n145,n514,1320,car
t2967,n1820,n1154,1320,car
t2968,n1458,n1516,1321,car
t2969,n656,n260,1321,car
t2970,n1093,n736,1321,car
t2971,n381,n1110,1321,car
t2972,n1279,n554,1321,car
t2973,n1884,n411,1321,car
t2974,n92,n39,1321,car
t2975,n904,n1864,1321,car
t2976,n218,n2139,1322,car
t2977,n277,n1175,1322,car
t2978,n709,n2000,1322,car
t2979,n143,n1181,1322,car
t2980,n178,n903,1322,car
t2981,n586,n333,1322,car
t2982,n1466,n924,1322,car
t2983,n408,n1618,1323,car
t2984,n502,n1416,1323,car
t2985,n2255,n239,1323,car
t2986,n855,n1070,1323,car
t2987,n258,n1055,1323,car
t2988,n1722,n1752,1323,car
t2989,n465,n1676,1323,car
t2990,n1694,n1613,1323,car
t2991,n570,n462,1324,car
t2992,n666,n247,1324,car
t2993,n965,n1641,1324,car
t2994,n1605,n1151,1325,car
t2995,n1762,n1870,1325,car
t2996,n91,n1064,1325,car
t2997,n1782,n1960,1325,car
t2998,n345,n1837,1325,car
t2999,n1686,n1980,1326,car
t3000,n651,n2196,1326,car
t3001,n1184,n903,1326,car
t3002,n1466,n392,1326,car
t3003,n1451,n578,1327,car
t3004,n2223,n985,1327,car
t3005,n1564,n1736,1327,car
t3006,n1850,n1467,1328,car
t3007,n1012,n1696,1328,car
t3008,n772,n523,1328,car
t3009,n789,n1923,1328,car
t3010,n724,n198,1328,car
t3011,n617,n424,1328,car
t3012,n964,n596,1328,car
t3013,n851,n1317,1329,car
t3014,n187,n739,1329,car
t3015,n399,n343,1329,car
t3016,n1268,n119,1329,car
t3017,n1031,n468,1329,car
t3018,n233,n1374,1330,car
t3019,n354,n252,1330,car
t3020,n811,n2097,1330,car
t3021,n532,n1716,1331,car
t3022,n1537,n1000,1331,car
t3023,n930,n144,1331,car
t3024,n91,n1655,1332,car
t3025,n2174,n2152,1332,car
t3026,n61,n2025,1333,car
t3027,n81,n721,1333,car
t3028,n956,n1734,1333,car
t3029,n1552,n930,1333,car
t3030,n1102,n382,1333,car
t3031,n1694,n150,1334,car
t3032,n1066,n2096,1334,car
t3033,n1765,n700,1334,car
t3034,n49,n1368,1335,car
t3035,n94,n639,1335,car
t3036,n1686,n1768,1335,car
t3037,n556,n16,1335,car
t3038,n1732,n1257,1335,car
t3039,n315,n416,1335,car
t3040,n743,n1400,1335,car
t3041,n1149,n96,1336,car
t3042,n506,n650,1336,car
t3043,n656,n983,1336,car
t3044,n1363,n1847,1336,car
t3045,n450,n1670,1336,car
t3046,n1479,n473,1336,car
t3047,n121,n1739,1336,car
t3048,n1349,n1343,1337,car
t3049,n166,n339,1337,car
t3050,n1606,n1296,1337,car
t3051,n1528,n1764,1337,car
t3052,n233,n528,1337,car
t3053,n188,n2162,1338,car
t3054,n1053,n425,1338,car
t3055,n187,n683,1338,car
t3056,n744,n637,1338,car
t3057,n255,n809,1338,car
t3058,n538,n2086,1338,car
t3059,n488,n694,1338,car
t3060,n1458,n585,1339,car
t3061,n1311,n1706,1339,car
t3062,n751,n1539,1339,car
t3063,n370,n2211,1339,car
t3064,n1812,n1245,1339,car
t3065,n598,n1257,1339,car
t3066,n145,n43,1340,car
t3067,n1532,n949,1340,car
t3068,n195,n1069,1340,car
t3069,n1638,n584,1340,car
t3070,n1788,n648,1340,car
t3071,n919,n524,1341,car
t3072,n945,n361,1341,car
t3073,n537,n1265,1341,car
t3074,n1434,n1282,1341,car
t3075,n1788,n1827,1341,car
t3076,n1008,n750,1341,car
t3077,n425,n744,1342,car
t3078,n1853,n1318,1342,car
t3079,n1961,n616,1342,car
t3080,n657,n1492,1342,car
t3081,n668,n207,1343,car
t3082,n637,n830,1343,car
t3083,n1715,n725,1343,car
t3084,n598,n648,1343,car
t3085,n1211,n1611,1344,car
t3086,n344,n132,1344,car
t3087,n24,n2118,1344,car
t3088,n56,n888,1344,car
t3089,n1163,n2078,1344,car
t3090,n768,n2196,1345,car
t3091,n1143,n240,1345,car
t3092,n1813,n1977,1345,car
t3093,n591,n791,1345,car
t3094,n662,n2025,1345,car
t3095,n1333,n992,1345,car
t3096,n354,n538,1346,car
t3097,n1820,n1611,1346,car
t3098,n1814,n2225,1346,car
t3099,n965,n2107,1346,car
t3100,n381,n1703,1346,car
t3101,n509,n773,1346,car
t3102,n1435,n150,1346,car
t3103,n468,n651,1346,car
t3104,n1976,n755,1346,car
t3105,n32,n1866,1346,car
t3106,n56,n616,1347,car
t3107,n810,n1062,1347,car
t3108,n755,n1659,1347,car
t3109,n2124,n725,1347,car
t3110,n1347,n689,1347,car
t3111,n1595,n1840,1347,car
t3112,n1532,n1368,1348,car
t3113,n1017,n2133,1348,car
t3114,n995,n56,1348,car
t3115,n1004,n258,1348,car
t3116,n2164,n1277,1348,car
t3117,n801,n1929,1348,car
t3118,n1880,n732,1349,car
t3119,n690,n1939,1349,car
t3120,n2071,n1928,1349,car
t3121,n691,n1550,1350,car
t3122,n129,n329,1350,car
t3123,n1815,n146,1350,car
t3124,n1347,n701,1350,car
t3125,n920,n581,1350,car
t3126,n152,n304,1350,car
t3127,n548,n886,1350,car
t3128,n388,n2162,1351,car
t3129,n166,n1455,1351,car
t3130,n1933,n911,1351,car
t3131,n2012,n2204,1351,car
t3132,n510,n1301,1352,car
t3133,n1458,n631,1352,car
t3134,n439,n168,1352,car
t3135,n2249,n380,1352,car
t3136,n506,n20,1352,car
t3137,n1687,n988,1353,car
t3138,n1479,n2050,1353,car
t3139,n1204,n824,1353,car
t3140,n318,n779,1354,car
t3141,n51,n946,1354,car
t3142,n406,n2234,1354,car
t3143,n924,n1985,1354,car
t3144,n2255,n1821,1354,car
t3145,n252,n522,1354,car
t3146,n687,n1038,1354,car
t3147,n60,n572,1354,car
t3148,n1535,n1153,1354,car
t3149,n1204,n194,1354,car
t3150,n1188,n1733,1354,car
t3151,n1975,n1242,1355,car
t3152,n496,n1196,1355,car
t3153,n162,n735,1355,car
t3154,n727,n2006,1355,car
t3155,n63,n1964,1356,car
t3156,n1269,n624,1356,car
t3157,n666,n388,1356,car
t3158,n1273,n1127,1356,car
t3159,n1012,n2113,1356,car
t3160,n1066,n475,1357,car
t3161,n1258,n517,1357,car
t3162,n1457,n1665,1357,car
t3163,n1961,n778,1357,car
t3164,n1584,n1566,1357,car
t3165,n612,n1296,1358,car
t3166,n1036,n1031,1358,car
t3167,n1457,n434,1358,car
t3168,n91,n822,1358,car
t3169,n509,n257,1358,car
t3170,n1913,n2028,1359,car
t3171,n460,n795,1359,car
t3172,n1235,n35,1359,car
t3173,n139,n36,1359,car
t3174,n502,n1693,1359,car
t3175,n967,n369,1359,car
t3176,n707,n328,1360,car
t3177,n143,n2029,1360,car
t3178,n1820,n2032,1360,car
t3179,n612,n624,1360,car
t3180,n130,n664,1360,car
t3181,n68,n998,1360,car
t3182,n804,n2164,1360,car
t3183,n821,n175,1361,car
t3184,n2255,n933,1361,car
t3185,n847,n497,1361,car
t3186,n844,n1493,1362,car
t3187,n61,n96,1362,car
t3188,n94,n1206,1362,car
t3189,n130,n660,1362,car
t3190,n1271,n212,1362,car
t3191,n1457,n1390,1362,car
t3192,n1286,n1509,1362,car
t3193,n1564,n584,1363,car
t3194,n426,n48,1363,car
t3195,n1436,n2030,1363,car
t3196,n438,n1109,1363,car
t3197,n1901,n2262,1364,car
t3198,n632,n1939,1364,car
t3199,n595,n1970,1364,car
t3200,n871,n842,1364,car
t3201,n581,n1666,1364,car
t3202,n1012,n1377,1365,car
t3203,n705,n361,1365,car
t3204,n24,n141,1365,car
t3205,n468,n886,1365,car
t3206,n55,n1526,1365,car
t3207,n788,n1641,1366,car
t3208,n481,n540,1366,car
t3209,n1323,n847,1366,car
t3210,n550,n1614,1366,car
t3211,n258,n709,1366,car
t3212,n388,n149,1366,car
t3213,n985,n175,1366,car
t3214,n128,n785,1367,car
t3215,n493,n1724,1367,car
t3216,n919,n1161,1367,car
t3217,n1066,n236,1367,car
t3218,n548,n1511,1367,car
t3219,n224,n1940,1368,car
t3220,n591,n2250,1368,car
t3221,n801,n999,1368,car
t3222,n152,n647,1368,car
t3223,n1479,n437,1368,car
t3224,n218,n170,1368,car
t3225,n545,n565,1368,car
t3226,n1188,n792,1368,car
t3227,n1528,n571,1368,car
t3228,n340,n453,1369,car
t3229,n1285,n1338,1369,car
t3230,n1565,n1500,1369,car
t3231,n901,n270,1369,car
t3232,n148,n1800,1369,car
t3233,n1869,n448,1370,car
t3234,n257,n1978,1370,car
t3235,n2210,n1895,1370,car
t3236,n184,n2151,1370,car
t3237,n509,n569,1371,car
t3238,n1238,n1569,1371,car
t3239,n1159,n2145,1371,car
t3240,n666,n1996,1371,car
t3241,n1188,n1599,1371,car
t3242,n372,n866,1371,car
t3243,n2124,n121,1372,car
t3244,n293,n1499,1372,car
t3245,n188,n2233,1372,car
t3246,n1621,n650,1372,car
t3247,n1112,n279,1372,car
t3248,n847,n1814,1372,car
t3249,n2071,n687,1372,car
t3250,n255,n33,1373,car
t3251,n1066,n479,1373,car
t3252,n129,n1609,1373,car
t3253,n727,n987,1373,car
t3254,n140,n55,1374,car
t3255,n187,n1075,1374,car
t3256,n2121,n446,1374,car
t3257,n943,n445,1374,car
t3258,n1016,n1567,1374,car
t3259,n591,n479,1375,car
t3260,n218,n1811,1375,car
t3261,n1970,n861,1375,car
t3262,n1026,n36,1375,car
t3263,n1066,n316,1375,car
t3264,n2210,n1357,1375,car
t3265,n32,n232,1375,car
t3266,n1774,n1213,1375,car
t3267,n54,n1190,1375,car
t3268,n328,n858,1375,car
t3269,n1462,n1164,1376,car
t3270,n2255,n1492,1376,car
t3271,n1142,n1621,1376,car
t3272,n705,n944,1377,car
t3273,n1970,n1007,1377,car
t3274,n1012,n738,1377,car
t3275,n1603,n1643,1377,car
t3276,n1684,n141,1377,car
t3277,n508,n1696,1377,car
t3278,n656,n2245,1377,car
t3279,n549,n876,1377,car
t3280,n1014,n445,1378,car
t3281,n422,n149,1378,car
t3282,n2162,n1025,1378,car
t3283,n1014,n1168,1379,car
t3284,n314,n749,1379,car
t3285,n315,n156,1379,car
t3286,n1534,n1367,1379,car
t3287,n1204,n542,1379,car
t3288,n187,n1817,1379,car
t3289,n1869,n1774,1379,car
t3290,n128,n1143,1379,car
t3291,n1338,n2154,1380,car
t3292,n789,n515,1380,car
t3293,n2255,n168,1380,car
t3294,n1012,n1184,1380,car
t3295,n975,n970,1380,car
t3296,n491,n771,1380,car
t3297,n812,n578,1381,car
t3298,n1883,n1100,1381,car
t3299,n1131,n159,1381,car
t3300,n608,n1950,1381,car
t3301,n1356,n774,1382,car
t3302,n1818,n1477,1382,car
t3303,n717,n2153,1382,car
t3304,n760,n1392,1382,car
t3305,n255,n199,1382,car
t3306,n969,n650,1382,car
t3307,n1169,n186,1382,car
t3308,n1552,n1852,1382,car
t3309,n1862,n2120,1382,car
t3310,n1838,n959,1382,car
t3311,n2104,n1487,1382,car
t3312,n1847,n740,1383,car
t3313,n92,n167,1383,car
t3314,n129,n575,1383,car
t3315,n837,n2114,1383,car
t3316,n1803,n795,1384,car
t3317,n838,n285,1384,car
t3318,n1479,n2258,1384,car
t3319,n586,n137,1384,car
t3320,n1457,n1117,1384,car
t3321,n507,n1138,1385,car
t3322,n1814,n35,1385,car
t3323,n1846,n1909,1385,car
t3324,n433,n1593,1385,car
t3325,n1349,n1645,1385,car
t3326,n2249,n2033,1385,car
t3327,n727,n2259,1386,car
t3328,n404,n19,1386,car
t3329,n920,n2235,1386,car
t3330,n1774,n528,1386,car
t3331,n1975,n153,1386,car
t3332,n1820,n1846,1387,car
t3333,n489,n2187,1387,car
t3334,n1151,n948,1387,car
t3335,n1163,n846,1387,car
t3336,n2210,n1694,1387,car
t3337,n2210,n1402,1388,car
t3338,n1869,n1186,1388,car
t3339,n1789,n1809,1388,car
t3340,n142,n369,1388,car
t3341,n632,n1157,1388,car
t3342,n822,n1557,1388,car
t3343,n1112,n361,1388,car
t3344,n724,n1534,1389,car
t3345,n381,n370,1389,car
t3346,n215,n525,1389,car
t3347,n1066,n1148,1389,car
t3348,n1102,n754,1389,car
t3349,n32,n1008,1389,car
t3350,n1820,n1111,1389,car
t3351,n145,n989,1389,car
t3352,n450,n40,1390,car
t3353,n1788,n1887,1390,car
t3354,n490,n661,1390,car
t3355,n1188,n2069,1390,car
t3356,n585,n423,1390,car
t3357,n376,n45,1390,car
t3358,n1457,n1881,1390,car
t3359,n2061,n897,1390,car
t3360,n1812,n1587,1391,car
t3361,n255,n2034,1391,car
t3362,n209,n1362,1391,car
t3363,n187,n214,1391,car
t3364,n345,n253,1391,car
t3365,n1036,n944,1391,car
t3366,n917,n2268,1391,car
t3367,n15,n692,1391,car
t3368,n823,n154,1391,car
t3369,n502,n2235,1391,car
t3370,n1141,n769,1391,car
t3371,n606,n959,1392,car
t3372,n631,n1555,1392,car
t3373,n891,n2073,1393,car
t3374,n363,n1155,1393,car
t3375,n1820,n1822,1393,car
t3376,n1054,n2229,1393,car
t3377,n1457,n1438,1393,car
t3378,n1188,n1193,1393,car
t3379,n595,n2141,1393,car
t3380,n148,n2108,1393,car
t3381,n55,n926,1393,car
t3382,n468,n2121,1394,car
t3383,n1357,n2002,1394,car
t3384,n970,n715,1394,car
t3385,n1564,n939,1394,car
t3386,n1754,n1744,1394,car
t3387,n356,n645,1394,car
t3388,n1862,n1685,1394,car
t3389,n1161,n2261,1394,car
t3390,n528,n2108,1394,car
t3391,n1721,n294,1395,car
t3392,n724,n381,1395,car
t3393,n2195,n1875,1395,car
t3394,n258,n413,1395,car
t3395,n1597,n2015,1395,car
t3396,n1102,n906,1395,car
t3397,n1110,n42,1395,car
t3398,n1808,n1425,1395,car
t3399,n598,n2176,1395,car
t3400,n188,n149,1396,car
t3401,n957,n845,1396,car
t3402,n1687,n1890,1396,car
t3403,n1584,n1516,1397,car
t3404,n1849,n1670,1397,car
t3405,n75,n1702,1397,car
t3406,n158,n696,1397,car
t3407,n61,n1876,1397,car
t3408,n606,n704,1398,car
t3409,n915,n381,1398,car
t3410,n346,n764,1398,car
t3411,n694,n1733,1398,car
t3412,n791,n754,1398,car
t3413,n508,n1595,1398,car
t3414,n970,n956,1398,car
t3415,n1850,n273,1398,car
t3416,n1159,n1278,1399,car
t3417,n1567,n993,1399,car
t3418,n1281,n731,1399,car
t3419,n507,n826,1399,car
t3420,n1850,n2019,1399,car
t3421,n388,n1642,1399,car
t3422,n1803,n548,1400,car
t3423,n1970,n710,1400,car
t3424,n221,n1138,1400,car
t3425,n2121,n1956,1400,car
t3426,n2223,n371,1400,car
t3427,n1161,n1525,1401,car
t3428,n597,n393,1401,car
t3429,n1066,n1974,1401,car
t3430,n537,n1155,1401,car
t3431,n1808,n1856,1401,car
t3432,n2082,n784,1401,car
t3433,n1615,n624,1401,car
t3434,n598,n2121,1401,car
t3435,n1347,n431,1402,car
t3436,n993,n1071,1402,car
t3437,n188,n1247,1402,car
t3438,n972,n278,1402,car
t3439,n567,n1863,1402,car
t3440,n1102,n585,1402,car
t3441,n1349,n618,1402,car
t3442,n450,n340,1403,car
t3443,n152,n2237,1403,car
t3444,n1800,n2267,1403,car
t3445,n545,n2069,1404,car
t3446,n506,n1522,1404,car
t3447,n372,n511,1404,car
t3448,n736,n927,1404,car
t3449,n549,n493,1404,car
t3450,n523,n799,1405,car
t3451,n1625,n583,1405,car
t3452,n459,n1715,1405,car
t3453,n596,n458,1405,car
t3454,n60,n868,1405,car
t3455,n288,n1946,1405,car
t3456,n1813,n28,1405,car
t3457,n1528,n785,1405,car
t3458,n158,n1012,1405,car
t3459,n1615,n2070,1405,car
t3460,n1435,n1345,1406,car
t3461,n255,n1685,1406,car
t3462,n744,n117,1406,car
t3463,n507,n361,1406,car
t3464,n1333,n2085,1407,car
t3465,n1008,n745,1407,car
t3466,n919,n1314,1407,car
t3467,n2117,n1972,1407,car
t3468,n509,n1904,1408,car
t3469,n432,n1237,1408,car
t3470,n1398,n672,1408,car
t3471,n393,n1225,1408,car
t3472,n121,n1027,1408,car
t3473,n432,n1909,1408,car
t3474,n697,n51,1408,car
t3475,n1569,n1874,1409,car
t3476,n1565,n375,1409,car
t3477,n1462,n1647,1409,car
t3478,n1792,n676,1409,car
t3479,n2051,n2058,1409,car
t3480,n552,n620,1410,car
t3481,n345,n388,1410,car
t3482,n1457,n658,1410,car
t3483,n1777,n1543,1410,car
t3484,n1732,n1891,1411,car
t3485,n1564,n1622,1411,car
t3486,n1687,n700,1411,car
t3487,n1552,n1701,1411,car
t3488,n1820,n1036,1411,car
t3489,n1793,n100,1411,car
t3490,n219,n1114,1412,car
t3491,n1112,n1273,1412,car
t3492,n1269,n2266,1412,car
t3493,n1831,n1211,1413,car
t3494,n1466,n1439,1413,car
t3495,n2037,n1970,1413,car
t3496,n1591,n637,1413,car
t3497,n1146,n1471,1413,car
t3498,n851,n193,1414,car
t3499,n1356,n5,1414,car
t3500,n694,n2161,1414,car
t3501,n937,n1780,1414,car
t3502,n1730,n497,1414,car
t3503,n488,n1756,1414,car
t3504,n452,n306,1414,car
t3505,n467,n574,1415,car
t3506,n871,n1703,1415,car
t3507,n356,n443,1415,car
t3508,n945,n788,1415,car
t3509,n504,n2041,1415,car
t3510,n158,n1246,1416,car
t3511,n502,n204,1416,car
t3512,n595,n602,1416,car
t3513,n945,n449,1416,car
t3514,n936,n1894,1416,car
t3515,n426,n1636,1416,car
t3516,n137,n1088,1416,car
t3517,n727,n1610,1416,car
t3518,n63,n1956,1417,car
t3519,n823,n1020,1417,car
t3520,n1694,n450,1417,car
t3521,n62,n2064,1417,car
t3522,n666,n509,1417,car
t3523,n1162,n739,1417,car
t3524,n255,n1971,1417,car
t3525,n1479,n1012,1418,car
t3526,n440,n345,1418,car
t3527,n1532,n2035,1418,car
t3528,n1910,n856,1418,car
t3529,n903,n833,1418,car
t3530,n727,n1078,1419,car
t3531,n995,n889,1419,car
t3532,n1459,n1784,1419,car
t3533,n388,n749,1419,car
t3534,n1247,n1062,1419,car
t3535,n828,n36,1419,car
t3536,n2071,n1214,1420,car
t3537,n1587,n1424,1420,car
t3538,n1204,n414,1420,car
t3539,n860,n763,1420,car
t3540,n1259,n1008,1420,car
t3541,n645,n589,1420,car
t3542,n381,n86,1421,car
t3543,n430,n1825,1421,car
t3544,n1458,n1333,1421,car
t3545,n698,n1630,1421,car
t3546,n2174,n323,1421,car
t3547,n595,n2205,1422,car
t3548,n2121,n658,1422,car
t3549,n549,n2109,1422,car
t3550,n404,n1879,1422,car
t3551,n1184,n2133,1422,car
t3552,n1014,n898,1422,car
t3553,n972,n84,1423,car
t3554,n548,n117,1423,car
t3555,n926,n369,1424,car
t3556,n912,n962,1424,car
t3557,n2090,n56,1424,car
t3558,n1103,n827,1424,car
t3559,n571,n1850,1424,car
t3560,n1357,n150,1424,car
t3561,n1539,n1973,1425,car
t3562,n1357,n2086,1425,car
t3563,n452,n600,1425,car
t3564,n484,n1084,1425,car
t3565,n548,n1524,1426,car
t3566,n432,n370,1426,car
t3567,n1977,n2223,1426,car
t3568,n59,n1022,1427,car
t3569,n1381,n733,1427,car
t3570,n1587,n869,1427,car
t3571,n1820,n1302,1427,car
t3572,n186,n1121,1427,car
t3573,n429,n1390,1428,car
t3574,n1357,n620,1428,car
t3575,n937,n254,1428,car
t3576,n2249,n646,1428,car
t3577,n567,n1771,1428,car
t3578,n610,n922,1428,car
t3579,n1062,n1376,1428,car
t3580,n1815,n501,1428,car
t3581,n970,n86,1428,car
t3582,n1255,n980,1428,car
t3583,n1062,n530,1428,car
t3584,n1960,n486,1428,car
t3585,n2105,n569,1429,car
t3586,n189,n182,1429,car
t3587,n965,n2003,1429,car
t3588,n1869,n1100,1429,car
t3589,n376,n1437,1429,car
t3590,n277,n956,1429,car
t3591,n645,n973,1429,car
t3592,n701,n812,1430,car
t3593,n329,n719,1430,car
t3594,n2210,n371,1430,car
t3595,n1562,n708,1430,car
t3596,n356,n1467,1430,car
t3597,n801,n2172,1430,car
t3598,n209,n1407,1431,car
t3599,n1848,n540,1431,car
t3600,n827,n1035,1431,car
t3601,n1322,n1346,1431,car
t3602,n863,n1371,1431,car
t3603,n840,n1991,1431,car
t3604,n2210,n97,1431,car
t3605,n509,n605,1431,car
t3606,n615,n1817,1432,car
t3607,n414,n150,1432,car
t3608,n432,n1423,1432,car
t3609,n1311,n1747,1432,car
t3610,n381,n717,1432,car
t3611,n605,n1733,1432,car
t3612,n931,n803,1432,car
t3613,n49,n1390,1432,car
t3614,n257,n1259,1432,car
t3615,n559,n1822,1432,car
t3616,n1066,n1446,1432,car
t3617,n1577,n1596,1432,car
t3618,n188,n533,1432,car
t3619,n1869,n581,1433,car
t3620,n1008,n1138,1433,car
t3621,n538,n710,1433,car
t3622,n1163,n1260,1433,car
t3623,n1466,n1983,1433,car
t3624,n1147,n523,1433,car
t3625,n2033,n287,1433,car
t3626,n129,n457,1433,car
t3627,n1204,n428,1434,car
t3628,n1203,n1615,1434,car
t3629,n875,n1609,1434,car
t3630,n699,n587,1434,car
t3631,n128,n2192,1434,car
t3632,n258,n1913,1434,car
t3633,n1971,n2064,1434,car
t3634,n945,n1692,1435,car
t3635,n429,n768,1435,car
t3636,n920,n990,1435,car
t3637,n288,n2062,1436,car
t3638,n1901,n426,1436,car
t3639,n1357,n580,1437,car
t3640,n1232,n606,1437,car
t3641,n1185,n2190,1437,car
t3642,n610,n994,1437,car
t3643,n931,n731,1437,car
t3644,n617,n975,1437,car
t3645,n1501,n733,1437,car
t3646,n2012,n500,1437,car
t3647,n635,n553,1437,car
t3648,n637,n1955,1438,car
t3649,n1062,n171,1438,car
t3650,n1762,n1258,1438,car
t3651,n919,n499,1438,car
t3652,n1112,n201,1439,car
t3653,n55,n1112,1439,car
t3654,n924,n1616,1439,car
t3655,n1731,n1497,1439,car
t3656,n2210,n2258,1439,car
t3657,n1052,n785,1439,car
t3658,n152,n1118,1439,car
t3659,n145,n1303,1440,car
t3660,n983,n449,1440,car
t3661,n121,n1927,1440,car
t3662,n1916,n25,1440,car
t3663,n596,n695,1440,car
t3664,n707,n2098,1440,car
t3665,n1193,n436,1440,car
t3666,n708,n842,1441,car
t3667,n2012,n887,1441,car
t3668,n481,n1886,1441,car
t3669,n685,n845,1441,car
t3670,n517,n1150,1441,car
t3671,n945,n711,1442,car
t3672,n903,n747,1442,car
t3673,n1162,n935,1442,car
t3674,n930,n74,1443,car
t3675,n852,n2189,1443,car
t3676,n32,n886,1443,car
t3677,n145,n1207,1443,car
t3678,n780,n490,1443,car
t3679,n300,n450,1443,car
t3680,n924,n2079,1443,car
t3681,n1203,n1110,1443,car
t3682,n2210,n2119,1444,car
t3683,n1434,n511,1444,car
t3684,n381,n2261,1444,car
t3685,n1260,n2047,1444,car
t3686,n1093,n1080,1445,car
t3687,n650,n383,1445,car
t3688,n606,n1986,1445,car
t3689,n2249,n368,1446,car
t3690,n201,n1235,1446,car
t3691,n996,n1884,1446,car
t3692,n448,n1276,1446,car
t3693,n143,n819,1446,car
t3694,n1638,n1452,1447,car
t3695,n801,n492,1447,car
t3696,n408,n1546,1447,car
t3697,n255,n1783,1447,car
t3698,n24,n1987,1447,car
t3699,n258,n767,1447,car
t3700,n1255,n764,1447,car
t3701,n2210,n740,1448,car
t3702,n822,n1825,1448,car
t3703,n322,n1533,1448,car
t3704,n460,n1446,1448,car
t3705,n790,n943,1448,car
t3706,n300,n25,1448,car
t3707,n1026,n1456,1448,car
t3708,n24,n1957,1448,car
t3709,n965,n438,1448,car
t3710,n141,n43,1449,car
t3711,n1534,n313,1449,car
t3712,n545,n661,1449,car
t3713,n68,n1334,1449,car
t3714,n506,n814,1449,car
t3715,n189,n2222,1449,car
t3716,n664,n367,1449,car
t3717,n1151,n831,1449,car
t3718,n49,n703,1449,car
t3719,n1230,n1433,1449,car
t3720,n510,n1017,1449,car
t3721,n1856,n702,1450,car
t3722,n1565,n2091,1450,car
t3723,n698,n1946,1450,car
t3724,n1275,n793,1450,car
t3725,n345,n2090,1450,car
t3726,n1159,n1726,1450,car
t3727,n255,n1957,1450,car
t3728,n509,n1969,1450,car
t3729,n2267,n1716,1450,car
t3730,n1371,n1817,1451,car
t3731,n447,n1597,1451,car
t3732,n1462,n961,1451,car
t3733,n453,n979,1451,car
t3734,n760,n834,1451,car
t3735,n2121,n1242,1452,car
t3736,n727,n1967,1452,car
t3737,n2165,n1495,1452,car
t3738,n1778,n1676,1452,car
t3739,n1459,n55,1452,car
t3740,n507,n1744,1452,car
t3741,n1236,n977,1453,car
t3742,n649,n654,1453,car
t3743,n1466,n2062,1453,car
t3744,n2255,n2136,1453,car
t3745,n1399,n1137,1453,car
t3746,n836,n1982,1453,car
t3747,n608,n1000,1454,car
t3748,n1268,n861,1454,car
t3749,n545,n1941,1454,car
t3750,n861,n728,1455,car
t3751,n1436,n429,1455,car
t3752,n187,n393,1455,car
t3753,n1551,n1849,1455,car
t3754,n637,n1400,1455,car
t3755,n450,n729,1455,car
t3756,n305,n71,1456,car
t3757,n957,n1342,1456,car
t3758,n1001,n1555,1456,car
t3759,n496,n1967,1456,car
t3760,n524,n302,1456,car
t3761,n354,n847,1457,car
t3762,n322,n297,1457,car
t3763,n727,n1091,1457,car
t3764,n1458,n97,1457,car
t3765,n537,n1211,1457,car
t3766,n1014,n524,1457,car
t3767,n1066,n11,1458,car
t3768,n917,n1820,1458,car
t3769,n1479,n1705,1458,car
t3770,n212,n476,1458,car
t3771,n2210,n759,1458,car
t3772,n1031,n532,1458,car
t3773,n919,n2188,1458,car
t3774,n1509,n1171,1458,car
t3775,n1856,n866,1459,car
t3776,n1204,n14,1459,car
t3777,n969,n1605,1459,car
t3778,n674,n229,1459,car
t3779,n1160,n2131,1459,car
t3780,n1434,n262,1459,car
t3781,n1002,n383,1459,car
t3782,n209,n55,1460,car
t3783,n92,n324,1460,car
t3784,n606,n201,1460,car
t3785,n2135,n382,1460,car
t3786,n1820,n883,1460,car
t3787,n1963,n292,1460,car
t3788,n60,n854,1460,car
t3789,n1461,n2047,1460,car
t3790,n1831,n197,1460,car
t3791,n56,n2029,1460,car
t3792,n62,n1182,1461,car
t3793,n554,n231,1461,car
t3794,n1566,n1275,1461,car
t3795,n945,n612,1461,car
t3796,n1036,n108,1461,car
t3797,n460,n627,1461,car
t3798,n59,n1575,1461,car
t3799,n55,n710,1461,car
t3800,n477,n1142,1462,car
t3801,n1617,n950,1462,car
t3802,n914,n826,1463,car
t3803,n1002,n1018,1463,car
t3804,n1171,n320,1463,car
t3805,n1867,n888,1463,car
t3806,n146,n2207,1464,car
t3807,n591,n57,1464,car
t3808,n751,n2229,1464,car
t3809,n945,n363,1464,car
t3810,n192,n1583,1464,car
t3811,n1850,n775,1464,car
t3812,n1034,n1687,1464,car
t3813,n621,n930,1465,car
t3814,n506,n1469,1465,car
t3815,n2165,n1495,1465,car
t3816,n1357,n793,1465,car
t3817,n1028,n164,1465,car
t3818,n1812,n2254,1465,car
t3819,n632,n2042,1465,car
t3820,n1528,n816,1466,car
t3821,n1008,n758,1466,car
t3822,n700,n1122,1466,car
t3823,n212,n441,1466,car
t3824,n549,n2005,1466,car
t3825,n816,n2268,1467,car
t3826,n345,n1554,1467,car
t3827,n80,n465,1467,car
t3828,n62,n1598,1467,car
t3829,n318,n969,1467,car
t3830,n15,n967,1467,car
t3831,n1357,n1191,1467,car
t3832,n55,n1924,1468,car
t3833,n432,n368,1468,car
t3834,n178,n1301,1468,car
t3835,n516,n630,1468,car
t3836,n804,n847,1468,car
t3837,n1458,n1309,1468,car
t3838,n92,n1385,1469,car
t3839,n596,n2102,1469,car
t3840,n1732,n1527,1469,car
t3841,n2157,n2034,1469,car
t3842,n774,n1447,1470,car
t3843,n252,n1729,1470,car
t3844,n1532,n1847,1470,car
t3845,n851,n1020,1470,car
t3846,n1862,n945,1470,car
t3847,n517,n686,1470,car
t3848,n274,n1234,1471,car
t3849,n594,n615,1471,car
t3850,n1564,n842,1471,car
t3851,n61,n1312,1471,car
t3852,n1532,n1931,1471,car
t3853,n1564,n609,1471,car
t3854,n488,n649,1472,car
t3855,n965,n2085,1472,car
t3856,n851,n508,1472,car
t3857,n1535,n164,1472,car
t3858,n1017,n1192,1473,car
t3859,n943,n70,1473,car
t3860,n474,n1041,1473,car
t3861,n1974,n932,1473,car
t3862,n178,n1146,1473,car
t3863,n969,n1935,1473,car
t3864,n129,n1329,1473,car
t3865,n1759,n1392,1473,car
t3866,n1976,n421,1474,car
t3867,n145,n298,1474,car
t3868,n266,n182,1474,car
t3869,n1524,n1991,1474,car
t3870,n1687,n635,1475,car
t3871,n1062,n552,1475,car
t3872,n55,n1065,1475,car
t3873,n1447,n820,1475,car
t3874,n666,n201,1475,car
t3875,n697,n866,1475,car
t3876,n62,n868,1475,car
t3877,n1935,n1524,1475,car
t3878,n532,n1459,1476,car
t3879,n1161,n1993,1476,car
t3880,n942,n982,1476,car
t3881,n722,n716,1476,car
t3882,n452,n2027,1477,car
t3883,n1587,n787,1477,car
t3884,n470,n1381,1477,car
t3885,n221,n495,1477,car
t3886,n1114,n1938,1477,car
t3887,n397,n244,1478,car
t3888,n2246,n2058,1478,car
t3889,n158,n658,1478,car
t3890,n1226,n1182,1478,car
t3891,n851,n330,1479,car
t3892,n1812,n2196,1479,car
t3893,n1255,n581,1480,car
t3894,n130,n777,1480,car
t3895,n1621,n141,1480,car
t3896,n1867,n2246,1480,car
t3897,n54,n1460,1480,car
t3898,n1459,n532,1480,car
t3899,n1161,n1321,1480,car
t3900,n537,n1418,1481,car
t3901,n1946,n1426,1481,car
t3902,n1014,n1355,1481,car
t3903,n1183,n1899,1481,car
t3904,n255,n840,1481,car
t3905,n258,n1688,1483,car
t3906,n345,n983,1483,car
t3907,n1503,n598,1483,car
t3908,n1552,n1189,1483,car
t3909,n1838,n1111,1483,car
t3910,n1399,n1053,1484,car
t3911,n152,n1842,1484,car
t3912,n610,n566,1484,car
t3913,n656,n1161,1484,car
t3914,n1765,n252,1484,car
t3915,n808,n927,1485,car
t3916,n1880,n1860,1485,car
t3917,n1459,n228,1485,car
t3918,n1778,n1932,1485,car
t3919,n1528,n67,1485,car
t3920,n548,n938,1486,car
t3921,n1462,n556,1486,car
t3922,n1977,n1513,1486,car
t3923,n161,n1435,1486,car
t3924,n922,n378,1486,car
t3925,n1160,n2087,1486,car
t3926,n1180,n1696,1486,car
t3927,n1458,n1239,1487,car
t3928,n1458,n982,1487,car
t3929,n2249,n988,1487,car
t3930,n2164,n2207,1487,car
t3931,n606,n1363,1487,car
t3932,n917,n1941,1488,car
t3933,n968,n2245,1488,car
t3934,n1347,n1623,1488,car
t3935,n2208,n391,1488,car
t3936,n657,n568,1488,car
t3937,n957,n1047,1488,car
t3938,n381,n705,1488,car
t3939,n1687,n787,1488,car
t3940,n473,n1832,1488,car
t3941,n1812,n360,1488,car
t3942,n891,n587,1488,car
t3943,n252,n1692,1488,car
t3944,n148,n1555,1489,car
t3945,n1762,n1971,1489,car
t3946,n697,n563,1489,car
t3947,n51,n238,1489,car
t3948,n151,n909,1489,car
t3949,n939,n1529,1489,car
t3950,n969,n569,1490,car
t3951,n130,n2235,1490,car
t3952,n521,n1094,1490,car
t3953,n781,n540,1490,car
t3954,n1247,n1774,1490,car
t3955,n338,n289,1490,car
t3956,n504,n1305,1491,car
t3957,n1883,n1731,1491,car
t3958,n63,n1389,1491,car
t3959,n188,n1710,1491,car
t3960,n1147,n1003,1491,car
t3961,n1606,n236,1491,car
t3962,n148,n1743,1491,car
t3963,n1850,n2025,1491,car
t3964,n671,n1479,1491,car
t3965,n911,n2046,1492,car
t3966,n1163,n455,1492,car
t3967,n1204,n122,1492,car
t3968,n1451,n1094,1492,car
t3969,n632,n1322,1493,car
t3970,n447,n1281,1493,car
t3971,n49,n1607,1493,car
t3972,n1581,n1171,1493,car
t3973,n187,n149,1493,car
t3974,n1112,n1606,1493,car
t3975,n1151,n1769,1493,car
t3976,n1459,n2091,1493,car
t3977,n682,n83,1494,car
t3978,n1062,n842,1494,car
t3979,n1466,n1634,1494,car
t3980,n188,n1406,1494,car
t3981,n1102,n1343,1494,car
t3982,n258,n430,1494,car
t3983,n920,n668,1494,car
t3984,n952,n974,1494,car
t3985,n757,n242,1494,car
t3986,n1716,n1129,1494,car
t3987,n288,n404,1495,car
t3988,n1532,n660,1495,car
t3989,n507,n296,1495,car
t3990,n341,n279,1495,car
t3991,n2083,n564,1495,car
t3992,n152,n486,1495,car
t3993,n2095,n280,1495,car
t3994,n1204,n1356,1496,car
t3995,n992,n1376,1496,car
t3996,n988,n552,1496,car
t3997,n1776,n1660,1496,car
t3998,n965,n893,1496,car
t3999,n15,n554,1496,car
t4000,n306,n856,1496,car
t4001,n658,n1027,1496,car
t4002,n1143,n712,1496,car
t4003,n56,n453,1497,car
t4004,n24,n773,1497,car
t4005,n1012,n1232,1497,car
t4006,n315,n1032,1497,car
t4007,n548,n1431,1497,car
t4008,n1194,n537,1498,car
t4009,n471,n1132,1498,car
t4010,n922,n323,1498,car
t4011,n1850,n1147,1499,car
t4012,n658,n445,1499,car
t4013,n422,n1935,1499,car
t4014,n452,n516,1499,car
t4015,n917,n1448,1499,car
t4016,n2210,n1088,1500,car
t4017,n598,n259,1500,car
t4018,n1279,n1182,1500,car
t4019,n2210,n816,1501,car
t4020,n1551,n591,1501,car
t4021,n1266,n314,1501,car
t4022,n810,n227,1501,car
t4023,n1038,n1043,1501,car
t4024,n338,n962,1501,car
t4025,n484,n232,1501,car
t4026,n1788,n855,1501,car
t4027,n161,n751,1501,car
t4028,n1399,n1306,1501,car
t4029,n1567,n610,1502,car
t4030,n1381,n1280,1502,car
t4031,n940,n272,1502,car
t4032,n965,n2045,1502,car
t4033,n919,n959,1502,car
t4034,n545,n522,1502,car
t4035,n945,n1579,1502,car
t4036,n965,n309,1502,car
t4037,n1687,n1041,1502,car
t4038,n852,n621,1503,car
t4039,n1762,n284,1503,car
t4040,n1849,n455,1503,car
t4041,n672,n1853,1503,car
t4042,n1687,n1180,1503,car
t4043,n2255,n446,1503,car
t4044,n1203,n845,1504,car
t4045,n255,n168,1504,car
t4046,n1966,n1477,1504,car
t4047,n1792,n665,1504,car
t4048,n1849,n884,1504,car
t4049,n1977,n27,1505,car
t4050,n1064,n207,1505,car
t4051,n1143,n827,1505,car
t4052,n507,n1106,1505,car
t4053,n1778,n612,1505,car
t4054,n258,n2224,1505,car
t4055,n1762,n186,1505,car
t4056,n452,n1648,1505,car
t4057,n148,n846,1506,car
t4058,n643,n2167,1506,car
t4059,n68,n1459,1506,car
t4060,n356,n124,1506,car
t4061,n603,n762,1506,car
t4062,n1462,n345,1506,car
t4063,n554,n910,1506,car
t4064,n56,n1389,1507,car
t4065,n315,n1521,1508,car
t4066,n903,n1928,1508,car
t4067,n420,n1275,1508,car
t4068,n1112,n516,1509,car
t4069,n2165,n341,1509,car
t4070,n1807,n1937,1509,car
t4071,n490,n1301,1509,car
t4072,n300,n2260,1509,car
t4073,n985,n969,1509,car
t4074,n52,n531,1510,car
t4075,n956,n369,1510,car
t4076,n2246,n1257,1510,car
t4077,n312,n1502,1510,car
t4078,n473,n1653,1510,car
t4079,n1778,n1576,1511,car
t4080,n920,n523,1511,car
t4081,n1592,n1870,1511,car
t4082,n992,n208,1511,car
t4083,n24,n596,1511,car
t4084,n162,n679,1511,car
t4085,n1458,n167,1511,car
t4086,n146,n448,1511,car
t4087,n202,n2122,1511,car
t4088,n669,n895,1512,car
t4089,n1903,n223,1512,car
t4090,n666,n2065,1512,car
t4091,n1451,n368,1513,car
t4092,n94,n1957,1513,car
t4093,n727,n1688,1513,car
t4094,n1465,n510,1513,car
t4095,n1566,n788,1514,car
t4096,n810,n2251,1514,car
t4097,n1031,n1523,1514,car
t4098,n1800,n1112,1514,car
t4099,n1012,n1003,1514,car
t4100,n1349,n2153,1514,car
t4101,n429,n196,1515,car
t4102,n258,n665,1515,car
t4103,n214,n1256,1515,car
t4104,n396,n1193,1515,car
t4105,n1357,n1316,1515,car
t4106,n1247,n1446,1515,car
t4107,n957,n223,1516,car
t4108,n1052,n245,1516,car
t4109,n938,n603,1516,car
t4110,n971,n1369,1516,car
t4111,n63,n1147,1516,car
t4112,n930,n761,1516,car
t4113,n1972,n175,1516,car
t4114,n1112,n1435,1517,car
t4115,n1551,n999,1517,car
t4116,n632,n385,1517,car
t4117,n1112,n382,1517,car
t4118,n1820,n68,1518,car
t4119,n610,n489,1518,car
t4120,n475,n258,1519,car
t4121,n1509,n1381,1519,car
t4122,n1400,n7,1519,car
t4123,n1733,n651,1519,car
t4124,n452,n1343,1519,car
t4125,n1457,n1744,1519,car
t4126,n839,n844,1519,car
t4127,n2165,n1632,1519,car
t4128,n1318,n1023,1519,car
t4129,n2037,n389,1519,car
t4130,n572,n49,1520,car
t4131,n727,n234,1520,car
t4132,n516,n317,1520,car
t4133,n370,n876,1520,car
t4134,n1443,n911,1520,car
t4135,n497,n558,1520,car
t4136,n762,n387,1521,car
t4137,n2082,n342,1521,car
t4138,n1597,n1269,1521,car
t4139,n396,n2028,1521,car
t4140,n2077,n1847,1521,car
t4141,n1539,n706,1521,car
t4142,n537,n786,1521,car
t4143,n1451,n986,1521,car
t4144,n2165,n293,1521,car
t4145,n408,n330,1522,car
t4146,n1062,n1767,1522,car
t4147,n145,n1534,1522,car
t4148,n56,n2080,1522,car
t4149,n32,n1815,1522,car
t4150,n258,n682,1523,car
t4151,n520,n1882,1523,car
t4152,n404,n138,1523,car
t4153,n161,n1997,1523,car
t4154,n696,n102,1523,car
t4155,n1591,n1611,1523,car
t4156,n1812,n839,1524,car
t4157,n224,n596,1524,car
t4158,n236,n273,1524,car
t4159,n300,n135,1524,car
t4160,n1609,n1862,1524,car
t4161,n920,n2197,1524,car
t4162,n1466,n1758,1524,car
t4163,n595,n2056,1525,car
t4164,n388,n1024,1525,car
t4165,n252,n396,1525,car
t4166,n1566,n1170,1525,car
t4167,n504,n285,1525,car
t4168,n2174,n768,1525,car
t4169,n702,n1295,1525,car
t4170,n924,n2023,1525,car
t4171,n322,n677,1525,car
t4172,n1243,n1118,1525,car
t4173,n938,n2119,1525,car
t4174,n1399,n773,1526,car
t4175,n855,n1941,1526,car
t4176,n637,n901,1526,car
t4177,n1103,n1196,1526,car
t4178,n783,n2130,1527,car
t4179,n1036,n1758,1527,car
t4180,n644,n622,1528,car
t4181,n318,n1282,1528,car
t4182,n1054,n1110,1528,car
t4183,n606,n405,1528,car
t4184,n1188,n1661,1528,car
t4185,n972,n141,1528,car
t4186,n2256,n538,1528,car
t4187,n1808,n898,1529,car
t4188,n2269,n18,1529,car
t4189,n1535,n1403,1529,car
t4190,n1755,n1240,1529,car
t4191,n1638,n1607,1529,car
t4192,n1597,n777,1530,car
t4193,n189,n354,1530,car
t4194,n632,n1089,1530,car
t4195,n531,n276,1530,car
t4196,n2117,n166,1530,car
t4197,n684,n1649,1530,car
t4198,n2210,n1572,1530,car
t4199,n2210,n464,1531,car
t4200,n161,n674,1531,car
t4201,n1230,n343,1531,car
t4202,n228,n537,1531,car
t4203,n1564,n860,1531,car
t4204,n166,n1320,1531,car
t4205,n215,n1342,1531,car
t4206,n1015,n676,1532,car
t4207,n2083,n1442,1532,car
t4208,n1788,n831,1532,car
t4209,n1551,n459,1532,car
t4210,n1722,n1981,1532,car
t4211,n145,n587,1532,car
t4212,n443,n149,1532,car
t4213,n1564,n2043,1532,car
t4214,n1903,n878,1533,car
t4215,n432,n247,1533,car
t4216,n908,n2140,1533,car
t4217,n776,n1555,1533,car
t4218,n152,n936,1534,car
t4219,n944,n1536,1534,car
t4220,n1813,n1880,1534,car
t4221,n144,n746,1534,car
t4222,n1054,n1497,1534,car
t4223,n1838,n505,1534,car
t4224,n1962,n1373,1534,car
t4225,n1204,n57,1534,car
t4226,n497,n1843,1535,car
t4227,n459,n1911,1535,car
t4228,n735,n43,1535,car
t4229,n554,n1496,1535,car
t4230,n823,n955,1535,car
t4231,n1146,n171,1535,car
t4232,n1862,n765,1535,car
t4233,n871,n2198,1536,car
t4234,n189,n1761,1536,car
t4235,n1774,n2110,1536,car
t4236,n130,n2023,1536,car
t4237,n121,n86,1536,car
t4238,n2208,n1979,1536,car
t4239,n1357,n941,1536,car
t4240,n158,n329,1536,car
t4241,n2195,n987,1536,car
t4242,n1247,n1613,1537,car
t4243,n1171,n1365,1537,car
t4244,n432,n1434,1537,car
t4245,n1814,n612,1537,car
t4246,n1581,n888,1537,car
t4247,n1458,n1160,1537,car
t4248,n1686,n364,1537,car
t4249,n56,n190,1538,car
t4250,n224,n198,1538,car
t4251,n523,n389,1538,car
t4252,n1793,n1415,1538,car
t4253,n273,n1371,1538,car
t4254,n388,n1708,1538,car
t4255,n1161,n168,1539,car
t4256,n1151,n1503,1539,car
t4257,n716,n838,1539,car
t4258,n945,n1855,1539,car
t4259,n1467,n1495,1540,car
t4260,n1289,n789,1540,car
t4261,n1002,n1184,1540,car
t4262,n1604,n1376,1540,car
t4263,n1565,n66,1540,car
t4264,n2267,n943,1540,car
t4265,n178,n1509,1541,car
t4266,n851,n483,1541,car
t4267,n1233,n1654,1541,car
t4268,n1103,n270,1541,car
t4269,n1721,n49,1541,car
t4270,n1539,n49,1541,car
t4271,n51,n1174,1541,car
t4272,n1820,n102,1541,car
t4273,n658,n349,1542,car
t4274,n1290,n2223,1542,car
t4275,n565,n1525,1542,car
t4276,n1143,n532,1542,car
t4277,n2252,n1610,1542,car
t4278,n1276,n841,1542,car
t4279,n1694,n1408,1542,car
t4280,n1334,n1197,1543,car
t4281,n51,n1580,1543,car
t4282,n1457,n1031,1543,car
t4283,n158,n1782,1544,car
t4284,n1833,n358,1544,car
t4285,n228,n2107,1544,car
t4286,n428,n1911,1544,car
t4287,n1017,n896,1544,car
t4288,n1000,n1376,1545,car
t4289,n1768,n18,1545,car
t4290,n1716,n2267,1545,car
t4291,n1008,n427,1545,car
t4292,n598,n1343,1545,car
t4293,n637,n1978,1545,car
t4294,n548,n1996,1545,car
t4295,n381,n429,1545,car
t4296,n937,n468,1545,car
t4297,n1014,n2150,1546,car
t4298,n548,n1406,1546,car
t4299,n1579,n149,1546,car
t4300,n1163,n1359,1546,car
t4301,n680,n1650,1546,car
t4302,n2038,n1631,1546,car
t4303,n727,n2220,1546,car
t4304,n816,n1224,1546,car
t4305,n1843,n177,1546,car
t4306,n255,n1996,1547,car
t4307,n1615,n1864,1547,car
t4308,n702,n1149,1547,car
t4309,n1810,n1773,1547,car
t4310,n1279,n1972,1547,car
t4311,n1459,n1179,1547,car
t4312,n1792,n1769,1547,car
t4313,n889,n2076,1547,car
t4314,n187,n1963,1547,car
t4315,n448,n2006,1547,car
t4316,n1535,n2011,1547,car
t4317,n1813,n249,1547,car
t4318,n1204,n906,1548,car
t4319,n1903,n2128,1548,car
t4320,n813,n1604,1548,car
t4321,n32,n471,1548,car
t4322,n702,n324,1548,car
t4323,n1258,n451,1548,car
t4324,n148,n171,1548,car
t4325,n162,n124,1548,car
t4326,n1102,n791,1548,car
t4327,n258,n486,1548,car
t4328,n152,n1174,1548,car
t4329,n212,n2051,1549,car
t4330,n1961,n567,1549,car
t4331,n1946,n903,1549,car
t4332,n1803,n2267,1549,car
t4333,n1146,n1113,1549,car
t4334,n1066,n309,1549,car
t4335,n744,n1763,1550,car
t4336,n1612,n1116,1550,car
t4337,n973,n1224,1550,car
t4338,n388,n33,1550,car
t4339,n185,n708,1550,car
t4340,n1595,n595,1550,car
t4341,n418,n1682,1551,car
t4342,n720,n605,1551,car
t4343,n548,n63,1552,car
t4344,n1267,n663,1552,car
t4345,n789,n165,1552,car
t4346,n712,n1787,1552,car
t4347,n220,n38,1552,car
t4348,n1903,n1561,1552,car
t4349,n985,n904,1552,car
t4350,n854,n817,1553,car
t4351,n2262,n1848,1553,car
t4352,n661,n1018,1553,car
t4353,n553,n1581,1553,car
t4354,n1282,n956,1553,car
t4355,n545,n1575,1553,car
t4356,n409,n2144,1554,car
t4357,n637,n1945,1554,car
t4358,n2210,n856,1554,car
t4359,n1102,n1107,1554,car
t4360,n2207,n1221,1554,car
t4361,n1308,n522,1554,car
t4362,n128,n223,1554,car
t4363,n509,n1463,1554,car
t4364,n924,n905,1554,car
t4365,n61,n1404,1555,car
t4366,n166,n1254,1555,car
t4367,n1435,n779,1555,car
t4368,n214,n130,1555,car
t4369,n1102,n1570,1555,car
t4370,n432,n1426,1555,car
t4371,n1869,n72,1556,car
t4372,n1160,n482,1556,car
t4373,n185,n692,1556,car
t4374,n930,n385,1556,car
t4375,n509,n1742,1556,car
t4376,n54,n628,1556,car
t4377,n1762,n1801,1556,car
t4378,n238,n1056,1557,car
t4379,n988,n476,1557,car
t4380,n2084,n476,1557,car
t4381,n459,n1163,1557,car
t4382,n1387,n471,1557,car
t4383,n967,n939,1557,car
t4384,n537,n1795,1557,car
t4385,n1150,n1188,1558,car
t4386,n488,n1726,1558,car
t4387,n684,n333,1558,car
t4388,n544,n578,1558,car
t4389,n1687,n787,1558,car
t4390,n504,n902,1558,car
t4391,n52,n320,1558,car
t4392,n1733,n908,1559,car
t4393,n273,n194,1559,car
t4394,n1050,n854,1559,car
t4395,n1820,n673,1559,car
t4396,n188,n1447,1559,car
t4397,n1356,n2267,1559,car
t4398,n751,n863,1559,car
t4399,n1032,n774,1559,car
t4400,n2255,n485,1559,car
t4401,n2210,n147,1559,car
t4402,n1066,n2080,1559,car
t4403,n318,n877,1560,car
t4404,n1606,n171,1560,car
t4405,n2249,n1883,1560,car
t4406,n1587,n1089,1560,car
t4407,n1694,n1511,1560,car
t4408,n727,n1700,1560,car
t4409,n1850,n2228,1560,car
t4410,n551,n1543,1560,car
t4411,n554,n646,1560,car
t4412,n61,n1214,1561,car
t4413,n683,n1847,1561,car
t4414,n437,n2095,1561,car
t4415,n920,n1377,1562,car
t4416,n727,n1818,1562,car
t4417,n148,n1028,1562,car
t4418,n1255,n1082,1562,car
t4419,n731,n878,1562,car
t4420,n957,n181,1562,car
t4421,n1778,n1443,1562,car
t4422,n957,n392,1563,car
t4423,n255,n1623,1563,car
t4424,n255,n1872,1563,car
t4425,n159,n770,1563,car
t4426,n666,n2154,1563,car
t4427,n2255,n526,1563,car
t4428,n52,n1204,1563,car
t4429,n209,n1176,1563,car
t4430,n1425,n985,1563,car
t4431,n1066,n935,1563,car
t4432,n917,n2023,1564,car
t4433,n2082,n162,1564,car
t4434,n62,n1620,1564,car
t4435,n925,n1553,1564,car
t4436,n494,n1516,1564,car
t4437,n55,n1123,1564,car
t4438,n985,n986,1564,car
t4439,n744,n1495,1564,car
t4440,n930,n117,1564,car
t4441,n707,n628,1564,car
t4442,n538,n102,1564,car
t4443,n1258,n65,1564,car
t4444,n2210,n856,1565,car
t4445,n537,n1146,1565,car
t4446,n54,n2017,1565,car
t4447,n1732,n1009,1565,car
t4448,n432,n706,1565,car
t4449,n2249,n193,1565,car
t4450,n2255,n2153,1565,car
t4451,n694,n2133,1565,car
t4452,n1004,n1285,1565,car
t4453,n1151,n1452,1565,car
t4454,n152,n1301,1566,car
t4455,n799,n2228,1566,car
t4456,n1151,n2118,1566,car
t4457,n162,n897,1566,car
t4458,n344,n2117,1566,car
t4459,n189,n1727,1566,car
t4460,n1054,n2264,1567,car
t4461,n1255,n408,1567,car
t4462,n657,n1240,1567,car
t4463,n838,n1634,1567,car
t4464,n188,n1420,1567,car
t4465,n838,n633,1567,car
t4466,n2033,n668,1567,car
t4467,n1535,n1224,1567,car
t4468,n1955,n855,1567,car
t4469,n1093,n754,1567,car
t4470,n2202,n541,1567,car
t4471,n370,n193,1568,car
t4472,n1169,n644,1568,car
t4473,n156,n1259,1568,car
t4474,n506,n804,1568,car
t4475,n177,n1247,1568,car
t4476,n1903,n778,1569,car
t4477,n554,n1759,1569,car
t4478,n1063,n552,1569,car
t4479,n847,n618,1569,car
t4480,n595,n905,1569,car
t4481,n1332,n844,1569,car
t4482,n1821,n181,1570,car
t4483,n178,n488,1570,car
t4484,n1024,n894,1570,car
t4485,n376,n1469,1570,car
t4486,n63,n238,1570,car
t4487,n2174,n1944,1570,car
t4488,n1031,n685,1570,car
t4489,n1567,n192,1570,car
t4490,n145,n654,1571,car
t4491,n143,n225,1571,car
t4492,n430,n1403,1571,car
t4493,n1788,n892,1572,car
t4494,n632,n1584,1572,car
t4495,n216,n1075,1572,car
t4496,n187,n1557,1572,car
t4497,n943,n1116,1572,car
t4498,n606,n1841,1572,car
t4499,n59,n215,1573,car
t4500,n1066,n1767,1573,car
t4501,n188,n1272,1573,car
t4502,n566,n816,1573,car
t4503,n549,n1833,1573,car
t4504,n1186,n865,1574,car
t4505,n407,n817,1574,car
t4506,n2210,n417,1574,car
t4507,n2124,n1400,1574,car
t4508,n1537,n1152,1575,car
t4509,n969,n1404,1575,car
t4510,n896,n1392,1575,car
t4511,n2165,n186,1575,car
t4512,n1146,n1954,1575,car
t4513,n728,n2014,1575,car
t4514,n52,n2103,1575,car
t4515,n322,n846,1576,car
t4516,n1322,n701,1576,car
t4517,n2249,n989,1576,car
t4518,n992,n1968,1576,car
t4519,n810,n35,1576,car
t4520,n1056,n942,1576,car
t4521,n52,n316,1577,car
t4522,n1161,n352,1577,car
t4523,n901,n2031,1577,car
t4524,n727,n1361,1577,car
t4525,n177,n811,1577,car
t4526,n1461,n1819,1577,car
t4527,n1831,n861,1577,car
t4528,n177,n1907,1578,car
t4529,n130,n2182,1578,car
t4530,n957,n671,1578,car
t4531,n315,n1020,1578,car
t4532,n1849,n1376,1578,car
t4533,n1820,n276,1578,car
t4534,n943,n1454,1578,car
t4535,n502,n2001,1578,car
t4536,n1201,n2147,1579,car
t4537,n1582,n757,1579,car
t4538,n510,n1246,1579,car
t4539,n1014,n1087,1580,car
t4540,n982,n519,1580,car
t4541,n612,n1011,1580,car
t4542,n2162,n31,1580,car
t4543,n1462,n604,1580,car
t4544,n1974,n227,1580,car
t4545,n152,n2219,1580,car
t4546,n2249,n1971,1580,car
t4547,n1458,n284,1580,car
t4548,n129,n914,1581,car
t4549,n1762,n1152,1581,car
t4550,n167,n2123,1582,car
t4551,n1850,n2053,1582,car
t4552,n1819,n1625,1582,car
t4553,n926,n1918,1582,car
t4554,n858,n1659,1582,car
t4555,n129,n2110,1583,car
t4556,n1532,n1790,1583,car
t4557,n2210,n1198,1583,car
t4558,n166,n886,1584,car
t4559,n538,n971,1584,car
t4560,n1880,n1829,1584,car
t4561,n703,n1117,1584,car
t4562,n1466,n1588,1584,car
t4563,n1510,n319,1584,car
t4564,n969,n365,1584,car
t4565,n1230,n1241,1584,car
t4566,n1972,n450,1584,car
t4567,n1534,n919,1584,car
t4568,n161,n1087,1584,car
t4569,n38,n605,1585,car
t4570,n1008,n2251,1585,car
t4571,n1961,n335,1585,car
t4572,n855,n1064,1585,car
t4573,n280,n238,1585,car
t4574,n1050,n219,1585,car
t4575,n1017,n1142,1585,car
t4576,n1036,n1846,1586,car
t4577,n1311,n386,1586,car
t4578,n2174,n764,1586,car
t4579,n465,n593,1586,car
t4580,n1503,n806,1586,car
t4581,n1849,n593,1586,car
t4582,n632,n819,1586,car
t4583,n1694,n1459,1586,car
t4584,n1232,n277,1586,car
t4585,n1159,n1916,1587,car
t4586,n1281,n1639,1587,car
t4587,n606,n426,1587,car
t4588,n1112,n1508,1587,car
t4589,n1002,n1059,1588,car
t4590,n967,n864,1588,car
t4591,n1280,n63,1588,car
t4592,n509,n1169,1588,car
t4593,n2083,n991,1588,car
t4594,n187,n439,1588,car
t4595,n1459,n548,1588,car
t4596,n1093,n1770,1588,car
t4597,n1157,n1670,1588,car
t4598,n917,n2207,1589,car
t4599,n1322,n75,1589,car
t4600,n1850,n1339,1589,car
t4601,n656,n1141,1589,car
t4602,n319,n611,1589,car
t4603,n54,n1117,1589,car
t4604,n1552,n2140,1590,car
t4605,n998,n1602,1590,car
t4606,n1052,n1041,1591,car
t4607,n1457,n291,1591,car
t4608,n1535,n1167,1591,car
t4609,n1564,n984,1591,car
t4610,n637,n1501,1591,car
t4611,n666,n1750,1591,car
t4612,n2061,n1628,1591,car
t4613,n1903,n249,1591,car
t4614,n632,n235,1592,car
t4615,n595,n525,1592,car
t4616,n1883,n424,1592,car
t4617,n509,n606,1592,car
t4618,n1584,n1851,1592,car
t4619,n1977,n362,1592,car
t4620,n828,n455,1592,car
t4621,n2176,n852,1592,car
t4622,n2162,n1883,1593,car
t4623,n417,n39,1593,car
t4624,n2168,n114,1593,car
t4625,n1451,n852,1593,car
t4626,n1732,n250,1593,car
t4627,n606,n550,1593,car
t4628,n1335,n731,1593,car
t4629,n386,n1556,1594,car
t4630,n783,n1980,1594,car
t4631,n708,n1982,1594,car
t4632,n1066,n592,1594,car
t4633,n368,n81,1594,car
t4634,n833,n314,1594,car
t4635,n751,n593,1594,car
t4636,n228,n1198,1594,car
t4637,n145,n2092,1594,car
t4638,n572,n165,1594,car
t4639,n437,n531,1594,car
t4640,n1451,n787,1594,car
t4641,n1172,n408,1594,car
t4642,n145,n911,1595,car
t4643,n1066,n1443,1595,car
t4644,n537,n2039,1595,car
t4645,n194,n1603,1595,car
t4646,n188,n304,1595,car
t4647,n427,n694,1595,car
t4648,n943,n1380,1596,car
t4649,n2037,n278,1596,car
t4650,n2121,n1670,1596,car
t4651,n252,n1732,1596,car
t4652,n797,n1953,1596,car
t4653,n1102,n2230,1596,car
t4654,n219,n1964,1596,car
t4655,n91,n1777,1596,car
t4656,n224,n1596,1596,car
t4657,n722,n440,1597,car
t4658,n1434,n248,1597,car
t4659,n548,n321,1597,car
t4660,n920,n930,1597,car
t4661,n919,n1995,1598,car
t4662,n1013,n951,1598,car
t4663,n722,n720,1598,car
t4664,n1537,n1033,1598,car
t4665,n1626,n1250,1598,car
t4666,n472,n1516,1598,car
t4667,n63,n594,1598,car
t4668,n32,n500,1598,car
t4669,n543,n2242,1598,car
t4670,n727,n532,1598,car
t4671,n1903,n1315,1598,car
t4672,n255,n1535,1598,car
t4673,n1808,n1572,1598,car
t4674,n956,n1363,1599,car
t4675,n1154,n738,1599,car
t4676,n59,n529,1599,car
t4677,n1751,n1001,1599,car
t4678,n2249,n826,1599,car
t4679,n1587,n1548,1599,car
t4680,n1146,n202,1600,car
t4681,n1223,n986,1600,car
t4682,n774,n296,1600,car
t4683,n140,n31,1600,car
t4684,n956,n642,1600,car
t4685,n509,n740,1600,car
t4686,n1762,n1951,1601,car
t4687,n919,n1253,1601,car
t4688,n56,n1533,1601,car
t4689,n840,n1702,1601,car
t4690,n52,n975,1601,car
t4691,n510,n1827,1602,car
t4692,n861,n1234,1602,car
t4693,n129,n1588,1602,car
t4694,n547,n440,1602,car
t4695,n2269,n2162,1602,car
t4696,n1782,n475,1602,car
t4697,n186,n13,1602,car
t4698,n646,n1917,1602,car
t4699,n2255,n42,1602,car
t4700,n1000,n1538,1603,car
t4701,n847,n426,1603,car
t4702,n956,n1817,1603,car
t4703,n51,n1567,1603,car
t4704,n1442,n431,1603,car
t4705,n917,n331,1603,car
t4706,n1024,n521,1604,car
t4707,n158,n724,1604,car
t4708,n1606,n292,1605,car
t4709,n1118,n427,1605,car
t4710,n956,n1771,1605,car
t4711,n1102,n524,1605,car
t4712,n212,n1511,1606,car
t4713,n1356,n93,1606,car
t4714,n2097,n539,1606,car
t4715,n801,n153,1606,car
t4716,n128,n1524,1606,car
t4717,n1856,n474,1606,car
t4718,n1247,n2102,1606,car
t4719,n1032,n1948,1606,car
t4720,n130,n755,1606,car
t4721,n1552,n1498,1606,car
t4722,n1458,n897,1606,car
t4723,n237,n41,1606,car
t4724,n1762,n516,1607,car
t4725,n1467,n1468,1607,car
t4726,n601,n364,1607,car
t4727,n1185,n1734,1607,car
t4728,n1814,n2035,1607,car
t4729,n810,n1174,1607,car
t4730,n302,n914,1607,car
t4731,n1664,n1823,1607,car
t4732,n471,n151,1607,car
t4733,n1457,n1142,1608,car
t4734,n700,n789,1608,car
t4735,n273,n1397,1608,car
t4736,n569,n1168,1608,car
t4737,n522,n1302,1608,car
t4738,n186,n724,1608,car
t4739,n1962,n1668,1608,car
t4740,n2210,n546,1609,car
t4741,n432,n1726,1609,car
t4742,n2037,n1936,1609,car
t4743,n1008,n1054,1609,car
t4744,n2071,n209,1609,car
t4745,n428,n184,1609,car
t4746,n1143,n201,1610,car
t4747,n1537,n1789,1610,car
t4748,n1066,n1720,1610,car
t4749,n52,n398,1610,car
t4750,n2168,n1995,1610,car
t4751,n1681,n1362,1611,car
t4752,n2240,n111,1611,car
t4753,n606,n2199,1611,car
t4754,n545,n1104,1611,car
t4755,n426,n39,1611,car
t4756,n1054,n353,1611,car
t4757,n736,n1290,1611,car
t4758,n178,n1851,1611,car
t4759,n54,n226,1611,car
t4760,n1581,n688,1612,car
t4761,n520,n1071,1612,car
t4762,n147,n1759,1612,car
t4763,n758,n277,1612,car
t4764,n619,n2149,1612,car
t4765,n477,n309,1613,car
t4766,n1247,n1698,1613,car
t4767,n81,n584,1613,car
t4768,n856,n1895,1613,car
t4769,n919,n1665,1613,car
t4770,n1373,n453,1614,car
t4771,n553,n2252,1614,car
t4772,n1149,n559,1614,car
t4773,n1856,n417,1614,car
t4774,n2210,n2267,1614,car
t4775,n606,n1926,1614,car
t4776,n1532,n1813,1615,car
t4777,n664,n1339,1615,car
t4778,n1795,n379,1615,car
t4779,n1552,n1625,1615,car
t4780,n786,n1000,1615,car
t4781,n1687,n726,1615,car
t4782,n945,n304,1615,car
t4783,n507,n2128,1616,car
t4784,n37,n2178,1616,car
t4785,n919,n836,1616,car
t4786,n810,n312,1616,car
t4787,n769,n467,1617,car
t4788,n1054,n904,1618,car
t4789,n1843,n118,1618,car
t4790,n56,n1525,1618,car
t4791,n1849,n521,1618,car
t4792,n1604,n792,1618,car
t4793,n1461,n1168,1618,car
t4794,n545,n1626,1619,car
t4795,n391,n1729,1619,car
t4796,n608,n372,1619,car
t4797,n1754,n171,1619,car
t4798,n2082,n9,1619,car
t4799,n797,n724,1620,car
t4800,n1788,n1826,1620,car
t4801,n81,n1951,1620,car
t4802,n1465,n1174,1620,car
t4803,n1935,n226,1620,car
t4804,n459,n167,1620,car
t4805,n195,n455,1620,car
t4806,n56,n1316,1621,car
t4807,n985,n1251,1621,car
t4808,n257,n1192,1621,car
t4809,n606,n1297,1621,car
t4810,n62,n751,1621,car
t4811,n364,n215,1621,car
t4812,n1725,n1124,1622,car
t4813,n55,n1331,1622,car
t4814,n356,n788,1622,car
t4815,n1053,n48,1622,car
t4816,n420,n11,1622,car
t4817,n1808,n1946,1622,car
t4818,n318,n1189,1622,car
t4819,n837,n311,1622,car
t4820,n1567,n1361,1622,car
t4821,n548,n463,1623,car
t4822,n1820,n826,1623,car
t4823,n192,n326,1623,car
t4824,n130,n526,1623,car
t4825,n315,n1151,1623,car
t4826,n315,n1925,1623,car
t4827,n919,n1587,1623,car
t4828,n1846,n512,1623,car
t4829,n502,n566,1623,car
t4830,n2223,n1800,1624,car
t4831,n1892,n96,1624,car
t4832,n847,n672,1624,car
t4833,n359,n1759,1624,car
t4834,n779,n485,1624,car
t4835,n56,n64,1624,car
t4836,n146,n373,1624,car
t4837,n2210,n631,1624,car
t4838,n659,n1259,1625,car
t4839,n917,n361,1625,car
t4840,n1458,n1547,1625,car
t4841,n148,n1214,1625,car
t4842,n152,n534,1625,car
t4843,n248,n1581,1625,car
t4844,n1339,n1691,1625,car
t4845,n595,n870,1626,car
t4846,n1974,n1456,1626,car
t4847,n1163,n660,1626,car
t4848,n709,n194,1626,car
t4849,n495,n889,1626,car
t4850,n468,n2024,1626,car
t4851,n891,n1760,1626,car
t4852,n2207,n1727,1626,car
t4853,n75,n231,1627,car
t4854,n835,n1506,1627,car
t4855,n912,n1103,1627,car
t4856,n580,n1495,1627,car
t4857,n606,n1963,1627,car
t4858,n690,n1165,1627,car
t4859,n1169,n716,1627,car
t4860,n1292,n1513,1628,car
t4861,n840,n1285,1628,car
t4862,n1269,n690,1628,car
t4863,n812,n1820,1628,car
t4864,n1347,n634,1628,car
t4865,n145,n1242,1628,car
t4866,n615,n2128,1628,car
t4867,n1102,n1164,1628,car
t4868,n1820,n872,1629,car
t4869,n1779,n107,1629,car
t4870,n1984,n113,1629,car
t4871,n1093,n2114,1629,car
t4872,n51,n1432,1629,car
t4873,n1813,n1612,1629,car
t4874,n1755,n192,1630,car
t4875,n1163,n1543,1630,car
t4876,n1093,n682,1630,car
t4877,n632,n1682,1630,car
t4878,n91,n867,1630,car
t4879,n2207,n855,1631,car
t4880,n904,n368,1631,car
t4881,n2255,n355,1631,car
t4882,n920,n2115,1631,car
t4883,n1022,n257,1631,car
t4884,n1503,n1164,1632,car
t4885,n146,n1766,1632,car
t4886,n1162,n281,1632,car
t4887,n1305,n1892,1632,car
t4888,n1528,n1330,1632,car
t4889,n591,n196,1632,car
t4890,n1233,n1006,1632,car
t4891,n811,n1605,1632,car
t4892,n2071,n1955,1632,car
t4893,n1162,n965,1632,car
t4894,n1970,n1121,1633,car
t4895,n1649,n615,1633,car
t4896,n1008,n72,1633,car
t4897,n1013,n139,1633,car
t4898,n945,n770,1633,car
t4899,n1001,n861,1633,car
t4900,n1479,n1651,1633,car
t4901,n258,n643,1634,car
t4902,n1169,n2162,1634,car
t4903,n763,n721,1634,car
t4904,n148,n780,1634,car
t4905,n717,n1819,1634,car
t4906,n1850,n571,1635,car
t4907,n545,n334,1635,car
t4908,n1778,n452,1635,car
t4909,n606,n876,1636,car
t4910,n1166,n2222,1636,car
t4911,n1762,n97,1636,car
t4912,n408,n2076,1636,car
t4913,n1457,n22,1636,car
t4914,n1145,n1055,1636,car
t4915,n2249,n1654,1636,car
t4916,n2210,n289,1637,car
t4917,n617,n621,1637,car
t4918,n1687,n2090,1637,car
t4919,n195,n229,1637,car
t4920,n174,n2034,1637,car
t4921,n603,n1315,1638,car
t4922,n1985,n1734,1638,car
t4923,n408,n519,1638,car
t4924,n1977,n465,1638,car
t4925,n1008,n177,1638,car
t4926,n1372,n211,1638,car
t4927,n273,n1799,1638,car
t4928,n1867,n1697,1638,car
t4929,n2210,n998,1638,car
t4930,n824,n262,1638,car
t4931,n1387,n1054,1639,car
t4932,n422,n1640,1639,car
t4933,n1462,n2010,1639,car
t4934,n217,n886,1639,car
t4935,n957,n158,1639,car
t4936,n218,n0,1639,car
t4937,n1948,n1145,1639,car
t4938,n356,n527,1639,car
t4939,n441,n1275,1640,car
t4940,n362,n2004,1640,car
t4941,n54,n346,1640,car
t4942,n178,n651,1640,car
t4943,n1462,n1031,1640,car
t4944,n767,n2248,1640,car
t4945,n386,n2075,1640,car
t4946,n901,n442,1640,car
t4947,n322,n1757,1640,car
t4948,n1535,n550,1640,car
t4949,n1773,n821,1640,car
t4950,n1762,n1581,1641,car
t4951,n510,n338,1641,car
t4952,n143,n184,1641,car
t4953,n148,n2111,1641,car
t4954,n1093,n953,1641,car
t4955,n148,n16,1641,car
t4956,n1066,n418,1641,car
t4957,n1064,n279,1641,car
t4958,n408,n75,1641,car
t4959,n917,n1394,1642,car
t4960,n735,n490,1642,car
t4961,n1458,n1480,1642,car
t4962,n1969,n651,1642,car
t4963,n1757,n1484,1643,car
t4964,n1442,n893,1643,car
t4965,n145,n1273,1643,car
t4966,n1267,n360,1643,car
t4967,n1615,n1245,1643,car
t4968,n939,n444,1643,car
t4969,n63,n739,1643,car
t4970,n1451,n1776,1643,car
t4971,n577,n1886,1643,car
t4972,n780,n1312,1643,car
t4973,n488,n642,1644,car
t4974,n252,n1530,1644,car
t4975,n129,n1342,1644,car
t4976,n967,n1876,1644,car
t4977,n856,n2219,1644,car
t4978,n668,n1231,1644,car
t4979,n474,n646,1644,car
t4980,n1308,n1833,1644,car
t4981,n642,n2232,1644,car
t4982,n1867,n1856,1645,car
t4983,n919,n274,1645,car
t4984,n137,n208,1645,car
t4985,n1532,n1510,1645,car
t4986,n571,n1132,1645,car
t4987,n1799,n160,1645,car
t4988,n1788,n640,1646,car
t4989,n1856,n297,1646,car
t4990,n2210,n1295,1646,car
t4991,n1565,n2131,1646,car
t4992,n610,n815,1646,car
t4993,n1146,n2174,1646,car
t4994,n408,n1699,1646,car
t4995,n443,n2127,1647,car
t4996,n1562,n2258,1647,car
t4997,n1535,n1171,1647,car
t4998,n346,n121,1647,car
t4999,n702,n1709,1647,car
t5000,n1856,n249,1648,car
t5001,n1883,n2212,1648,car
t5002,n1356,n2116,1648,car
t5003,n502,n649,1648,car
t5004,n1842,n860,1648,car
t5005,n965,n428,1648,car
t5006,n145,n1608,1648,car
t5007,n1233,n2054,1649,car
t5008,n1141,n2264,1649,car
t5009,n744,n1920,1649,car
t5010,n595,n355,1649,car
t5011,n184,n1195,1649,car
t5012,n52,n478,1649,car
t5013,n1850,n1443,1650,car
t5014,n922,n1876,1650,car
t5015,n1147,n1980,1650,car
t5016,n1853,n2223,1650,car
t5017,n930,n448,1651,car
t5018,n506,n1201,1651,car
t5019,n459,n1899,1651,car
t5020,n1161,n169,1651,car
t5021,n538,n1497,1651,car
t5022,n695,n202,1651,car
t5023,n482,n2234,1651,car
t5024,n448,n1250,1651,car
t5025,n1479,n477,1652,car
t5026,n1435,n746,1652,car
t5027,n532,n1720,1652,car
t5028,n1161,n291,1652,car
t5029,n2117,n378,1652,car
t5030,n432,n1557,1653,car
t5031,n1670,n970,1653,car
t5032,n128,n149,1653,car
t5033,n572,n998,1653,car
t5034,n255,n2070,1653,car
t5035,n657,n1583,1654,car
t5036,n2157,n378,1654,car
t5037,n702,n504,1654,car
t5038,n450,n331,1654,car
t5039,n1838,n1720,1654,car
t5040,n825,n2204,1654,car
t5041,n1161,n312,1654,car
t5042,n224,n2166,1655,car
t5043,n448,n1023,1655,car
t5044,n1970,n408,1655,car
t5045,n1856,n1589,1655,car
t5046,n1552,n2182,1656,car
t5047,n62,n590,1656,car
t5048,n857,n948,1656,car
t5049,n52,n519,1656,car
t5050,n1552,n806,1656,car
t5051,n702,n782,1657,car
t5052,n273,n1020,1657,car
t5053,n855,n591,1657,car
t5054,n919,n754,1657,car
t5055,n945,n1582,1658,car
t5056,n504,n1016,1658,car
t5057,n908,n1307,1658,car
t5058,n460,n1053,1658,car
t5059,n606,n1112,1659,car
t5060,n904,n71,1659,car
t5061,n1014,n1107,1659,car
t5062,n943,n133,1659,car
t5063,n420,n1975,1659,car
t5064,n54,n519,1660,car
t5065,n673,n367,1660,car
t5066,n2255,n1004,1660,car
t5067,n750,n902,1660,car
t5068,n957,n1567,1660,car
t5069,n318,n1946,1660,car
t5070,n1267,n461,1660,car
t5071,n2263,n1001,1661,car
t5072,n1810,n1695,1661,car
t5073,n1983,n120,1661,car
t5074,n393,n882,1661,car
t5075,n1102,n933,1661,car
t5076,n356,n259,1661,car
t5077,n610,n377,1662,car
t5078,n875,n771,1662,car
t5079,n857,n1878,1662,car
t5080,n1847,n345,1662,car
t5081,n1762,n331,1662,car
t5082,n390,n510,1662,car
t5083,n92,n507,1662,car
t5084,n919,n1977,1662,car
t5085,n1849,n490,1662,car
t5086,n453,n1625,1663,car
t5087,n1356,n2113,1663,car
t5088,n871,n726,1663,car
t5089,n606,n1671,1663,car
t5090,n2210,n1500,1663,car
t5091,n1389,n1994,1664,car
t5092,n537,n922,1664,car
t5093,n1093,n615,1664,car
t5094,n359,n953,1664,car
t5095,n666,n279,1664,car
t5096,n55,n1260,1664,car
t5097,n735,n1371,1664,car
t5098,n256,n2077,1664,car
t5099,n993,n1045,1665,car
t5100,n393,n59,1665,car
t5101,n629,n1915,1665,car
t5102,n553,n450,1665,car
t5103,n187,n374,1666,car
t5104,n838,n1243,1666,car
t5105,n847,n2086,1666,car
t5106,n1014,n239,1666,car
t5107,n2052,n1102,1666,car
t5108,n2210,n1397,1666,car
t5109,n414,n2196,1667,car
t5110,n697,n612,1667,car
t5111,n917,n133,1667,car
t5112,n875,n1641,1667,car
t5113,n601,n700,1667,car
t5114,n2039,n1169,1667,car
t5115,n440,n2209,1667,car
t5116,n1103,n1926,1668,car
t5117,n1565,n300,1668,car
t5118,n1313,n1345,1668,car
t5119,n158,n723,1668,car
t5120,n158,n749,1668,car
t5121,n2207,n287,1668,car
t5122,n1869,n379,1668,car
t5123,n924,n1304,1668,car
t5124,n1399,n311,1668,car
t5125,n957,n1966,1668,car
t5126,n322,n710,1668,car
t5127,n1036,n195,1668,car
t5128,n1831,n702,1668,car
t5129,n1687,n1069,1668,car
t5130,n1592,n1188,1668,car
t5131,n598,n1750,1668,car
t5132,n2071,n670,1668,car
t5133,n744,n669,1669,car
t5134,n1031,n1602,1669,car
t5135,n306,n1741,1669,car
t5136,n2155,n779,1669,car
t5137,n1948,n714,1669,car
t5138,n1595,n2053,1670,car
t5139,n2117,n2096,1670,car
t5140,n1261,n629,1670,car
t5141,n386,n1165,1670,car
t5142,n1686,n1443,1670,car
t5143,n497,n1083,1670,car
t5144,n160,n1495,1670,car
t5145,n1112,n795,1670,car
t5146,n727,n1196,1670,car
t5147,n32,n209,1670,car
t5148,n92,n1867,1670,car
t5149,n166,n1101,1671,car
t5150,n1400,n896,1671,car
t5151,n926,n437,1671,car
t5152,n780,n2218,1671,car
t5153,n2082,n928,1672,car
t5154,n228,n529,1672,car
t5155,n2207,n1901,1672,car
t5156,n145,n1909,1672,car
t5157,n62,n269,1673,car
t5158,n632,n1874,1673,car
t5159,n148,n1531,1674,car
t5160,n526,n595,1674,car
t5161,n1116,n9,1674,car
t5162,n1820,n227,1674,car
t5163,n1014,n968,1674,car
t5164,n551,n478,1674,car
t5165,n414,n2049,1675,car
t5166,n1808,n596,1675,car
t5167,n2021,n1184,1675,car
t5168,n1810,n1531,1675,car
t5169,n404,n1601,1675,car
t5170,n1180,n463,1675,car
t5171,n596,n75,1675,car
t5172,n943,n594,1675,car
t5173,n970,n2200,1676,car
t5174,n1895,n666,1676,car
t5175,n718,n419,1676,car
t5176,n666,n349,1676,car
t5177,n856,n639,1676,car
t5178,n1903,n450,1676,car
t5179,n701,n731,1677,car
t5180,n56,n586,1677,car
t5181,n1064,n88,1677,car
t5182,n793,n1685,1677,car
t5183,n255,n974,1677,car
t5184,n1204,n180,1678,car
t5185,n628,n926,1678,car
t5186,n1318,n1192,1678,car
t5187,n1278,n666,1678,car
t5188,n1788,n764,1678,car
t5189,n59,n1588,1678,car
t5190,n1849,n1922,1678,car
t5191,n969,n2246,1679,car
t5192,n417,n1377,1679,car
t5193,n1452,n1540,1679,car
t5194,n1625,n1817,1679,car
t5195,n412,n370,1679,car
t5196,n677,n1657,1680,car
t5197,n995,n1211,1680,car
t5198,n408,n1442,1680,car
t5199,n79,n297,1680,car
t5200,n145,n1278,1680,car
t5201,n1434,n1647,1680,car
t5202,n548,n116,1680,car
t5203,n602,n1703,1680,car
t5204,n1066,n1985,1680,car
t5205,n957,n900,1680,car
t5206,n545,n725,1680,car
t5207,n1054,n1396,1680,car
t5208,n930,n1380,1680,car
t5209,n1093,n1632,1681,car
t5210,n2012,n1405,1681,car
t5211,n2025,n2148,1681,car
t5212,n1349,n1478,1681,car
t5213,n1779,n1601,1682,car
t5214,n1012,n1297,1682,car
t5215,n1591,n1564,1682,car
t5216,n883,n924,1682,car
t5217,n837,n1042,1683,car
t5218,n426,n2123,1683,car
t5219,n751,n2252,1683,car
t5220,n1587,n1231,1683,car
t5221,n764,n280,1683,car
t5222,n1053,n1059,1683,car
t5223,n897,n41,1683,car
t5224,n305,n1485,1684,car
t5225,n985,n78,1684,car
t5226,n24,n365,1684,car
t5227,n1459,n2035,1684,car
t5228,n708,n268,1684,car
t5229,n787,n1944,1684,car
t5230,n1163,n1408,1685,car
t5231,n945,n150,1685,car
t5232,n917,n249,1685,car
t5233,n1535,n977,1685,car
t5234,n637,n629,1685,car
t5235,n1716,n1867,1685,car
t5236,n1577,n854,1685,car
t5237,n910,n776,1686,car
t5238,n539,n1389,1687,car
t5239,n1778,n277,1687,car
t5240,n920,n1319,1687,car
t5241,n1535,n235,1687,car
t5242,n632,n2073,1687,car
t5243,n1171,n148,1688,car
t5244,n60,n1758,1688,car
t5245,n1757,n1854,1688,car
t5246,n306,n898,1688,car
t5247,n129,n1667,1688,car
t5248,n152,n210,1688,car
t5249,n83,n186,1688,car
t5250,n1236,n229,1688,car
t5251,n924,n1636,1688,car
t5252,n2168,n708,1688,car
t5253,n566,n854,1689,car
t5254,n1462,n1253,1689,car
t5255,n486,n344,1689,car
t5256,n1850,n1845,1689,car
t5257,n2210,n1396,1689,car
t5258,n994,n1564,1689,car
t5259,n956,n1337,1690,car
t5260,n844,n1636,1690,car
t5261,n55,n265,1690,car
t5262,n922,n1421,1690,car
t5263,n548,n1188,1690,car
t5264,n1001,n848,1690,car
t5265,n658,n1465,1691,car
t5266,n1778,n384,1691,car
t5267,n1623,n432,1691,car
t5268,n1266,n811,1691,car
t5269,n2189,n282,1692,car
t5270,n574,n1643,1692,car
t5271,n130,n1390,1692,car
t5272,n1110,n677,1692,car
t5273,n1014,n1480,1692,car
t5274,n1587,n1057,1692,car
t5275,n356,n733,1692,car
t5276,n178,n655,1692,car
t5277,n855,n2165,1693,car
t5278,n1736,n988,1693,car
t5279,n2249,n1,1693,car
t5280,n288,n1029,1693,car
t5281,n2255,n1983,1693,car
t5282,n1849,n900,1694,car
t5283,n432,n1599,1694,car
t5284,n2210,n324,1694,car
t5285,n747,n2122,1694,car
t5286,n1022,n482,1694,car
t5287,n1000,n612,1694,car
t5288,n1647,n1654,1694,car
t5289,n1538,n153,1694,car
t5290,n1457,n1610,1695,car
t5291,n1057,n1634,1695,car
t5292,n130,n1593,1695,car
t5293,n538,n412,1695,car
t5294,n1762,n1725,1695,car
t5295,n2188,n500,1695,car
t5296,n24,n473,1695,car
t5297,n650,n1682,1695,car
t5298,n1883,n742,1695,car
t5299,n61,n381,1696,car
t5300,n1687,n2059,1696,car
t5301,n1049,n528,1696,car
t5302,n296,n2040,1696,car
t5303,n1479,n469,1696,car
t5304,n969,n1534,1697,car
t5305,n1112,n753,1697,car
t5306,n1255,n2056,1697,car
t5307,n847,n49,1697,car
t5308,n166,n2022,1697,car
t5309,n1974,n661,1697,car
t5310,n322,n661,1697,car
t5311,n1015,n62,1697,car
t5312,n624,n562,1697,car
t5313,n2231,n156,1697,car
t5314,n1466,n987,1697,car
t5315,n1597,n308,1697,car
t5316,n1812,n546,1697,car
t5317,n1014,n2116,1698,car
t5318,n408,n1499,1698,car
t5319,n585,n519,1698,car
t5320,n2124,n1404,1698,car
t5321,n381,n1682,1699,car
t5322,n595,n2015,1699,car
t5323,n509,n466,1699,car
t5324,n1204,n943,1699,car
t5325,n1939,n601,1699,car
t5326,n2231,n445,1699,car
t5327,n835,n768,1699,car
t5328,n218,n795,1699,car
t5329,n1479,n1432,1699,car
t5330,n273,n1771,1699,car
t5331,n2012,n739,1699,car
t5332,n1459,n475,1700,car
t5333,n1779,n982,1700,car
t5334,n2165,n1745,1700,car
t5335,n2267,n1667,1700,car
t5336,n1014,n2125,1700,car
t5337,n306,n1091,1701,car
t5338,n1893,n1654,1701,car
t5339,n1036,n536,1701,car
t5340,n1343,n650,1701,car
t5341,n493,n1753,1701,car
t5342,n388,n441,1701,car
t5343,n51,n1706,1701,car
t5344,n2207,n1529,1701,car
t5345,n220,n2235,1702,car
t5346,n891,n1555,1702,car
t5347,n1221,n913,1702,car
t5348,n128,n498,1702,car
t5349,n1532,n566,1702,car
t5350,n2162,n1293,1702,car
t5351,n1461,n1843,1702,car
t5352,n694,n662,1702,car
t5353,n1694,n1607,1703,car
t5354,n677,n758,1703,car
t5355,n2255,n727,1704,car
t5356,n725,n2232,1704,car
t5357,n1163,n1419,1704,car
t5358,n924,n876,1704,car
t5359,n1567,n933,1704,car
t5360,n152,n1387,1704,car
t5361,n1357,n2226,1704,car
t5362,n1567,n294,1704,car
t5363,n2168,n1006,1704,car
t5364,n1373,n1956,1704,car
t5365,n1479,n1876,1705,car
t5366,n548,n570,1705,car
t5367,n937,n2121,1705,car
t5368,n502,n1240,1705,car
t5369,n944,n1073,1705,car
t5370,n1318,n1198,1705,car
t5371,n1694,n363,1705,car
t5372,n1969,n1981,1706,car
t5373,n432,n1957,1706,car
t5374,n1160,n1433,1706,car
t5375,n2249,n936,1706,car
t5376,n945,n1448,1706,car
t5377,n1778,n975,1706,car
t5378,n306,n2181,1706,car
t5379,n390,n1714,1706,car
t5380,n1148,n42,1706,car
t5381,n755,n1800,1706,car
t5382,n539,n1861,1707,car
t5383,n143,n968,1707,car
t5384,n1281,n1243,1707,car
t5385,n1357,n2020,1707,car
t5386,n1196,n8,1707,car
t5387,n1459,n2217,1707,car
t5388,n595,n442,1708,car
t5389,n1462,n405,1708,car
t5390,n1883,n1870,1708,car
t5391,n595,n910,1708,car
t5392,n588,n485,1708,car
t5393,n130,n2059,1708,car
t5394,n509,n1961,1708,car
t5395,n1390,n408,1708,car
t5396,n1576,n1001,1709,car
t5397,n1778,n496,1709,car
t5398,n1694,n1314,1709,car
t5399,n788,n2158,1709,car
t5400,n1027,n1503,1709,car
t5401,n673,n427,1709,car
t5402,n552,n172,1710,car
t5403,n315,n532,1710,car
t5404,n15,n1869,1710,car
t5405,n613,n527,1710,car
t5406,n1606,n676,1710,car
t5407,n549,n4,1710,car
t5408,n389,n723,1710,car
t5409,n637,n1843,1710,car
t5410,n637,n1381,1710,car
t5411,n1591,n550,1711,car
t5412,n1564,n496,1711,car
t5413,n296,n305,1711,car
t5414,n487,n989,1711,car
t5415,n129,n668,1711,car
t5416,n1062,n58,1711,car
t5417,n62,n967,1711,car
t5418,n810,n676,1711,car
t5419,n144,n773,1711,car
t5420,n212,n283,1711,car
t5421,n1910,n1666,1712,car
t5422,n1026,n133,1713,car
t5423,n945,n1943,1713,car
t5424,n956,n1930,1713,car
t5425,n936,n635,1713,car
t5426,n324,n644,1713,car
t5427,n1333,n543,1713,car
t5428,n755,n1877,1713,car
t5429,n61,n2009,1713,car
t5430,n1459,n445,1713,car
t5431,n548,n825,1714,car
t5432,n2071,n439,1714,car
t5433,n2210,n843,1714,car
t5434,n1565,n807,1714,car
t5435,n810,n2097,1714,car
t5436,n92,n66,1714,car
t5437,n1026,n1732,1714,car
t5438,n883,n1526,1714,car
t5439,n891,n1251,1715,car
t5440,n1169,n279,1715,car
t5441,n847,n1057,1715,car
t5442,n1093,n889,1715,car
t5443,n300,n597,1715,car
t5444,n56,n731,1715,car
t5445,n1308,n3,1715,car
t5446,n2124,n1778,1715,car
t5447,n702,n1749,1716,car
t5448,n2252,n813,1716,car
t5449,n1349,n176,1716,car
t5450,n166,n1287,1717,car
t5451,n2174,n247,1717,car
t5452,n61,n2058,1717,car
t5453,n1255,n677,1717,car
t5454,n1271,n839,1717,car
t5455,n1814,n365,1717,car
t5456,n318,n66,1717,car
t5457,n414,n1266,1717,car
t5458,n381,n1193,1717,car
t5459,n549,n739,1717,car
t5460,n602,n1102,1717,car
t5461,n1812,n297,1718,car
t5462,n1597,n1765,1718,car
t5463,n1612,n1158,1718,car
t5464,n1064,n1772,1718,car
t5465,n362,n887,1718,car
t5466,n1757,n234,1718,car
t5467,n868,n1412,1718,car
t5468,n62,n725,1719,car
t5469,n727,n1464,1719,car
t5470,n1567,n1206,1719,car
t5471,n92,n687,1720,car
t5472,n2121,n1538,1720,car
t5473,n1812,n1561,1720,car
t5474,n143,n1712,1720,car
t5475,n904,n1476,1721,car
t5476,n300,n1490,1721,car
t5477,n1014,n1847,1721,car
t5478,n596,n1694,1721,car
t5479,n92,n480,1721,car
t5480,n1618,n1766,1722,car
t5481,n1849,n864,1722,car
t5482,n1788,n86,1722,car
t5483,n970,n206,1722,car
t5484,n62,n1603,1722,car
t5485,n1001,n1696,1722,car
t5486,n1356,n60,1723,car
t5487,n1056,n398,1723,car
t5488,n1796,n1531,1723,car
t5489,n755,n1602,1723,car
t5490,n1537,n520,1724,car
t5491,n532,n2236,1724,car
t5492,n432,n540,1724,car
t5493,n985,n669,1724,car
t5494,n509,n1056,1724,car
t5495,n919,n1085,1724,car
t5496,n1694,n2158,1725,car
t5497,n1026,n1705,1725,car
t5498,n1765,n1850,1725,car
t5499,n318,n1189,1725,car
t5500,n224,n1422,1726,car
t5501,n483,n193,1726,car
t5502,n158,n646,1726,car
t5503,n549,n496,1726,car
t5504,n763,n1707,1726,car
t5505,n1334,n1114,1726,car
t5506,n554,n699,1727,car
t5507,n52,n2128,1727,car
t5508,n300,n757,1727,car
t5509,n1681,n1333,1727,car
t5510,n2111,n810,1727,car
t5511,n610,n2161,1727,car
t5512,n1062,n1836,1727,car
t5513,n632,n968,1728,car
t5514,n1587,n1263,1728,car
t5515,n1381,n667,1728,car
t5516,n141,n497,1729,car
t5517,n668,n1903,1729,car
t5518,n1850,n280,1729,car
t5519,n687,n1170,1729,car
t5520,n649,n72,1729,car
t5521,n160,n2051,1729,car
t5522,n220,n806,1730,car
t5523,n470,n1654,1730,car
t5524,n758,n784,1730,car
t5525,n1779,n438,1730,car
t5526,n1001,n278,1730,car
t5527,n624,n796,1730,car
t5528,n1551,n1195,1730,car
t5529,n1237,n473,1731,car
t5530,n596,n1919,1731,car
t5531,n402,n1291,1731,car
t5532,n429,n324,1731,car
t5533,n1255,n995,1731,car
t5534,n645,n2183,1731,car
t5535,n1434,n153,1731,car
t5536,n128,n1787,1731,car
t5537,n666,n1579,1731,car
t5538,n837,n1237,1731,car
t5539,n255,n865,1731,car
t5540,n1793,n1976,1732,car
t5541,n522,n2011,1732,car
t5542,n1552,n1351,1732,car
t5543,n656,n930,1733,car
t5544,n1458,n748,1733,car
t5545,n1029,n812,1733,car
t5546,n1203,n2255,1733,car
t5547,n148,n657,1733,car
t5548,n855,n792,1733,car
t5549,n2083,n1116,1733,car
t5550,n1565,n291,1734,car
t5551,n1064,n2040,1734,car
t5552,n2038,n1025,1734,car
t5553,n2224,n908,1734,car
t5554,n727,n1634,1734,car
t5555,n537,n1832,1735,car
t5556,n91,n1431,1735,car
t5557,n1576,n329,1735,car
t5558,n760,n379,1735,car
t5559,n314,n679,1735,car
t5560,n870,n326,1735,car
t5561,n162,n1598,1735,car
t5562,n666,n1674,1736,car
t5563,n433,n540,1736,car
t5564,n147,n2181,1736,car
t5565,n847,n2212,1736,car
t5566,n502,n185,1736,car
t5567,n162,n122,1737,car
t5568,n945,n1448,1737,car
t5569,n549,n776,1737,car
t5570,n1459,n228,1737,car
t5571,n1847,n1829,1737,car
t5572,n916,n2147,1737,car
t5573,n504,n1516,1737,car
t5574,n992,n1100,1738,car
t5575,n224,n1043,1738,car
t5576,n255,n450,1738,car
t5577,n255,n439,1739,car
t5578,n504,n1076,1739,car
t5579,n1228,n605,1739,car
t5580,n306,n920,1739,car
t5581,n412,n1386,1739,car
t5582,n2207,n626,1740,car
t5583,n591,n1207,1740,car
t5584,n780,n964,1740,car
t5585,n744,n647,1740,car
t5586,n2262,n1143,1740,car
t5587,n775,n1287,1740,car
t5588,n596,n429,1740,car
t5589,n130,n1917,1740,car
t5590,n1317,n1651,1740,car
t5591,n1445,n739,1741,car
t5592,n1336,n375,1741,car
t5593,n1012,n1088,1741,car
t5594,n1716,n1238,1741,car
t5595,n931,n794,1742,car
t5596,n32,n1465,1742,car
t5597,n1503,n903,1742,car
t5598,n354,n950,1742,car
t5599,n1459,n548,1742,car
t5600,n1283,n421,1742,car
t5601,n1565,n775,1742,car
t5602,n2107,n866,1742,car
t5603,n889,n1575,1743,car
t5604,n1162,n1314,1743,car
t5605,n2249,n1107,1743,car
t5606,n956,n1181,1743,car
t5607,n537,n1449,1743,car
t5608,n1458,n2054,1743,car
t5609,n188,n399,1744,car
t5610,n1813,n1818,1744,car
t5611,n509,n1841,1744,car
t5612,n54,n493,1745,car
t5613,n588,n1192,1745,car
t5614,n24,n126,1745,car
t5615,n1054,n1506,1745,car
t5616,n548,n705,1745,car
t5617,n969,n252,1746,car
t5618,n2249,n787,1746,car
t5619,n613,n965,1746,car
t5620,n1311,n361,1746,car
t5621,n443,n149,1746,car
t5622,n306,n360,1746,car
t5623,n162,n1951,1747,car
t5624,n1735,n36,1747,car
t5625,n145,n1179,1747,car
t5626,n425,n741,1747,car
t5627,n1261,n97,1748,car
t5628,n897,n2162,1748,car
t5629,n1001,n1276,1748,car
t5630,n2213,n276,1748,car
t5631,n895,n1378,1748,car
t5632,n610,n1209,1749,car
t5633,n55,n490,1749,car
t5634,n1850,n1222,1749,car
t5635,n462,n1775,1749,car
t5636,n1569,n312,1749,car
t5637,n945,n506,1749,car
t5638,n1850,n1538,1749,car
t5639,n836,n784,1749,car
t5640,n1014,n532,1750,car
t5641,n788,n1447,1750,car
t5642,n637,n506,1750,car
t5643,n62,n1341,1750,car
t5644,n2207,n1703,1751,car
t5645,n1528,n1445,1751,car
t5646,n315,n1111,1751,car
t5647,n2083,n1812,1751,car
t5648,n1606,n930,1751,car
t5649,n1820,n1054,1751,car
t5650,n1145,n1691,1751,car
t5651,n318,n689,1751,car
t5652,n496,n705,1752,car
t5653,n837,n506,1752,car
t5654,n504,n1297,1752,car
t5655,n1775,n1670,1752,car
t5656,n1795,n939,1752,car
t5657,n2246,n381,1752,car
t5658,n422,n1824,1752,car
t5659,n1739,n1101,1753,car
t5660,n900,n439,1753,car
t5661,n548,n254,1753,car
t5662,n140,n771,1754,car
t5663,n507,n992,1754,car
t5664,n702,n2151,1754,car
t5665,n288,n1325,1754,car
t5666,n2124,n503,1754,car
t5667,n1593,n501,1754,car
t5668,n1292,n508,1754,car
t5669,n507,n2220,1754,car
t5670,n847,n165,1755,car
t5671,n871,n1809,1755,car
t5672,n2255,n2269,1755,car
t5673,n2084,n2118,1755,car
t5674,n2082,n945,1755,car
t5675,n1054,n1736,1755,car
t5676,n432,n1339,1756,car
t5677,n919,n2163,1756,car
t5678,n702,n2082,1756,car
t5679,n1641,n338,1756,car
t5680,n523,n1649,1756,car
t5681,n121,n2107,1756,car
t5682,n539,n221,1757,car
t5683,n63,n1675,1757,car
t5684,n2131,n590,1757,car
t5685,n612,n259,1758,car
t5686,n121,n422,1758,car
t5687,n971,n1572,1758,car
t5688,n1814,n342,1758,car
t5689,n166,n2135,1758,car
t5690,n2071,n720,1758,car
t5691,n2195,n2012,1758,car
t5692,n606,n1221,1758,car
t5693,n128,n1247,1759,car
t5694,n273,n1206,1759,car
t5695,n970,n1104,1759,car
t5696,n1161,n368,1759,car
t5697,n851,n1970,1759,car
t5698,n1161,n816,1759,car
t5699,n1716,n807,1759,car
t5700,n162,n844,1759,car
t5701,n258,n427,1759,car
t5702,n1053,n1398,1759,car
t5703,n1583,n457,1759,car
t5704,n554,n674,1760,car
t5705,n1740,n1078,1760,car
t5706,n1356,n73,1760,car
t5707,n1880,n1782,1760,car
t5708,n187,n981,1760,car
t5709,n1773,n868,1760,car
t5710,n509,n621,1760,car
t5711,n354,n108,1760,car
t5712,n1188,n126,1760,car
t5713,n903,n325,1761,car
t5714,n356,n125,1761,car
t5715,n121,n733,1761,car
t5716,n1776,n667,1762,car
t5717,n1230,n977,1762,car
t5718,n1649,n2241,1762,car
t5719,n658,n762,1762,car
t5720,n1850,n627,1762,car
t5721,n717,n1923,1762,car
t5722,n1271,n218,1763,car
t5723,n420,n203,1763,car
t5724,n1850,n1804,1763,car
t5725,n751,n426,1763,car
t5726,n160,n1051,1763,car
t5727,n145,n1516,1763,car
t5728,n2083,n771,1763,car
t5729,n1306,n927,1763,car
t5730,n2038,n618,1763,car
t5731,n328,n805,1764,car
t5732,n1812,n556,1764,car
t5733,n654,n542,1764,car
t5734,n81,n1225,1764,car
t5735,n1066,n2070,1764,car
t5736,n1113,n1417,1764,car
t5737,n443,n1498,1764,car
t5738,n1820,n2155,1764,car
t5739,n1017,n722,1764,car
t5740,n219,n1777,1764,car
t5741,n901,n782,1764,car
t5742,n144,n1676,1764,car
t5743,n460,n720,1764,car
t5744,n823,n1001,1764,car
t5745,n712,n159,1765,car
t5746,n146,n1459,1765,car
t5747,n1103,n261,1765,car
t5748,n128,n1804,1765,car
t5749,n612,n723,1766,car
t5750,n222,n358,1766,car
t5751,n595,n1447,1766,car
t5752,n630,n977,1766,car
t5753,n1788,n139,1766,car
t5754,n1732,n145,1766,car
t5755,n152,n429,1766,car
t5756,n727,n932,1766,car
t5757,n443,n520,1767,car
t5758,n595,n295,1767,car
t5759,n545,n2259,1767,car
t5760,n965,n676,1767,car
t5761,n1103,n855,1767,car
t5762,n1180,n176,1767,car
t5763,n1400,n325,1767,car
t5764,n611,n1751,1767,car
t5765,n2256,n792,1767,car
t5766,n1110,n1094,1767,car
t5767,n1820,n2049,1768,car
t5768,n656,n223,1768,car
t5769,n185,n1430,1768,car
t5770,n524,n625,1768,car
t5771,n1562,n1297,1768,car
t5772,n1012,n1152,1768,car
t5773,n312,n2073,1768,car
t5774,n52,n1391,1768,car
t5775,n945,n1748,1768,car
t5776,n1317,n714,1769,car
t5777,n2176,n1683,1769,car
t5778,n1847,n548,1769,car
t5779,n1046,n776,1769,car
t5780,n776,n1461,1769,car
t5781,n258,n324,1769,car
t5782,n1535,n1255,1769,car
t5783,n1143,n450,1770,car
t5784,n701,n802,1770,car
t5785,n1298,n799,1770,car
t5786,n1169,n1980,1770,car
t5787,n362,n1218,1771,car
t5788,n1161,n1258,1771,car
t5789,n697,n150,1771,car
t5790,n1795,n788,1771,car
t5791,n1290,n1037,1772,car
t5792,n1458,n304,1772,car
t5793,n1528,n1973,1772,car
t5794,n1333,n357,1772,car
t5795,n945,n1890,1772,car
t5796,n1466,n2164,1772,car
t5797,n143,n1142,1772,car
t5798,n137,n462,1772,car
t5799,n970,n505,1773,car
t5800,n919,n1581,1773,car
t5801,n160,n612,1773,car
t5802,n187,n801,1773,car
t5803,n1820,n236,1773,car
t5804,n1162,n848,1773,car
t5805,n1565,n1879,1774,car
t5806,n1984,n1751,1774,car
t5807,n1564,n2010,1774,car
t5808,n2094,n1466,1774,car
t5809,n637,n1730,1774,car
t5810,n161,n326,1774,car
t5811,n471,n931,1774,car
t5812,n470,n1000,1775,car
t5813,n344,n814,1775,car
t5814,n1434,n1817,1775,car
t5815,n810,n2049,1775,car
t5816,n835,n1918,1776,car
t5817,n1609,n1427,1777,car
t5818,n956,n1868,1777,car
t5819,n1309,n1440,1777,car
t5820,n1062,n1244,1777,car
t5821,n559,n1356,1777,car
t5822,n338,n1322,1777,car
t5823,n508,n541,1777,car
t5824,n2157,n1026,1777,car
t5825,n944,n1940,1778,car
t5826,n598,n77,1778,car
t5827,n369,n1652,1778,car
t5828,n1567,n830,1778,car
t5829,n1462,n1408,1778,car
t5830,n507,n1055,1778,car
t5831,n972,n53,1778,car
t5832,n1810,n1567,1778,car
t5833,n545,n1338,1779,car
t5834,n145,n1450,1779,car
t5835,n2207,n661,1779,car
t5836,n2121,n682,1779,car
t5837,n611,n2181,1780,car
t5838,n1694,n2108,1780,car
t5839,n1029,n679,1780,car
t5840,n381,n1936,1780,car
t5841,n884,n1602,1780,car
t5842,n716,n1694,1781,car
t5843,n469,n829,1781,car
t5844,n632,n326,1781,car
t5845,n1740,n377,1781,car
t5846,n1180,n211,1781,car
t5847,n544,n448,1781,car
t5848,n2120,n960,1782,car
t5849,n1731,n227,1782,car
t5850,n1565,n1817,1782,car
t5851,n702,n720,1782,car
t5852,n537,n960,1782,car
t5853,n785,n2214,1782,car
t5854,n632,n278,1782,car
t5855,n717,n277,1782,car
t5856,n1790,n1369,1783,car
t5857,n657,n1532,1783,car
t5858,n221,n1433,1783,car
t5859,n152,n1304,1783,car
t5860,n302,n1694,1783,car
t5861,n569,n2166,1783,car
t5862,n432,n912,1783,car
t5863,n833,n285,1783,car
t5864,n855,n1442,1784,car
t5865,n1322,n1745,1784,car
t5866,n826,n1039,1784,car
t5867,n920,n1722,1784,car
t5868,n51,n732,1784,car
t5869,n1537,n196,1784,car
t5870,n611,n420,1785,car
t5871,n1565,n2099,1785,car
t5872,n224,n827,1785,car
t5873,n54,n2183,1785,car
t5874,n188,n688,1785,car
t5875,n1535,n2152,1785,car
t5876,n1002,n963,1785,car
t5877,n255,n2151,1785,car
t5878,n909,n28,1786,car
t5879,n1459,n183,1786,car
t5880,n1883,n1216,1786,car
t5881,n2210,n304,1787,car
t5882,n945,n360,1787,car
t5883,n54,n2031,1787,car
t5884,n322,n1619,1787,car
t5885,n515,n834,1787,car
t5886,n1093,n1370,1787,car
t5887,n943,n2081,1787,car
t5888,n1349,n1143,1787,car
t5889,n2223,n1648,1787,car
t5890,n376,n1527,1787,car
t5891,n414,n1757,1788,car
t5892,n471,n1683,1788,car
t5893,n1054,n2030,1788,car
t5894,n140,n2260,1788,car
t5895,n1850,n1968,1788,car
t5896,n507,n755,1788,car
t5897,n701,n1541,1788,car
t5898,n432,n1535,1789,car
t5899,n2210,n1158,1790,car
t5900,n1050,n422,1790,car
t5901,n1581,n847,1790,car
t5902,n255,n2239,1790,car
t5903,n1001,n1617,1790,car
t5904,n901,n258,1790,car
t5905,n492,n2081,1790,car
t5906,n841,n1952,1791,car
t5907,n1975,n816,1791,car
t5908,n408,n2151,1791,car
t5909,n553,n304,1791,car
t5910,n223,n779,1792,car
t5911,n1227,n1300,1792,car
t5912,n587,n1163,1792,car
t5913,n305,n1252,1792,car
t5914,n2174,n521,1792,car
t5915,n388,n51,1792,car
t5916,n945,n549,1792,car
t5917,n591,n2229,1793,car
t5918,n482,n767,1793,car
t5919,n646,n2078,1793,car
t5920,n1357,n939,1793,car
t5921,n302,n531,1794,car
t5922,n24,n1827,1794,car
t5923,n596,n603,1794,car
t5924,n2210,n1595,1794,car
t5925,n2124,n801,1794,car
t5926,n75,n347,1794,car
t5927,n128,n188,1795,car
t5928,n821,n469,1795,car
t5929,n1228,n1596,1795,car
t5930,n548,n1653,1795,car
t5931,n637,n1818,1795,car
t5932,n645,n962,1795,car
t5933,n398,n1958,1795,car
t5934,n630,n1218,1796,car
t5935,n1237,n1796,1796,car
t5936,n2210,n1939,1796,car
t5937,n1229,n1788,1796,car
t5938,n643,n2034,1796,car
t5939,n1102,n1899,1796,car
t5940,n1815,n755,1796,car
t5941,n265,n1600,1796,car
t5942,n506,n133,1796,car
t5943,n1161,n688,1797,car
t5944,n1112,n145,1797,car
t5945,n1169,n440,1797,car
t5946,n1854,n106,1797,car
t5947,n1188,n1935,1797,car
t5948,n697,n407,1797,car
t5949,n957,n441,1797,car
t5950,n1333,n1825,1797,car
t5951,n1730,n1398,1797,car
t5952,n1171,n871,1798,car
t5953,n306,n972,1798,car
t5954,n811,n459,1798,car
t5955,n1916,n254,1798,car
t5956,n1278,n1439,1798,car
t5957,n219,n304,1798,car
t5958,n1808,n1625,1798,car
t5959,n145,n1895,1798,car
t5960,n646,n319,1798,car
t5961,n1862,n1687,1799,car
t5962,n724,n1012,1799,car
t5963,n496,n1314,1799,car
t5964,n258,n1330,1799,car
t5965,n637,n1025,1799,car
t5966,n128,n1213,1799,car
t5967,n2249,n165,1799,car
t5968,n895,n1350,1799,car
t5969,n1880,n17,1799,car
t5970,n866,n1887,1800,car
t5971,n1615,n462,1800,car
t5972,n32,n459,1800,car
t5973,n1820,n1984,1800,car
t5974,n1002,n755,1800,car
t5975,n1054,n154,1800,car
t5976,n460,n491,1801,car
t5977,n598,n1490,1801,car
t5978,n1103,n1688,1801,car
t5979,n2124,n1592,1801,car
t5980,n680,n454,1801,car
t5981,n637,n701,1802,car
t5982,n1161,n750,1802,car
t5983,n843,n1298,1802,car
t5984,n1266,n799,1802,car
t5985,n847,n1725,1803,car
t5986,n1812,n1200,1803,car
t5987,n657,n540,1803,car
t5988,n1935,n1258,1803,car
t5989,n56,n1293,1803,car
t5990,n1850,n191,1803,car
t5991,n1678,n553,1803,car
t5992,n1605,n1890,1803,car
t5993,n596,n492,1804,car
t5994,n121,n457,1804,car
t5995,n494,n2207,1804,car
t5996,n506,n2227,1804,car
t5997,n1773,n554,1804,car
t5998,n1434,n198,1804,car
t5999,n1606,n390,1804,car
t6000,n252,n750,1804,car
t6001,n158,n564,1804,car
t6002,n466,n1049,1805,car
t6003,n1778,n229,1805,car
t6004,n738,n1614,1805,car
t6005,n509,n2236,1805,car
t6006,n1266,n1995,1805,car
t6007,n870,n240,1805,car
t6008,n637,n1255,1806,car
t6009,n1974,n177,1806,car
t6010,n560,n1384,1806,car
t6011,n450,n412,1806,car
t6012,n919,n2010,1806,car
t6013,n827,n1381,1806,car
t6014,n1581,n1996,1806,car
t6015,n1569,n1008,1807,car
t6016,n162,n694,1807,car
t6017,n312,n159,1807,car
t6018,n821,n882,1807,car
t6019,n970,n487,1807,car
t6020,n345,n1031,1807,car
t6021,n1188,n1933,1808,car
t6022,n1207,n2124,1808,car
t6023,n708,n1371,1808,car
t6024,n376,n225,1808,car
t6025,n1812,n622,1808,car
t6026,n1459,n649,1808,car
t6027,n1457,n1638,1809,car
t6028,n970,n807,1809,car
t6029,n1349,n1930,1809,car
t6030,n430,n1935,1809,car
t6031,n506,n2068,1809,car
t6032,n793,n1402,1809,car
t6033,n420,n811,1809,car
t6034,n1451,n873,1809,car
t6035,n549,n1343,1810,car
t6036,n544,n1224,1810,car
t6037,n536,n622,1810,car
t6038,n2182,n2196,1810,car
t6039,n1601,n1677,1810,car
t6040,n596,n399,1810,car
t6041,n83,n370,1810,car
t6042,n1738,n1043,1810,car
t6043,n667,n117,1810,car
t6044,n1247,n1138,1810,car
t6045,n1399,n2083,1811,car
t6046,n658,n764,1811,car
t6047,n1862,n998,1811,car
t6048,n1800,n1974,1811,car
t6049,n75,n1848,1811,car
t6050,n92,n1199,1811,car
t6051,n1459,n905,1811,car
t6052,n701,n2101,1811,car
t6053,n915,n2054,1811,car
t6054,n923,n2223,1812,car
t6055,n610,n1020,1812,car
t6056,n2255,n1095,1812,car
t6057,n433,n679,1812,car
t6058,n1281,n597,1812,car
t6059,n1883,n1694,1812,car
t6060,n1161,n920,1812,car
t6061,n2083,n688,1812,car
t6062,n504,n920,1812,car
t6063,n637,n690,1812,car
t6064,n54,n575,1812,car
t6065,n1532,n928,1813,car
t6066,n443,n1864,1813,car
t6067,n507,n1583,1813,car
t6068,n919,n550,1813,car
t6069,n845,n1570,1814,car
t6070,n435,n901,1814,car
t6071,n315,n1106,1814,car
t6072,n1112,n2054,1814,car
t6073,n1626,n706,1814,car
t6074,n1776,n763,1814,car
t6075,n63,n962,1815,car
t6076,n1591,n588,1815,car
t6077,n63,n786,1815,car
t6078,n1267,n1395,1815,car
t6079,n1228,n698,1815,car
t6080,n152,n592,1815,car
t6081,n1501,n1558,1816,car
t6082,n1053,n207,1816,car
t6083,n148,n1109,1816,car
t6084,n255,n1326,1816,car
t6085,n901,n1967,1816,car
t6086,n1258,n1735,1816,car
t6087,n318,n939,1817,car
t6088,n606,n1141,1817,car
t6089,n1279,n420,1817,car
t6090,n600,n1764,1818,car
t6091,n1292,n875,1818,car
t6092,n61,n1157,1818,car
t6093,n1762,n22,1818,car
t6094,n709,n1770,1818,car
t6095,n2165,n502,1818,car
t6096,n1001,n1048,1818,car
t6097,n433,n2019,1818,car
t6098,n1528,n744,1819,car
t6099,n1849,n666,1819,car
t6100,n1177,n941,1819,car
t6101,n1231,n1182,1819,car
t6102,n178,n1587,1819,car
t6103,n1457,n973,1819,car
t6104,n1017,n1439,1819,car
t6105,n255,n289,1820,car
t6106,n55,n1334,1820,car
t6107,n2210,n1533,1820,car
t6108,n273,n1394,1820,car
t6109,n805,n549,1820,car
t6110,n632,n417,1820,car
t6111,n130,n2105,1821,car
t6112,n2249,n1030,1821,car
t6113,n1459,n1062,1821,car
t6114,n970,n1775,1821,car
t6115,n526,n55,1821,car
t6116,n1869,n1516,1821,car
t6117,n1458,n1610,1821,car
t6118,n398,n1854,1821,car
t6119,n767,n939,1822,car
t6120,n145,n1280,1822,car
t6121,n504,n600,1822,car
t6122,n1161,n1976,1822,car
t6123,n870,n328,1822,car
t6124,n1901,n1,1822,car
t6125,n471,n2001,1822,car
t6126,n1255,n1634,1822,car
t6127,n1812,n144,1823,car
t6128,n1880,n2064,1823,car
t6129,n2210,n600,1823,car
t6130,n1808,n682,1823,car
t6131,n891,n748,1823,car
t6132,n822,n555,1823,car
t6133,n690,n2216,1823,car
t6134,n306,n1259,1823,car
t6135,n666,n743,1823,car
t6136,n188,n1123,1823,car
t6137,n432,n1500,1823,car
t6138,n506,n1455,1824,car
t6139,n915,n1202,1824,car
t6140,n224,n531,1824,car
t6141,n1451,n723,1824,car
t6142,n305,n1259,1824,car
t6143,n381,n662,1824,car
t6144,n2238,n1881,1824,car
t6145,n606,n1814,1824,car
t6146,n1161,n1517,1824,car
t6147,n148,n23,1824,car
t6148,n2255,n323,1824,car
t6149,n199,n185,1825,car
t6150,n528,n1367,1825,car
t6151,n1255,n124,1825,car
t6152,n1565,n1049,1825,car
t6153,n930,n587,1825,car
t6154,n1820,n1402,1825,car
t6155,n1762,n1376,1825,car
t6156,n2164,n1141,1825,car
t6157,n919,n399,1825,car
t6158,n1778,n1451,1826,car
t6159,n1604,n666,1826,car
t6160,n561,n1441,1826,car
t6161,n935,n775,1827,car
t6162,n1618,n302,1827,car
t6163,n857,n1484,1827,car
t6164,n448,n1225,1827,car
t6165,n1765,n1142,1827,car
t6166,n840,n792,1827,car
t6167,n354,n754,1827,car
t6168,n63,n1144,1827,car
t6169,n904,n244,1827,car
t6170,n901,n672,1827,car
t6171,n436,n1879,1828,car
t6172,n1606,n2056,1828,car
t6173,n1569,n642,1828,car
t6174,n432,n2130,1829,car
t6175,n2210,n826,1829,car
t6176,n970,n1988,1829,car
t6177,n1849,n1863,1829,car
t6178,n129,n44,1829,car
t6179,n60,n865,1829,car
t6180,n1211,n707,1829,car
t6181,n903,n81,1829,car
t6182,n965,n1942,1830,car
t6183,n318,n22,1830,car
t6184,n312,n841,1830,car
t6185,n432,n1666,1830,car
t6186,n2255,n2216,1830,car
t6187,n813,n1606,1830,car
t6188,n930,n1665,1831,car
t6189,n1000,n1459,1831,car
t6190,n422,n2067,1831,car
t6191,n1883,n1445,1832,car
t6192,n1143,n991,1832,car
t6193,n996,n1411,1832,car
t6194,n1014,n780,1832,car
t6195,n632,n246,1832,car
t6196,n424,n2162,1832,car
t6197,n2210,n974,1833,car
t6198,n1808,n710,1833,car
t6199,n190,n1759,1833,car
t6200,n965,n2267,1834,car
t6201,n682,n437,1834,car
t6202,n224,n1006,1834,car
t6203,n594,n1378,1834,car
t6204,n121,n1846,1834,car
t6205,n1400,n220,1835,car
t6206,n1317,n1388,1835,car
t6207,n957,n738,1835,car
t6208,n552,n1289,1835,car
t6209,n702,n286,1836,car
t6210,n2255,n166,1836,car
t6211,n1584,n197,1836,car
t6212,n318,n1455,1836,car
t6213,n1032,n616,1836,car
t6214,n393,n1543,1836,car
t6215,n1883,n585,1836,car
t6216,n1255,n956,1836,car
t6217,n676,n150,1836,car
t6218,n148,n232,1837,car
t6219,n1539,n782,1837,car
t6220,n300,n390,1837,car
t6221,n160,n811,1837,car
t6222,n1820,n1650,1837,car
t6223,n1678,n989,1837,car
t6224,n224,n2228,1837,car
t6225,n957,n239,1837,car
t6226,n2017,n1640,1838,car
t6227,n1425,n1101,1838,car
t6228,n667,n1399,1838,car
t6229,n743,n1592,1838,car
t6230,n219,n241,1838,car
t6231,n152,n545,1838,car
t6232,n388,n2198,1838,car
t6233,n52,n338,1838,car
t6234,n920,n1886,1839,car
t6235,n548,n876,1839,car
t6236,n1842,n1254,1840,car
t6237,n2084,n1564,1840,car
t6238,n1405,n2208,1840,car
t6239,n1970,n1007,1840,car
t6240,n2255,n83,1840,car
t6241,n1535,n892,1840,car
t6242,n1607,n1369,1840,car
t6243,n152,n1344,1841,car
t6244,n178,n1254,1841,car
t6245,n145,n911,1841,car
t6246,n162,n2212,1841,car
t6247,n632,n213,1841,car
t6248,n398,n220,1841,car
t6249,n957,n1907,1841,car
t6250,n637,n1385,1841,car
t6251,n1465,n1450,1841,car
t6252,n883,n255,1841,car
t6253,n364,n217,1841,car
t6254,n724,n2020,1841,car
t6255,n537,n1230,1841,car
t6256,n969,n1028,1841,car
t6257,n422,n1570,1841,car
t6258,n792,n938,1842,car
t6259,n1053,n551,1842,car
t6260,n408,n500,1842,car
t6261,n624,n338,1842,car
t6262,n1160,n1094,1842,car
t6263,n975,n1897,1842,car
t6264,n443,n1948,1842,car
t6265,n1961,n1164,1842,car
t6266,n1880,n1130,1842,car
t6267,n1788,n1672,1842,car
t6268,n62,n1970,1843,car
t6269,n54,n2157,1843,car
t6270,n1903,n280,1843,car
t6271,n1389,n666,1844,car
t6272,n548,n1211,1844,car
t6273,n967,n288,1844,car
t6274,n1036,n1043,1844,car
t6275,n537,n1203,1844,car
t6276,n994,n2241,1844,car
t6277,n255,n1352,1845,car
t6278,n917,n1416,1845,car
t6279,n632,n1717,1845,car
t6280,n1984,n1095,1845,car
t6281,n137,n1238,1845,car
t6282,n801,n1687,1845,car
t6283,n969,n810,1846,car
t6284,n1247,n41,1846,car
t6285,n1014,n1629,1846,car
t6286,n923,n1805,1846,car
t6287,n1349,n561,1846,car
t6288,n560,n84,1846,car
t6289,n1357,n69,1846,car
t6290,n502,n871,1847,car
t6291,n581,n699,1847,car
t6292,n1843,n328,1847,car
t6293,n558,n1007,1848,car
t6294,n1232,n1556,1848,car
t6295,n1532,n502,1848,car
t6296,n985,n1892,1848,car
t6297,n1012,n1320,1849,car
t6298,n130,n218,1849,car
t6299,n1792,n178,1849,car
t6300,n1740,n466,1849,car
t6301,n52,n1771,1849,car
t6302,n900,n1945,1849,car
t6303,n80,n217,1849,car
t6304,n1694,n52,1850,car
t6305,n1052,n2171,1850,car
t6306,n1014,n651,1850,car
t6307,n1773,n1291,1850,car
t6308,n408,n2023,1850,car
t6309,n1066,n849,1850,car
t6310,n1971,n699,1850,car
t6311,n169,n1357,1850,car
t6312,n54,n746,1850,car
t6313,n967,n862,1850,car
t6314,n537,n574,1851,car
t6315,n1459,n687,1851,car
t6316,n2165,n665,1851,car
t6317,n1524,n1891,1851,car
t6318,n1841,n1047,1851,car
t6319,n1681,n292,1851,car
t6320,n727,n1194,1852,car
t6321,n1741,n438,1852,car
t6322,n178,n2266,1852,car
t6323,n944,n80,1852,car
t6324,n52,n151,1852,car
t6325,n1390,n470,1852,car
t6326,n923,n137,1852,car
t6327,n1238,n133,1852,car
t6328,n1535,n1616,1852,car
t6329,n229,n804,1852,car
t6330,n1638,n905,1853,car
t6331,n1247,n356,1853,car
t6332,n769,n1771,1853,car
t6333,n637,n1029,1853,car
t6334,n1788,n553,1854,car
t6335,n1605,n589,1854,car
t6336,n1016,n36,1854,car
t6337,n567,n1590,1854,car
t6338,n1012,n360,1854,car
t6339,n1788,n611,1854,car
t6340,n1820,n898,1854,car
t6341,n1171,n1584,1854,car
t6342,n739,n1987,1854,car
t6343,n637,n1683,1854,car
t6344,n1783,n1916,1854,car
t6345,n130,n1960,1854,car
t6346,n969,n945,1855,car
t6347,n548,n660,1855,car
t6348,n1259,n1043,1855,car
t6349,n54,n1744,1855,car
t6350,n408,n553,1855,car
t6351,n1357,n584,1855,car
t6352,n548,n1284,1855,car
t6353,n1021,n1447,1855,car
t6354,n1286,n2031,1856,car
t6355,n937,n614,1856,car
t6356,n1196,n2260,1856,car
t6357,n1459,n83,1857,car
t6358,n1819,n773,1857,car
t6359,n1838,n531,1857,car
t6360,n700,n314,1857,car
t6361,n1803,n690,1858,car
t6362,n1054,n2006,1858,car
t6363,n760,n1077,1858,car
t6364,n1762,n1827,1858,car
t6365,n1255,n1974,1858,car
t6366,n1810,n2160,1858,car
t6367,n744,n517,1858,car
t6368,n59,n1487,1859,car
t6369,n1064,n1696,1859,car
t6370,n743,n1044,1859,car
t6371,n1838,n251,1859,car
t6372,n917,n439,1859,car
t6373,n1803,n792,1859,car
t6374,n1451,n860,1860,car
t6375,n354,n840,1860,car
t6376,n1156,n1639,1860,car
t6377,n1459,n1208,1860,car
t6378,n1004,n1729,1860,car
t6379,n1185,n1331,1860,car
t6380,n195,n1334,1860,car
t6381,n1694,n287,1860,car
t6382,n2210,n1449,1861,car
t6383,n55,n6,1861,car
t6384,n1824,n2170,1861,car
t6385,n2247,n1323,1861,car
t6386,n1154,n255,1861,car
t6387,n52,n555,1861,car
t6388,n1183,n979,1862,car
t6389,n2224,n690,1862,car
t6390,n854,n1774,1862,car
t6391,n552,n1210,1862,car
t6392,n919,n501,1862,car
t6393,n1435,n2262,1862,car
t6394,n727,n474,1862,car
t6395,n724,n1809,1863,car
t6396,n1457,n1835,1863,car
t6397,n1535,n1972,1863,car
t6398,n1103,n1009,1863,car
t6399,n628,n1439,1863,car
t6400,n1778,n2224,1863,car
t6401,n1969,n652,1863,car
t6402,n525,n2142,1863,car
t6403,n1775,n270,1863,car
t6404,n568,n1674,1863,car
t6405,n816,n414,1863,car
t6406,n789,n1016,1864,car
t6407,n352,n542,1864,car
t6408,n306,n1389,1864,car
t6409,n837,n961,1864,car
t6410,n1565,n1286,1864,car
t6411,n1112,n906,1864,car
t6412,n965,n125,1864,car
t6413,n695,n880,1865,car
t6414,n1188,n63,1865,car
t6415,n62,n2014,1866,car
t6416,n1459,n2051,1866,car
t6417,n743,n817,1866,car
t6418,n657,n1652,1866,car
t6419,n209,n1,1867,car
t6420,n1255,n1012,1867,car
t6421,n538,n998,1867,car
t6422,n1261,n235,1868,car
t6423,n32,n372,1868,car
t6424,n1716,n416,1868,car
t6425,n1357,n385,1869,car
t6426,n613,n292,1869,car
t6427,n895,n2050,1869,car
t6428,n1291,n752,1869,car
t6429,n694,n1590,1869,car
t6430,n727,n1401,1869,car
t6431,n49,n2138,1869,car
t6432,n697,n560,1869,car
t6433,n847,n1922,1869,car
t6434,n228,n1111,1869,car
t6435,n1400,n62,1869,car
t6436,n258,n302,1870,car
t6437,n2057,n258,1870,car
t6438,n218,n1131,1870,car
t6439,n54,n522,1870,car
t6440,n195,n1145,1870,car
t6441,n1054,n1591,1871,car
t6442,n152,n1781,1871,car
t6443,n432,n288,1871,car
t6444,n702,n1102,1871,car
t6445,n1606,n363,1871,car
t6446,n2256,n1759,1872,car
t6447,n1901,n1763,1872,car
t6448,n970,n594,1872,car
t6449,n306,n1887,1872,car
t6450,n555,n865,1872,car
t6451,n1172,n837,1872,car
t6452,n1062,n481,1872,car
t6453,n147,n1888,1872,car
t6454,n2207,n574,1873,car
t6455,n506,n440,1873,car
t6456,n1169,n807,1873,car
t6457,n1247,n4,1873,car
t6458,n37,n2076,1874,car
t6459,n733,n1197,1874,car
t6460,n806,n1205,1874,car
t6461,n133,n644,1874,car
t6462,n178,n224,1874,car
t6463,n443,n799,1874,car
t6464,n2162,n2137,1874,car
t6465,n321,n753,1874,car
t6466,n212,n1422,1875,car
t6467,n668,n1103,1875,car
t6468,n975,n1790,1875,car
t6469,n1883,n1180,1875,car
t6470,n606,n1094,1875,car
t6471,n315,n270,1875,car
t6472,n2131,n1780,1876,car
t6473,n687,n745,1876,car
t6474,n15,n743,1876,car
t6475,n177,n1304,1876,car
t6476,n702,n2089,1876,car
t6477,n943,n1185,1877,car
t6478,n1282,n507,1877,car
t6479,n1066,n1180,1877,car
t6480,n51,n234,1877,car
t6481,n1983,n1398,1877,car
t6482,n510,n1543,1878,car
t6483,n1255,n792,1878,car
t6484,n1333,n746,1878,car
t6485,n2249,n639,1878,car
t6486,n184,n42,1878,car
t6487,n448,n1970,1878,car
t6488,n128,n1971,1878,car
t6489,n1537,n544,1879,car
t6490,n1008,n1691,1879,car
t6491,n502,n1240,1879,car
t6492,n2255,n1346,1879,car
t6493,n1270,n1388,1879,car
t6494,n1850,n1760,1879,car
t6495,n315,n833,1879,car
t6496,n2121,n1426,1879,car
t6497,n1459,n2254,1879,car
t6498,n1694,n516,1880,car
t6499,n2267,n1754,1880,car
t6500,n1000,n638,1880,car
t6501,n901,n1556,1880,car
t6502,n218,n893,1881,car
t6503,n162,n1031,1881,car
t6504,n1459,n201,1881,car
t6505,n656,n1739,1881,car
t6506,n443,n255,1882,car
t6507,n277,n60,1882,car
t6508,n891,n362,1883,car
t6509,n1795,n1504,1883,car
t6510,n610,n647,1883,car
t6511,n256,n837,1883,car
t6512,n1901,n1202,1883,car
t6513,n468,n1511,1883,car
t6514,n56,n715,1883,car
t6515,n1479,n968,1883,car
t6516,n751,n1162,1883,car
t6517,n1052,n580,1883,car
t6518,n1869,n103,1883,car
t6519,n1303,n1252,1884,car
t6520,n265,n636,1884,car
t6521,n801,n104,1884,car
t6522,n384,n760,1884,car
t6523,n376,n1265,1884,car
t6524,n140,n1473,1884,car
t6525,n781,n738,1884,car
t6526,n548,n660,1884,car
t6527,n508,n432,1884,car
t6528,n32,n1764,1885,car
t6529,n58,n1781,1885,car
t6530,n1788,n877,1885,car
t6531,n1451,n1365,1885,car
t6532,n266,n491,1885,car
t6533,n628,n1367,1886,car
t6534,n459,n2166,1886,car
t6535,n1782,n1854,1886,car
t6536,n219,n911,1886,car
t6537,n51,n1520,1886,car
t6538,n162,n1739,1886,car
t6539,n1566,n1141,1886,car
t6540,n2255,n1523,1887,car
t6541,n322,n408,1887,car
t6542,n2210,n145,1887,car
t6543,n1551,n2167,1887,car
t6544,n61,n1089,1887,car
t6545,n666,n1775,1887,car
t6546,n354,n1710,1887,car
t6547,n595,n1322,1887,car
t6548,n606,n1909,1887,car
t6549,n895,n500,1887,car
t6550,n61,n1116,1887,car
t6551,n1587,n2241,1888,car
t6552,n922,n807,1888,car
t6553,n1161,n1909,1888,car
t6554,n1831,n2211,1888,car
t6555,n408,n826,1888,car
t6556,n1457,n1590,1889,car
t6557,n919,n824,1889,car
t6558,n1356,n1807,1889,car
t6559,n1815,n1486,1889,car
t6560,n1479,n1598,1889,car
t6561,n1462,n893,1889,car
t6562,n1221,n575,1889,car
t6563,n178,n434,1889,car
t6564,n2067,n1034,1889,car
t6565,n137,n276,1890,car
t6566,n166,n2142,1890,car
t6567,n356,n1013,1890,car
t6568,n2207,n2051,1890,car
t6569,n1567,n1369,1890,car
t6570,n738,n413,1890,car
t6571,n220,n396,1890,car
t6572,n432,n844,1890,car
t6573,n1578,n252,1891,car
t6574,n1036,n1916,1891,car
t6575,n2108,n1472,1891,car
t6576,n1357,n1274,1891,car
t6577,n901,n1146,1891,car
t6578,n1184,n331,1891,car
t6579,n666,n1168,1891,car
t6580,n341,n925,1891,car
t6581,n469,n329,1891,car
t6582,n1255,n1713,1892,car
t6583,n1103,n266,1892,car
t6584,n218,n1744,1892,car
t6585,n1229,n19,1893,car
t6586,n1587,n470,1893,car
t6587,n537,n740,1893,car
t6588,n408,n1165,1893,car
t6589,n1049,n1802,1893,car
t6590,n1027,n124,1894,car
t6591,n1499,n1386,1894,car
t6592,n851,n1745,1894,car
t6593,n162,n1578,1894,car
t6594,n601,n876,1895,car
t6595,n1008,n144,1895,car
t6596,n552,n1103,1895,car
t6597,n128,n1846,1896,car
t6598,n1277,n2069,1896,car
t6599,n2210,n2118,1896,car
t6600,n189,n242,1896,car
t6601,n985,n2188,1896,car
t6602,n2124,n1614,1897,car
t6603,n606,n2099,1897,car
t6604,n917,n533,1897,car
t6605,n657,n1664,1897,car
t6606,n32,n1135,1897,car
t6607,n148,n201,1897,car
t6608,n1458,n2012,1897,car
t6609,n352,n303,1897,car
t6610,n140,n611,1897,car
t6611,n548,n421,1897,car
t6612,n1458,n1009,1897,car
t6613,n140,n705,1898,car
t6614,n1867,n2246,1898,car
t6615,n744,n1694,1898,car
t6616,n1258,n1753,1898,car
t6617,n917,n1570,1899,car
t6618,n2212,n1886,1899,car
t6619,n346,n730,1899,car
t6620,n145,n1034,1900,car
t6621,n1012,n2106,1900,car
t6622,n330,n744,1900,car
t6623,n54,n670,1901,car
t6624,n188,n1898,1901,car
t6625,n189,n1915,1901,car
t6626,n1838,n2125,1901,car
t6627,n352,n506,1901,car
t6628,n1551,n242,1901,car
t6629,n1459,n647,1901,car
t6630,n1279,n592,1902,car
t6631,n55,n1602,1902,car
t6632,n553,n1909,1902,car
t6633,n835,n1928,1902,car
t6634,n51,n1884,1902,car
t6635,n1459,n932,1903,car
t6636,n2213,n1908,1903,car
t6637,n258,n1125,1904,car
t6638,n919,n2116,1904,car
t6639,n666,n1031,1904,car
t6640,n1169,n1217,1904,car
t6641,n130,n623,1904,car
t6642,n743,n1411,1904,car
t6643,n1841,n669,1905,car
t6644,n838,n2144,1905,car
t6645,n672,n309,1905,car
t6646,n1880,n2063,1905,car
t6647,n1607,n635,1905,car
t6648,n1272,n1010,1905,car
t6649,n1687,n842,1906,car
t6650,n1357,n1297,1906,car
t6651,n312,n882,1906,car
t6652,n901,n461,1907,car
t6653,n507,n1117,1907,car
t6654,n1790,n2075,1907,car
t6655,n81,n1275,1907,car
t6656,n762,n879,1907,car
t6657,n81,n405,1907,car
t6658,n178,n270,1907,car
t6659,n714,n1613,1909,car
t6660,n789,n121,1909,car
t6661,n1865,n965,1909,car
t6662,n598,n809,1909,car
t6663,n510,n792,1909,car
t6664,n452,n380,1909,car
t6665,n1581,n692,1909,car
t6666,n192,n2201,1909,car
t6667,n1292,n676,1909,car
t6668,n1255,n966,1909,car
t6669,n432,n887,1909,car
t6670,n667,n215,1909,car
t6671,n1880,n2099,1909,car
t6672,n1820,n1510,1909,car
t6673,n188,n279,1909,car
t6674,n945,n1436,1910,car
t6675,n554,n923,1910,car
t6676,n937,n1032,1910,car
t6677,n1775,n2263,1910,car
t6678,n212,n646,1910,car
t6679,n2240,n954,1910,car
t6680,n1831,n1333,1911,car
t6681,n161,n211,1911,car
t6682,n543,n460,1911,car
t6683,n1118,n1328,1911,car
t6684,n174,n1948,1912,car
t6685,n1276,n1085,1912,car
t6686,n1149,n173,1912,car
t6687,n985,n287,1912,car
t6688,n473,n2167,1912,car
t6689,n1757,n442,1912,car
t6690,n1850,n1556,1912,car
t6691,n965,n978,1912,car
t6692,n903,n609,1913,car
t6693,n768,n1260,1913,car
t6694,n1306,n82,1913,car
t6695,n1820,n170,1913,car
t6696,n433,n588,1913,car
t6697,n447,n629,1913,car
t6698,n994,n291,1913,car
t6699,n1405,n667,1913,car
t6700,n52,n1508,1913,car
t6701,n1849,n1335,1914,car
t6702,n158,n1937,1914,car
t6703,n322,n1244,1914,car
t6704,n1740,n2016,1915,car
t6705,n2262,n334,1915,car
t6706,n62,n1300,1915,car
t6707,n1062,n336,1915,car
t6708,n2117,n1052,1915,car
t6709,n2210,n1171,1915,car
t6710,n148,n451,1915,car
t6711,n224,n377,1916,car
t6712,n322,n1396,1916,car
t6713,n632,n1028,1916,car
t6714,n1625,n1712,1916,car
t6715,n659,n1975,1916,car
t6716,n219,n1815,1916,car
t6717,n1112,n1034,1916,car
t6718,n661,n1639,1917,car
t6719,n755,n1469,1917,car
t6720,n2240,n230,1917,car
t6721,n621,n67,1917,car
t6722,n63,n2231,1917,car
t6723,n969,n90,1917,car
t6724,n692,n1912,1917,car
t6725,n643,n1065,1917,car
t6726,n1539,n1597,1918,car
t6727,n708,n1935,1918,car
t6728,n2255,n1670,1918,car
t6729,n917,n1514,1919,car
t6730,n1612,n865,1919,car
t6731,n1273,n1222,1919,car
t6732,n63,n813,1919,car
t6733,n1538,n2219,1919,car
t6734,n277,n757,1919,car
t6735,n1017,n1868,1920,car
t6736,n1567,n815,1920,car
t6737,n919,n482,1920,car
t6738,n548,n415,1920,car
t6739,n1271,n1104,1921,car
t6740,n993,n820,1921,car
t6741,n1318,n2039,1921,car
t6742,n1012,n580,1921,car
t6743,n637,n616,1921,car
t6744,n965,n1900,1921,car
t6745,n487,n1178,1921,car
t6746,n2009,n313,1922,car
t6747,n1050,n1510,1922,car
t6748,n443,n966,1922,car
t6749,n751,n1903,1923,car
t6750,n967,n660,1923,car
t6751,n945,n1270,1923,car
t6752,n322,n232,1923,car
t6753,n744,n1952,1923,car
t6754,n1247,n1036,1923,car
t6755,n945,n352,1923,car
t6756,n1538,n107,1924,car
t6757,n1247,n1299,1924,car
t6758,n965,n881,1925,car
t6759,n727,n1964,1925,car
t6760,n657,n1904,1925,car
t6761,n1562,n1988,1925,car
t6762,n793,n516,1925,car
t6763,n1258,n1305,1925,car
t6764,n381,n1189,1925,car
t6765,n1461,n606,1926,car
t6766,n621,n1186,1926,car
t6767,n901,n2045,1926,car
t6768,n209,n426,1926,car
t6769,n1434,n1001,1926,car
t6770,n143,n196,1926,car
t6771,n1356,n1193,1926,car
t6772,n1535,n2139,1927,car
t6773,n61,n97,1927,car
t6774,n510,n761,1927,car
t6775,n537,n381,1927,car
t6776,n432,n478,1927,car
t6777,n1565,n1363,1927,car
t6778,n1102,n650,1927,car
t6779,n509,n1370,1928,car
t6780,n657,n2225,1928,car
t6781,n1161,n405,1928,car
t6782,n1681,n2158,1928,car
t6783,n1509,n1107,1928,car
t6784,n1462,n1017,1928,car
t6785,n2210,n1479,1928,car
t6786,n827,n971,1929,car
t6787,n61,n865,1929,car
t6788,n1057,n864,1929,car
t6789,n1012,n17,1929,car
t6790,n917,n1293,1929,car
t6791,n477,n597,1929,car
t6792,n1551,n316,1930,car
t6793,n1184,n719,1930,car
t6794,n145,n922,1930,car
t6795,n1615,n132,1930,car
t6796,n985,n520,1930,car
t6797,n1778,n1775,1931,car
t6798,n1036,n703,1931,car
t6799,n727,n1165,1931,car
t6800,n1850,n1452,1931,car
t6801,n152,n2020,1931,car
t6802,n402,n448,1931,car
t6803,n965,n1446,1931,car
t6804,n68,n375,1931,car
t6805,n1564,n1020,1932,car
t6806,n1112,n974,1932,car
t6807,n744,n1179,1932,car
t6808,n832,n418,1932,car
t6809,n52,n1618,1932,car
t6810,n1188,n527,1932,car
t6811,n145,n1775,1932,car
t6812,n715,n515,1932,car
t6813,n1778,n1500,1933,car
t6814,n695,n2036,1933,car
t6815,n255,n1611,1933,car
t6816,n743,n1403,1933,car
t6817,n876,n786,1933,car
t6818,n1050,n847,1933,car
t6819,n1036,n1611,1933,car
t6820,n1966,n423,1933,car
t6821,n548,n1807,1933,car
t6822,n453,n2046,1933,car
t6823,n509,n1983,1934,car
t6824,n1255,n840,1934,car
t6825,n848,n686,1935,car
t6826,n909,n1331,1935,car
t6827,n1283,n1821,1935,car
t6828,n747,n136,1935,car
t6829,n1024,n2009,1935,car
t6830,n1779,n744,1935,car
t6831,n1013,n438,1935,car
t6832,n146,n1610,1936,car
t6833,n910,n92,1936,car
t6834,n143,n1803,1936,car
t6835,n1539,n275,1937,car
t6836,n1271,n1449,1937,car
t6837,n315,n1231,1937,car
t6838,n965,n1040,1937,car
t6839,n632,n5,1937,car
t6840,n381,n1935,1937,car
t6841,n1008,n1445,1938,car
t6842,n1405,n2065,1938,car
t6843,n1062,n171,1938,car
t6844,n844,n1333,1939,car
t6845,n545,n738,1939,car
t6846,n1102,n549,1939,car
t6847,n1160,n389,1939,car
t6848,n464,n930,1940,car
t6849,n121,n522,1940,car
t6850,n965,n1916,1940,car
t6851,n957,n1182,1940,car
t6852,n917,n1650,1941,car
t6853,n1258,n1062,1941,car
t6854,n1054,n1203,1941,car
t6855,n314,n209,1942,car
t6856,n1552,n377,1942,car
t6857,n1054,n1109,1942,car
t6858,n992,n814,1942,car
t6859,n2169,n1760,1942,car
t6860,n219,n693,1943,car
t6861,n148,n1332,1943,car
t6862,n121,n2247,1943,car
t6863,n1779,n2188,1943,car
t6864,n517,n296,1943,car
t6865,n274,n1885,1943,car
t6866,n904,n362,1943,car
t6867,n1142,n91,1943,car
t6868,n216,n671,1944,car
t6869,n508,n2107,1944,car
t6870,n1161,n1047,1944,car
t6871,n1183,n805,1944,car
t6872,n346,n1659,1944,car
t6873,n1782,n1976,1944,car
t6874,n847,n223,1944,car
t6875,n697,n557,1944,car
t6876,n1596,n1495,1944,car
t6877,n596,n154,1944,car
t6878,n1457,n1041,1945,car
t6879,n1434,n1156,1945,car
t6880,n1255,n468,1945,car
t6881,n1356,n624,1945,car
t6882,n61,n1615,1945,car
t6883,n54,n941,1945,car
t6884,n1903,n196,1946,car
t6885,n1822,n1550,1946,car
t6886,n2256,n1023,1947,car
t6887,n548,n791,1947,car
t6888,n1093,n602,1947,car
t6889,n969,n580,1947,car
t6890,n1062,n1736,1947,car
t6891,n62,n190,1947,car
t6892,n225,n861,1947,car
t6893,n1535,n1195,1948,car
t6894,n1110,n2175,1948,car
t6895,n2224,n1966,1948,car
t6896,n15,n744,1948,car
t6897,n923,n458,1949,car
t6898,n1732,n1232,1949,car
t6899,n456,n687,1949,car
t6900,n2210,n1010,1949,car
t6901,n1646,n1511,1949,car
t6902,n632,n1654,1950,car
t6903,n465,n945,1950,car
t6904,n61,n985,1950,car
t6905,n51,n1409,1950,car
t6906,n937,n887,1950,car
t6907,n1261,n921,1950,car
t6908,n219,n995,1950,car
t6909,n548,n1741,1951,car
t6910,n344,n670,1951,car
t6911,n974,n714,1951,car
t6912,n1869,n935,1951,car
t6913,n507,n631,1951,car
t6914,n1461,n631,1951,car
t6915,n32,n1169,1951,car
t6916,n1815,n2075,1951,car
t6917,n55,n393,1951,car
t6918,n51,n764,1952,car
t6919,n945,n904,1952,car
t6920,n724,n200,1952,car
t6921,n739,n1146,1952,car
t6922,n1716,n251,1952,car
t6923,n2117,n599,1952,car
t6924,n1434,n1643,1953,car
t6925,n2212,n651,1953,car
t6926,n969,n1192,1953,car
t6927,n1357,n740,1953,car
t6928,n140,n1539,1953,car
t6929,n1053,n493,1953,car
t6930,n427,n42,1954,car
t6931,n1160,n1705,1954,car
t6932,n1169,n51,1954,car
t6933,n650,n904,1954,car
t6934,n1112,n1904,1954,car
t6935,n55,n2045,1954,car
t6936,n965,n338,1955,car
t6937,n258,n264,1955,car
t6938,n158,n412,1955,car
t6939,n1014,n1581,1955,car
t6940,n1457,n1872,1955,car
t6941,n61,n329,1955,car
t6942,n1008,n1118,1956,car
t6943,n459,n1177,1956,car
t6944,n257,n2143,1956,car
t6945,n1564,n2125,1956,car
t6946,n318,n670,1956,car
t6947,n510,n702,1956,car
t6948,n1356,n1588,1957,car
t6949,n858,n2116,1957,car
t6950,n702,n2172,1957,car
t6951,n63,n163,1957,car
t6952,n1188,n376,1957,car
t6953,n1381,n348,1957,car
t6954,n891,n958,1958,car
t6955,n1694,n1186,1958,car
t6956,n843,n1847,1958,car
t6957,n755,n153,1958,car
t6958,n1459,n960,1958,car
t6959,n1357,n1224,1958,car
t6960,n1160,n1984,1958,car
t6961,n187,n1352,1959,car
t6962,n420,n487,1959,car
t6963,n931,n1407,1959,car
t6964,n1458,n2222,1959,car
t6965,n569,n5,1959,car
t6966,n177,n1315,1959,car
t6967,n637,n957,1959,car
t6968,n187,n315,1960,car
t6969,n848,n690,1960,car
t6970,n656,n2226,1960,car
t6971,n1567,n1027,1960,car
t6972,n1052,n2047,1960,car
t6973,n1601,n160,1960,car
t6974,n143,n2150,1960,car
t6975,n1552,n1585,1961,car
t6976,n1535,n2153,1961,car
t6977,n566,n2103,1962,car
t6978,n1183,n361,1962,car
t6979,n2210,n1267,1962,car
t6980,n2210,n286,1962,car
t6981,n1012,n1763,1962,car
t6982,n774,n1806,1962,car
t6983,n595,n1154,1963,car
t6984,n789,n31,1963,car
t6985,n656,n2164,1963,car
t6986,n2077,n1497,1963,car
t6987,n1551,n1262,1963,car
t6988,n1163,n713,1963,car
t6989,n727,n434,1963,car
t6990,n835,n1853,1964,car
t6991,n548,n1968,1964,car
t6992,n844,n883,1964,car
t6993,n1102,n666,1964,car
t6994,n354,n1401,1964,car
t6995,n306,n2098,1964,car
t6996,n741,n2048,1964,car
t6997,n820,n1459,1965,car
t6998,n2019,n175,1966,car
t6999,n1856,n2208,1966,car
t7000,n606,n1012,1966,car
t7001,n1501,n370,1967,car
t7002,n1339,n671,1967,car
t7003,n717,n1381,1967,car
t7004,n267,n1076,1967,car
t7005,n450,n139,1967,car
t7006,n811,n1993,1967,car
t7007,n306,n978,1968,car
t7008,n1813,n507,1968,car
t7009,n2162,n1484,1968,car
t7010,n1778,n1444,1969,car
t7011,n919,n688,1969,car
t7012,n187,n450,1969,car
t7013,n1532,n966,1969,car
t7014,n694,n383,1969,car
t7015,n1860,n776,1969,car
t7016,n532,n906,1970,car
t7017,n470,n855,1970,car
t7018,n1163,n333,1970,car
t7019,n1820,n228,1970,car
t7020,n359,n790,1970,car
t7021,n1813,n1364,1970,car
t7022,n140,n2147,1970,car
t7023,n1853,n995,1970,car
t7024,n1171,n1208,1971,car
t7025,n1618,n147,1971,car
t7026,n637,n1531,1971,car
t7027,n1893,n958,1971,car
t7028,n1247,n256,1971,car
t7029,n318,n1847,1971,car
t7030,n610,n1444,1971,car
t7031,n649,n966,1971,car
t7032,n1819,n949,1972,car
t7033,n740,n2006,1973,car
t7034,n55,n505,1973,car
t7035,n1959,n554,1973,car
t7036,n318,n910,1973,car
t7037,n300,n870,1973,car
t7038,n1169,n404,1974,car
t7039,n1883,n574,1974,car
t7040,n1451,n651,1974,car
t7041,n1781,n855,1975,car
t7042,n1271,n150,1975,car
t7043,n162,n686,1975,car
t7044,n943,n1329,1975,car
t7045,n1970,n996,1975,car
t7046,n1031,n987,1975,car
t7047,n1317,n1937,1975,car
t7048,n702,n1568,1975,car
t7049,n2162,n452,1975,car
t7050,n56,n2212,1976,car
t7051,n1722,n1223,1976,car
t7052,n1777,n1482,1976,car
t7053,n810,n932,1976,car
t7054,n494,n2217,1976,car
t7055,n218,n1078,1976,car
t7056,n936,n812,1977,car
t7057,n1280,n253,1977,car
t7058,n1034,n455,1977,car
t7059,n1000,n1539,1978,car
t7060,n1357,n1585,1978,car
t7061,n1566,n611,1978,car
t7062,n282,n2187,1978,car
t7063,n38,n1537,1978,car
t7064,n2210,n660,1979,car
t7065,n1820,n716,1979,car
t7066,n224,n2082,1979,car
t7067,n1204,n1949,1979,car
t7068,n548,n34,1980,car
t7069,n957,n1451,1981,car
t7070,n810,n1720,1981,car
t7071,n354,n786,1981,car
t7072,n1564,n194,1981,car
t7073,n574,n1293,1982,car
t7074,n599,n1336,1982,car
t7075,n408,n1270,1982,car
t7076,n1808,n1564,1982,car
t7077,n637,n492,1982,car
t7078,n1812,n1096,1982,car
t7079,n1451,n769,1982,car
t7080,n1762,n305,1982,car
t7081,n1149,n567,1983,car
t7082,n969,n181,1983,car
t7083,n178,n960,1983,car
t7084,n1567,n1488,1983,car
t7085,n255,n906,1983,car
t7086,n1347,n932,1983,car
t7087,n196,n712,1983,car
t7088,n121,n181,1984,car
t7089,n1800,n757,1984,car
t7090,n1306,n752,1984,car
t7091,n166,n1749,1984,car
t7092,n1792,n785,1984,car
t7093,n1734,n844,1984,car
t7094,n516,n332,1985,car
t7095,n1034,n946,1985,car
t7096,n1183,n1423,1985,car
t7097,n453,n2207,1985,car
t7098,n1970,n381,1985,car
t7099,n1869,n8,1985,car
t7100,n152,n255,1985,car
t7101,n1466,n262,1985,car
t7102,n2015,n144,1985,car
t7103,n1023,n312,1985,car
t7104,n1581,n2034,1985,car
t7105,n178,n25,1985,car
t7106,n1910,n422,1985,car
t7107,n658,n1315,1986,car
t7108,n1534,n1323,1986,car
t7109,n1778,n2200,1986,car
t7110,n1535,n1184,1986,car
t7111,n1103,n795,1986,car
t7112,n968,n740,1986,car
t7113,n1147,n1647,1987,car
t7114,n1757,n1232,1987,car
t7115,n265,n905,1987,car
t7116,n1621,n771,1987,car
t7117,n2083,n251,1987,car
t7118,n434,n1584,1987,car
t7119,n1062,n490,1987,car
t7120,n727,n557,1988,car
t7121,n1349,n198,1988,car
t7122,n2016,n380,1988,car
t7123,n296,n1,1989,car
t7124,n943,n335,1989,car
t7125,n554,n280,1989,car
t7126,n1579,n1032,1989,car
t7127,n258,n1885,1989,car
t7128,n1778,n2129,1989,car
t7129,n967,n770,1989,car
t7130,n416,n682,1990,car
t7131,n1564,n1900,1990,car
t7132,n516,n803,1990,car
t7133,n598,n965,1991,car
t7134,n956,n1434,1991,car
t7135,n474,n603,1991,car
t7136,n508,n406,1991,car
t7137,n1465,n440,1991,car
t7138,n803,n579,1991,car
t7139,n1869,n775,1991,car
t7140,n2061,n1567,1992,car
t7141,n595,n1992,1992,car
t7142,n903,n357,1992,car
t7143,n606,n201,1992,car
t7144,n1425,n1390,1992,car
t7145,n780,n1677,1992,car
t7146,n201,n956,1992,car
t7147,n1145,n630,1993,car
t7148,n1731,n1842,1993,car
t7149,n596,n1404,1993,car
t7150,n600,n1572,1993,car
t7151,n2061,n441,1993,car
t7152,n924,n1944,1993,car
t7153,n1292,n168,1993,car
t7154,n158,n1482,1993,car
t7155,n1569,n387,1993,car
t7156,n1576,n2092,1993,car
t7157,n1567,n1340,1994,car
t7158,n2207,n1556,1994,car
t7159,n661,n2235,1994,car
t7160,n1831,n706,1994,car
t7161,n1340,n2207,1994,car
t7162,n891,n1928,1994,car
t7163,n1775,n1471,1994,car
t7164,n675,n1936,1994,car
t7165,n468,n1366,1994,car
t7166,n666,n1001,1995,car
t7167,n823,n18,1995,car
t7168,n1819,n1041,1995,car
t7169,n178,n1914,1995,car
t7170,n1462,n853,1996,car
t7171,n1812,n2048,1996,car
t7172,n225,n1594,1996,car
t7173,n1093,n649,1996,car
t7174,n1161,n1188,1996,car
t7175,n506,n1102,1996,car
t7176,n1037,n487,1996,car
t7177,n1869,n1314,1996,car
t7178,n486,n580,1996,car
t7179,n2211,n870,1997,car
t7180,n315,n262,1997,car
t7181,n1853,n1114,1997,car
t7182,n1778,n486,1997,car
t7183,n448,n911,1997,car
t7184,n733,n1235,1997,car
t7185,n322,n1387,1997,car
t7186,n302,n1004,1997,car
t7187,n632,n1346,1997,car
t7188,n372,n1713,1998,car
t7189,n798,n640,1998,car
t7190,n381,n1405,1998,car
t7191,n432,n527,1999,car
t7192,n1462,n241,1999,car
t7193,n1024,n429,1999,car
t7194,n1622,n418,2000,car
t7195,n612,n2126,2000,car
t7196,n2210,n517,2000,car
t7197,n701,n1010,2000,car
t7198,n1458,n686,2000,car
t7199,n1038,n2213,2001,car
t7200,n32,n1097,2001,car
t7201,n450,n2006,2001,car
t7202,n1160,n999,2001,car
t7203,n2138,n5,2001,car
t7204,n356,n1804,2002,car
t7205,n957,n104,2002,car
t7206,n37,n792,2002,car
t7207,n451,n931,2002,car
t7208,n504,n1372,2002,car
t7209,n1797,n683,2002,car
t7210,n1899,n248,2002,car
t7211,n879,n20,2003,car
t7212,n917,n1988,2003,car
t7213,n787,n1153,2003,car
t7214,n727,n37,2003,car
t7215,n1459,n1149,2003,car
t7216,n388,n1340,2003,car
t7217,n252,n2042,2003,car
t7218,n1004,n1103,2003,car
t7219,n744,n198,2004,car
t7220,n143,n1569,2004,car
t7221,n916,n1792,2004,car
t7222,n776,n1864,2004,car
t7223,n1266,n685,2004,car
t7224,n258,n2083,2004,car
t7225,n2224,n4,2004,car
t7226,n1790,n180,2005,car
t7227,n1739,n426,2005,car
t7228,n697,n1448,2005,car
t7229,n568,n1009,2005,car
t7230,n1856,n2114,2005,car
t7231,n502,n272,2005,car
t7232,n2101,n399,2005,car
t7233,n1779,n996,2006,car
t7234,n969,n1538,2006,car
t7235,n1382,n2018,2007,car
t7236,n1230,n257,2007,car
t7237,n145,n1260,2007,car
t7238,n1093,n1467,2008,car
t7239,n973,n563,2008,car
t7240,n1444,n1459,2008,car
t7241,n57,n39,2008,car
t7242,n1405,n1758,2008,car
t7243,n985,n738,2008,car
t7244,n632,n1729,2008,car
t7245,n810,n319,2008,car
t7246,n617,n113,2009,car
t7247,n318,n1842,2009,car
t7248,n564,n956,2009,car
t7249,n1145,n2053,2009,car
t7250,n1451,n407,2009,car
t7251,n507,n661,2009,car
t7252,n2083,n864,2010,car
t7253,n736,n1535,2010,car
t7254,n1587,n1731,2011,car
t7255,n695,n2003,2011,car
t7256,n162,n1296,2011,car
t7257,n844,n2217,2011,car
t7258,n537,n1061,2011,car
t7259,n209,n1029,2011,car
t7260,n2221,n986,2011,car
t7261,n1812,n375,2012,car
t7262,n760,n1171,2012,car
t7263,n341,n2224,2012,car
t7264,n1054,n439,2012,car
t7265,n178,n877,2013,car
t7266,n1154,n29,2014,car
t7267,n637,n690,2014,car
t7268,n229,n447,2014,car
t7269,n2210,n1364,2014,car
t7270,n919,n2163,2015,car
t7271,n844,n2172,2015,car
t7272,n189,n53,2015,car
t7273,n509,n47,2015,car
t7274,n498,n670,2015,car
t7275,n1739,n298,2016,car
t7276,n391,n788,2016,car
t7277,n52,n1625,2016,car
t7278,n570,n320,2016,car
t7279,n1349,n1975,2016,car
t7280,n624,n2078,2017,car
t7281,n129,n1793,2017,car
t7282,n60,n612,2017,car
t7283,n945,n6,2017,car
t7284,n844,n57,2017,car
t7285,n965,n969,2018,car
t7286,n957,n892,2018,car
t7287,n2255,n286,2018,car
t7288,n306,n1203,2018,car
t7289,n824,n463,2018,car
t7290,n1959,n671,2018,car
t7291,n1163,n950,2019,car
t7292,n148,n1486,2019,car
t7293,n1962,n2074,2019,car
t7294,n901,n290,2020,car
t7295,n1459,n463,2020,car
t7296,n1623,n945,2020,car
t7297,n372,n1157,2020,car
t7298,n1754,n669,2021,car
t7299,n824,n491,2021,car
t7300,n945,n691,2021,car
t7301,n1223,n1687,2021,car
t7302,n2025,n22,2022,car
t7303,n920,n1532,2022,car
t7304,n1161,n1044,2022,car
t7305,n666,n801,2022,car
t7306,n840,n76,2023,car
t7307,n2071,n2024,2023,car
t7308,n52,n2147,2023,car
t7309,n1143,n1081,2023,car
t7310,n1618,n965,2023,car
t7311,n1283,n663,2023,car
t7312,n1012,n791,2024,car
t7313,n54,n439,2024,car
t7314,n1457,n1263,2024,car
t7315,n434,n892,2025,car
t7316,n448,n1818,2025,car
t7317,n1176,n1101,2025,car
t7318,n1401,n192,2025,car
t7319,n1583,n2248,2025,car
t7320,n847,n1812,2025,car
t7321,n186,n366,2025,car
t7322,n462,n1027,2025,car
t7323,n1347,n144,2026,car
t7324,n1681,n987,2026,car
t7325,n2249,n2162,2026,car
t7326,n856,n621,2026,car
t7327,n487,n1299,2026,car
t7328,n1200,n1789,2026,car
t7329,n277,n2092,2027,car
t7330,n318,n1944,2027,car
t7331,n502,n395,2027,car
t7332,n1694,n1965,2027,car
t7333,n352,n611,2027,car
t7334,n212,n589,2027,car
t7335,n306,n1937,2027,car
t7336,n1356,n522,2028,car
t7337,n1964,n102,2028,car
t7338,n315,n1756,2028,car
t7339,n637,n963,2028,car
t7340,n992,n518,2029,car
t7341,n1052,n1674,2029,car
t7342,n1965,n1756,2029,car
t7343,n897,n211,2029,car
t7344,n810,n1620,2029,car
t7345,n1808,n397,2029,car
t7346,n915,n149,2030,car
t7347,n666,n1672,2030,car
t7348,n502,n1131,2030,car
t7349,n1716,n1989,2031,car
t7350,n63,n565,2031,car
t7351,n1856,n51,2031,car
t7352,n32,n2082,2031,car
t7353,n1110,n620,2031,car
t7354,n1322,n1799,2032,car
t7355,n537,n1727,2032,car
t7356,n509,n1286,2032,car
t7357,n362,n2052,2032,car
t7358,n189,n848,2032,car
t7359,n1014,n2129,2032,car
t7360,n1031,n918,2033,car
t7361,n1170,n1668,2033,car
t7362,n912,n1645,2033,car
t7363,n1853,n6,2033,car
t7364,n2188,n1614,2033,car
t7365,n1110,n2220,2034,car
t7366,n150,n790,2034,car
t7367,n1808,n505,2034,car
t7368,n469,n659,2034,car
t7369,n523,n1636,2035,car
t7370,n158,n2048,2035,car
t7371,n443,n1000,2035,car
t7372,n1435,n1473,2035,car
t7373,n1539,n1458,2035,car
t7374,n507,n542,2035,car
t7375,n2249,n1218,2035,car
t7376,n1869,n927,2035,car
t7377,n936,n760,2035,car
t7378,n2224,n192,2036,car
t7379,n785,n1108,2036,car
t7380,n450,n597,2036,car
t7381,n312,n254,2036,car
t7382,n917,n2268,2036,car
t7383,n346,n1846,2036,car
t7384,n1357,n1485,2036,car
t7385,n187,n22,2036,car
t7386,n919,n424,2036,car
t7387,n930,n1424,2036,car
t7388,n448,n152,2037,car
t7389,n727,n667,2037,car
t7390,n810,n386,2037,car
t7391,n1171,n1908,2037,car
t7392,n258,n624,2037,car
t7393,n318,n325,2038,car
t7394,n63,n1014,2038,car
t7395,n152,n325,2038,car
t7396,n2210,n580,2038,car
t7397,n68,n267,2039,car
t7398,n1053,n224,2039,car
t7399,n1564,n1884,2039,car
t7400,n1014,n1814,2039,car
t7401,n1023,n323,2039,car
t7402,n145,n1050,2039,car
t7403,n1778,n1757,2040,car
t7404,n408,n161,2040,car
t7405,n158,n801,2040,car
t7406,n822,n1212,2040,car
t7407,n162,n1825,2040,car
t7408,n861,n1192,2041,car
t7409,n1732,n8,2041,car
t7410,n1903,n694,2041,car
t7411,n61,n1025,2041,car
t7412,n1308,n745,2041,car
t7413,n1062,n796,2041,car
t7414,n727,n1647,2041,car
t7415,n465,n453,2042,car
t7416,n510,n1898,2042,car
t7417,n121,n1295,2042,car
t7418,n595,n1287,2042,car
t7419,n51,n747,2042,car
t7420,n146,n1309,2042,car
t7421,n1066,n69,2043,car
t7422,n152,n548,2043,car
t7423,n58,n231,2043,car
t7424,n15,n781,2043,car
t7425,n129,n2259,2044,car
t7426,n1982,n5,2044,car
t7427,n580,n742,2044,car
t7428,n1357,n163,2044,car
t7429,n388,n1982,2044,car
t7430,n1687,n1556,2044,car
t7431,n645,n504,2044,car
t7432,n432,n2142,2044,car
t7433,n931,n384,2044,car
t7434,n1975,n1410,2045,car
t7435,n637,n1510,2045,car
t7436,n1184,n1476,2045,car
t7437,n341,n1024,2045,car
t7438,n666,n181,2045,car
t7439,n1853,n198,2045,car
t7440,n1102,n1254,2046,car
t7441,n52,n91,2046,car
t7442,n658,n1433,2046,car
t7443,n1860,n828,2046,car
t7444,n690,n1184,2047,car
t7445,n52,n1783,2047,car
t7446,n92,n969,2047,car
t7447,n1551,n1977,2047,car
t7448,n1762,n637,2047,car
t7449,n1479,n388,2048,car
t7450,n502,n1785,2048,car
t7451,n1813,n1686,2048,car
t7452,n1166,n1173,2048,car
t7453,n969,n2163,2048,car
t7454,n1322,n2089,2049,car
t7455,n2194,n521,2049,car
t7456,n178,n2227,2049,car
t7457,n649,n565,2049,car
t7458,n156,n700,2049,car
t7459,n141,n431,2050,car
t7460,n643,n1624,2050,car
t7461,n2207,n1805,2050,car
t7462,n1457,n2165,2050,car
t7463,n408,n157,2050,car
t7464,n1399,n1229,2050,car
t7465,n700,n981,2051,car
t7466,n148,n1412,2051,car
t7467,n768,n618,2051,car
t7468,n146,n808,2051,car
t7469,n504,n1042,2051,car
t7470,n429,n1346,2051,car
t7471,n1739,n1906,2052,car
t7472,n1001,n2261,2052,car
t7473,n904,n2230,2052,car
t7474,n188,n1267,2052,car
t7475,n486,n2177,2052,car
t7476,n595,n606,2052,car
t7477,n804,n1045,2053,car
t7478,n1813,n242,2053,car
t7479,n1614,n654,2053,car
t7480,n388,n1611,2053,car
t7481,n697,n1275,2053,car
t7482,n657,n2134,2053,car
t7483,n1860,n1539,2053,car
t7484,n63,n229,2053,car
t7485,n814,n356,2053,car
t7486,n178,n1852,2054,car
t7487,n645,n566,2054,car
t7488,n1146,n2262,2054,car
t7489,n1356,n739,2054,car
t7490,n970,n2169,2054,car
t7491,n1678,n915,2054,car
t7492,n645,n332,2054,car
t7493,n637,n933,2054,car
t7494,n1457,n485,2055,car
t7495,n237,n1040,2055,car
t7496,n861,n1085,2055,car
t7497,n354,n855,2055,car
t7498,n296,n705,2055,car
t7499,n728,n108,2055,car
t7500,n545,n579,2056,car
t7501,n994,n2096,2056,car
t7502,n55,n1059,2056,car
t7503,n916,n1519,2056,car
t7504,n928,n123,2056,car
t7505,n957,n518,2056,car
t7506,n1909,n1337,2056,car
t7507,n2087,n531,2057,car
t7508,n56,n353,2057,car
t7509,n381,n816,2057,car
t7510,n924,n722,2057,car
t7511,n141,n1428,2057,car
t7512,n632,n1969,2057,car
t7513,n142,n2177,2058,car
t7514,n1532,n1072,2058,car
t7515,n454,n1461,2058,car
t7516,n637,n153,2058,car
t7517,n871,n439,2058,car
t7518,n1014,n27,2059,car
t7519,n1862,n989,2059,car
t7520,n346,n1552,2059,car
t7521,n1876,n2197,2059,car
t7522,n1592,n747,2059,car
t7523,n396,n335,2059,car
t7524,n559,n361,2059,car
t7525,n318,n1913,2059,car
t7526,n145,n344,2060,car
t7527,n781,n574,2060,car
t7528,n1880,n425,2060,car
t7529,n598,n538,2060,car
t7530,n1281,n1125,2061,car
t7531,n460,n169,2061,car
t7532,n2207,n687,2061,car
t7533,n568,n324,2061,car
t7534,n507,n729,2061,car
t7535,n1812,n875,2062,car
t7536,n637,n265,2062,car
t7537,n2269,n128,2062,car
t7538,n1893,n434,2063,car
t7539,n468,n1606,2063,car
t7540,n985,n931,2063,car
t7541,n1813,n1778,2064,car
t7542,n1283,n1135,2064,car
t7543,n216,n1055,2064,car
t7544,n1862,n909,2064,car
t7545,n2174,n265,2064,car
t7546,n743,n1756,2064,car
t7547,n2121,n462,2064,car
t7548,n1434,n759,2065,car
t7549,n1795,n110,2065,car
t7550,n1722,n1011,2065,car
t7551,n1853,n839,2066,car
t7552,n2117,n459,2066,car
t7553,n161,n2221,2066,car
t7554,n1255,n1855,2066,car
t7555,n59,n2141,2066,car
t7556,n328,n984,2066,car
t7557,n2165,n1387,2066,car
t7558,n1022,n395,2067,car
t7559,n755,n964,2067,car
t7560,n450,n847,2067,car
t7561,n236,n765,2067,car
t7562,n1850,n1958,2067,car
t7563,n1578,n1117,2067,car
t7564,n1457,n1992,2067,car
t7565,n432,n326,2067,car
t7566,n603,n1733,2067,car
t7567,n2249,n2081,2068,car
t7568,n1151,n906,2068,car
t7569,n506,n116,2068,car
t7570,n970,n499,2068,car
t7571,n408,n216,2069,car
t7572,n1093,n1434,2069,car
t7573,n92,n1894,2069,car
t7574,n218,n628,2069,car
t7575,n1203,n459,2069,car
t7576,n1008,n601,2069,car
t7577,n277,n1472,2069,car
t7578,n145,n1605,2070,car
t7579,n322,n1518,2070,car
t7580,n919,n1297,2070,car
t7581,n1291,n1121,2070,car
t7582,n632,n1327,2071,car
t7583,n728,n584,2071,car
t7584,n595,n971,2071,car
t7585,n1110,n1170,2071,car
t7586,n221,n278,2072,car
t7587,n1279,n787,2072,car
t7588,n1357,n2013,2072,car
t7589,n314,n1259,2072,car
t7590,n1910,n1383,2072,car
t7591,n156,n621,2072,car
t7592,n1584,n1148,2072,car
t7593,n1625,n407,2072,car
t7594,n1479,n420,2072,car
t7595,n1782,n168,2073,car
t7596,n531,n1818,2073,car
t7597,n965,n2,2073,car
t7598,n667,n182,2073,car
t7599,n787,n2095,2074,car
t7600,n1605,n718,2074,car
t7601,n632,n120,2074,car
t7602,n432,n168,2074,car
t7603,n408,n448,2074,car
t7604,n408,n146,2074,car
t7605,n904,n1155,2075,car
t7606,n2174,n2069,2075,car
t7607,n1524,n1496,2075,car
t7608,n152,n183,2075,car
t7609,n957,n1110,2076,car
t7610,n1204,n1619,2076,car
t7611,n537,n1693,2077,car
t7612,n1066,n1022,2077,car
t7613,n597,n1442,2077,car
t7614,n1336,n1048,2077,car
t7615,n580,n1833,2077,car
t7616,n1597,n799,2077,car
t7617,n945,n839,2077,car
t7618,n1062,n62,2077,car
t7619,n1255,n1765,2077,car
t7620,n145,n68,2078,car
t7621,n478,n1845,2078,car
t7622,n810,n1464,2078,car
t7623,n1793,n723,2078,car
t7624,n702,n643,2078,car
t7625,n2165,n827,2079,car
t7626,n930,n1762,2079,car
t7627,n839,n1931,2079,car
t7628,n744,n32,2079,car
t7629,n1151,n532,2080,car
t7630,n1812,n570,2080,car
t7631,n63,n826,2080,car
t7632,n548,n1894,2080,car
t7633,n1790,n2256,2080,car
t7634,n1562,n1332,2080,car
t7635,n1762,n1215,2080,car
t7636,n548,n1589,2081,car
t7637,n919,n1049,2081,car
t7638,n487,n745,2081,car
t7639,n384,n364,2082,car
t7640,n1969,n1997,2082,car
t7641,n997,n259,2082,car
t7642,n1850,n1762,2082,car
t7643,n1143,n1180,2082,car
t7644,n52,n427,2082,car
t7645,n1049,n765,2083,car
t7646,n604,n373,2083,car
t7647,n235,n1535,2083,car
t7648,n1457,n1216,2084,car
t7649,n1065,n528,2084,car
t7650,n1283,n1997,2084,car
t7651,n1732,n465,2084,car
t7652,n1458,n1386,2084,car
t7653,n637,n57,2084,car
t7654,n917,n1981,2085,car
t7655,n450,n1804,2085,car
t7656,n1562,n404,2085,car
t7657,n381,n265,2086,car
t7658,n1466,n737,2086,car
t7659,n993,n640,2086,car
t7660,n1567,n1281,2086,car
t7661,n668,n2038,2086,car
t7662,n702,n901,2087,car
t7663,n1908,n1977,2087,car
t7664,n1732,n2005,2088,car
t7665,n965,n748,2088,car
t7666,n1053,n2024,2088,car
t7667,n619,n2211,2088,car
t7668,n482,n1578,2088,car
t7669,n2255,n175,2088,car
t7670,n1457,n1164,2088,car
t7671,n1479,n248,2089,car
t7672,n166,n1923,2089,car
t7673,n974,n899,2089,car
t7674,n2082,n478,2089,car
t7675,n1269,n2163,2089,car
t7676,n1732,n1315,2090,car
t7677,n24,n1865,2090,car
t7678,n2221,n1691,2090,car
t7679,n612,n1338,2091,car
t7680,n637,n1657,2091,car
t7681,n178,n524,2091,car
t7682,n1283,n471,2091,car
t7683,n2121,n48,2091,car
t7684,n1846,n959,2091,car
t7685,n1567,n1929,2091,car
t7686,n1737,n2057,2092,car
t7687,n130,n2045,2092,car
t7688,n702,n678,2092,car
t7689,n315,n895,2093,car
t7690,n24,n2254,2093,car
t7691,n1195,n2023,2093,car
t7692,n1118,n566,2094,car
t7693,n2083,n922,2094,car
t7694,n1821,n174,2094,car
t7695,n624,n961,2094,car
t7696,n1271,n1932,2094,car
t7697,n708,n349,2095,car
t7698,n1014,n190,2095,car
t7699,n1535,n1008,2095,car
t7700,n560,n2221,2095,car
t7701,n1458,n1418,2096,car
t7702,n1847,n776,2096,car
t7703,n900,n1517,2096,car
t7704,n1283,n972,2096,car
t7705,n306,n1726,2096,car
t7706,n62,n621,2097,car
t7707,n1049,n95,2097,car
t7708,n1566,n549,2097,car
t7709,n1687,n757,2098,car
t7710,n1057,n941,2098,car
t7711,n610,n147,2098,car
t7712,n988,n742,2098,car
t7713,n956,n454,2098,car
t7714,n658,n1848,2098,car
t7715,n2165,n166,2098,car
t7716,n83,n1606,2098,car
t7717,n502,n70,2098,car
t7718,n1909,n1435,2099,car
t7719,n1457,n1172,2099,car
t7720,n156,n1744,2099,car
t7721,n1838,n1686,2099,car
t7722,n1687,n1049,2099,car
t7723,n1775,n2233,2099,car
t7724,n1880,n1389,2099,car
t7725,n937,n1364,2099,car
t7726,n1143,n1155,2100,car
t7727,n965,n214,2100,car
t7728,n61,n1965,2100,car
t7729,n92,n311,2100,car
t7730,n666,n2238,2100,car
t7731,n83,n476,2100,car
t7732,n799,n1441,2101,car
t7733,n235,n829,2101,car
t7734,n957,n145,2101,car
t7735,n789,n402,2101,car
t7736,n1053,n1604,2101,car
t7737,n1066,n947,2101,car
t7738,n1434,n60,2101,car
t7739,n168,n575,2101,car
t7740,n1052,n1491,2102,car
t7741,n456,n489,2102,car
t7742,n868,n447,2102,car
t7743,n2012,n1965,2102,car
t7744,n537,n1495,2102,car
t7745,n219,n592,2103,car
t7746,n2210,n466,2103,car
t7747,n32,n978,2103,car
t7748,n1790,n756,2104,car
t7749,n1012,n945,2104,car
t7750,n1183,n1194,2104,car
t7751,n1349,n1420,2104,car
t7752,n432,n1228,2105,car
t7753,n1465,n614,2105,car
t7754,n1779,n758,2105,car
t7755,n675,n1181,2105,car
t7756,n2088,n384,2105,car
t7757,n2170,n64,2105,car
t7758,n1347,n363,2105,car
t7759,n751,n36,2105,car
t7760,n177,n1974,2105,car
t7761,n341,n1169,2105,car
t7762,n60,n1965,2106,car
t7763,n612,n527,2106,car
t7764,n1687,n1595,2106,car
t7765,n702,n1652,2106,car
t7766,n1820,n1302,2107,car
t7767,n697,n377,2107,car
t7768,n142,n472,2107,car
t7769,n788,n194,2107,car
t7770,n1606,n1386,2108,car
t7771,n709,n740,2108,car
t7772,n315,n1684,2108,car
t7773,n1014,n1433,2108,car
t7774,n61,n1887,2108,car
t7775,n1850,n1806,2109,car
t7776,n502,n1518,2109,car
t7777,n1008,n597,2109,car
t7778,n504,n133,2110,car
t7779,n915,n791,2110,car
t7780,n137,n1894,2110,car
t7781,n970,n798,2110,car
t7782,n793,n346,2110,car
t7783,n1535,n651,2111,car
t7784,n956,n494,2111,car
t7785,n509,n1532,2111,car
t7786,n2165,n114,2111,car
t7787,n2180,n148,2111,car
t7788,n2210,n2076,2111,car
t7789,n632,n1737,2112,car
t7790,n162,n954,2112,car
t7791,n1357,n696,2112,car
t7792,n448,n1378,2112,car
t7793,n666,n845,2112,car
t7794,n1142,n164,2112,car
t7795,n1687,n2,2113,car
t7796,n133,n1193,2113,car
t7797,n1014,n442,2113,car
t7798,n1434,n331,2113,car
t7799,n61,n1436,2113,car
t7800,n489,n1279,2113,car
t7801,n779,n800,2113,car
t7802,n970,n698,2113,car
t7803,n1963,n352,2114,car
t7804,n2165,n2079,2114,car
t7805,n632,n181,2114,car
t7806,n1765,n1476,2114,car
t7807,n1459,n119,2114,car
t7808,n2207,n1622,2115,car
t7809,n1775,n1378,2116,car
t7810,n755,n961,2116,car
t7811,n258,n1910,2116,car
t7812,n780,n131,2116,car
t7813,n140,n1912,2116,car
t7814,n390,n1935,2116,car
t7815,n256,n399,2117,car
t7816,n2012,n2088,2118,car
t7817,n1856,n2070,2118,car
t7818,n359,n1147,2118,car
t7819,n945,n42,2118,car
t7820,n1815,n994,2118,car
t7821,n727,n1607,2118,car
t7822,n601,n269,2118,car
t7823,n970,n2036,2118,car
t7824,n1143,n800,2118,car
t7825,n161,n1118,2119,car
t7826,n1974,n2141,2119,car
t7827,n1196,n1227,2119,car
t7828,n1002,n1058,2119,car
t7829,n957,n2229,2120,car
t7830,n218,n829,2120,car
t7831,n548,n1209,2120,car
t7832,n841,n710,2121,car
t7833,n1810,n1743,2121,car
t7834,n810,n1730,2121,car
t7835,n2210,n2246,2121,car
t7836,n919,n1692,2121,car
t7837,n59,n837,2121,car
t7838,n1880,n932,2122,car
t7839,n1357,n169,2122,car
t7840,n2207,n1913,2122,car
t7841,n1163,n625,2122,car
t7842,n1694,n1335,2122,car
t7843,n920,n1418,2123,car
t7844,n1903,n426,2123,car
t7845,n810,n75,2123,car
t7846,n322,n1376,2123,car
t7847,n1820,n306,2123,car
t7848,n443,n519,2123,car
t7849,n993,n2136,2123,car
t7850,n146,n1916,2124,car
t7851,n1031,n1802,2124,car
t7852,n856,n1879,2124,car
t7853,n432,n1402,2125,car
t7854,n601,n1735,2125,car
t7855,n1457,n419,2125,car
t7856,n2162,n725,2125,car
t7857,n1458,n1013,2125,car
t7858,n2210,n2236,2125,car
t7859,n727,n184,2125,car
t7860,n531,n1925,2126,car
t7861,n1849,n793,2126,car
t7862,n63,n392,2127,car
t7863,n755,n2213,2127,car
t7864,n848,n1304,2127,car
t7865,n509,n1114,2127,car
t7866,n161,n1450,2128,car
t7867,n1103,n985,2129,car
t7868,n1026,n2152,2129,car
t7869,n2255,n1266,2129,car
t7870,n152,n2158,2129,car
t7871,n841,n731,2129,car
t7872,n129,n1555,2129,car
t7873,n727,n1211,2130,car
t7874,n1803,n428,2130,car
t7875,n1017,n2147,2131,car
t7876,n92,n399,2131,car
t7877,n580,n1601,2131,car
t7878,n2210,n252,2132,car
t7879,n848,n1797,2132,car
t7880,n682,n1112,2133,car
t7881,n1177,n672,2133,car
t7882,n2083,n833,2133,car
t7883,n2210,n242,2134,car
t7884,n288,n825,2134,car
t7885,n315,n450,2134,car
t7886,n2194,n68,2134,car
t7887,n24,n280,2134,car
t7888,n1357,n1375,2135,car
t7889,n2249,n1144,2135,car
t7890,n52,n494,2136,car
t7891,n235,n1859,2136,car
t7892,n2071,n58,2136,car
t7893,n1856,n459,2137,car
t7894,n510,n126,2137,car
t7895,n1282,n336,2137,car
t7896,n935,n255,2137,car
t7897,n1160,n2051,2137,car
t7898,n1779,n764,2137,car
t7899,n702,n602,2138,car
t7900,n1258,n1528,2138,car
t7901,n1247,n1923,2138,car
t7902,n1903,n1313,2139,car
t7903,n436,n2208,2140,car
t7904,n75,n441,2140,car
t7905,n188,n408,2140,car
t7906,n612,n905,2140,car
t7907,n690,n1463,2141,car
t7908,n1581,n866,2141,car
t7909,n508,n652,2141,car
t7910,n1163,n256,2142,car
t7911,n1396,n512,2142,car
t7912,n1336,n25,2142,car
t7913,n1390,n714,2142,car
t7914,n757,n2006,2142,car
t7915,n744,n859,2143,car
t7916,n1188,n1507,2143,car
t7917,n965,n1177,2143,car
t7918,n306,n677,2143,car
t7919,n1850,n1250,2143,car
t7920,n1847,n316,2143,car
t7921,n255,n523,2143,car
t7922,n412,n32,2143,car
t7923,n1338,n538,2144,car
t7924,n1451,n1811,2144,car
t7925,n1063,n2034,2144,car
t7926,n341,n305,2144,car
t7927,n2210,n486,2144,car
t7928,n510,n811,2145,car
t7929,n388,n504,2145,car
t7930,n924,n737,2145,car
t7931,n356,n1274,2145,car
t7932,n189,n1539,2145,car
t7933,n1678,n74,2145,car
t7934,n617,n664,2146,car
t7935,n305,n723,2146,car
t7936,n957,n761,2146,car
t7937,n554,n988,2146,car
t7938,n900,n2119,2147,car
t7939,n595,n854,2147,car
t7940,n340,n2020,2147,car
t7941,n1204,n1307,2147,car
t7942,n928,n1436,2148,car
t7943,n143,n1195,2148,car
t7944,n340,n720,2148,car
t7945,n1963,n1124,2148,car
t7946,n1883,n123,2148,car
t7947,n1247,n1085,2149,car
t7948,n152,n1118,2149,car
t7949,n755,n575,2149,car
t7950,n1271,n1336,2149,car
t7951,n1014,n775,2150,car
t7952,n2071,n1424,2150,car
t7953,n37,n753,2150,car
t7954,n1903,n1160,2150,car
t7955,n2210,n177,2150,car
t7956,n857,n140,2151,car
t7957,n152,n1032,2151,car
t7958,n930,n553,2151,car
t7959,n145,n682,2151,car
t7960,n1247,n219,2151,car
t7961,n178,n2103,2151,car
t7962,n1850,n684,2152,car
t7963,n1566,n511,2152,car
t7964,n1687,n715,2152,car
t7965,n448,n1891,2152,car
t7966,n1001,n923,2153,car
t7967,n212,n927,2153,car
t7968,n1765,n362,2153,car
t7969,n142,n717,2153,car
t7970,n356,n811,2153,car
t7971,n1694,n1844,2153,car
t7972,n1933,n205,2154,car
t7973,n695,n1523,2154,car
t7974,n1869,n871,2155,car
t7975,n539,n264,2155,car
t7976,n847,n2007,2155,car
t7977,n1853,n2216,2155,car
t7978,n158,n2253,2155,car
t7979,n1567,n2072,2156,car
t7980,n1162,n461,2156,car
t7981,n24,n1479,2156,car
t7982,n1880,n1058,2156,car
t7983,n1066,n243,2156,car
t7984,n1778,n1879,2157,car
t7985,n223,n1699,2157,car
t7986,n408,n996,2157,car
t7987,n658,n1522,2157,car
t7988,n280,n704,2157,car
t7989,n508,n208,2157,car
t7990,n1849,n961,2157,car
t7991,n305,n131,2157,car
t7992,n255,n1852,2157,car
t7993,n812,n453,2157,car
t7994,n24,n119,2157,car
t7995,n176,n1189,2158,car
t7996,n510,n1589,2158,car
t7997,n504,n1711,2158,car
t7998,n757,n490,2158,car
t7999,n1317,n1246,2158,car
t8000,n1160,n735,2159,car
t8001,n1273,n440,2159,car
t8002,n475,n1861,2159,car
t8003,n2255,n2131,2159,car
t8004,n965,n1198,2159,car
t8005,n1535,n126,2160,car
t8006,n1064,n1279,2160,car
t8007,n1356,n1547,2160,car
t8008,n2207,n154,2160,car
t8009,n549,n1266,2160,car
t8010,n1581,n111,2160,car
t8011,n2121,n2163,2161,car
t8012,n460,n258,2162,car
t8013,n2083,n652,2162,car
t8014,n1223,n947,2162,car
t8015,n322,n1844,2162,car
t8016,n863,n966,2162,car
t8017,n916,n2044,2162,car
t8018,n1026,n1598,2163,car
t8019,n919,n1743,2163,car
t8020,n24,n246,2163,car
t8021,n1685,n182,2163,car
t8022,n919,n1190,2163,car
t8023,n1687,n287,2164,car
t8024,n1850,n2194,2164,car
t8025,n817,n1146,2164,car
t8026,n917,n612,2164,car
t8027,n62,n1376,2165,car
t8028,n728,n894,2165,car
t8029,n328,n2265,2165,car
t8030,n1592,n76,2166,car
t8031,n1062,n163,2166,car
t8032,n428,n1209,2166,car
t8033,n2124,n804,2166,car
t8034,n1156,n1605,2166,car
t8035,n790,n1128,2166,car
t8036,n459,n1471,2167,car
t8037,n883,n64,2167,car
t8038,n130,n2167,2167,car
t8039,n91,n814,2167,car
t8040,n1267,n1055,2168,car
t8041,n760,n720,2168,car
t8042,n256,n404,2169,car
t8043,n2249,n62,2169,car
t8044,n1641,n445,2169,car
t8045,n659,n750,2169,car
t8046,n1867,n1953,2170,car
t8047,n187,n1420,2170,car
t8048,n52,n473,2170,car
t8049,n368,n948,2171,car
t8050,n318,n546,2171,car
t8051,n1258,n652,2171,car
t8052,n1204,n1951,2171,car
t8053,n920,n401,2171,car
t8054,n587,n529,2171,car
t8055,n1843,n1666,2171,car
t8056,n1757,n426,2171,car
t8057,n2037,n1222,2172,car
t8058,n1820,n1656,2172,car
t8059,n2210,n808,2172,car
t8060,n450,n1271,2173,car
t8061,n637,n488,2173,car
t8062,n919,n415,2173,car
t8063,n637,n112,2173,car
t8064,n2206,n701,2174,car
t8065,n632,n1322,2174,car
t8066,n296,n1225,2174,car
t8067,n143,n1730,2174,car
t8068,n1716,n1419,2175,car
t8069,n608,n1277,2175,car
t8070,n24,n965,2175,car
t8071,n381,n558,2175,car
t8072,n388,n705,2175,car
t8073,n1440,n1024,2175,car
t8074,n957,n1943,2175,car
t8075,n1623,n1577,2176,car
t8076,n537,n1785,2176,car
t8077,n158,n423,2176,car
t8078,n2210,n923,2176,car
t8079,n1499,n686,2176,car
t8080,n2155,n1213,2176,car
t8081,n548,n1281,2176,car
t8082,n1850,n592,2176,car
t8083,n255,n1281,2177,car
t8084,n32,n479,2177,car
t8085,n845,n1294,2177,car
t8086,n322,n18,2177,car
t8087,n901,n1846,2177,car
t8088,n252,n313,2178,car
t8089,n813,n1407,2178,car
t8090,n1818,n1265,2178,car
t8091,n166,n1157,2178,car
t8092,n1013,n2108,2178,car
t8093,n644,n593,2179,car
t8094,n91,n1418,2179,car
t8095,n1775,n1333,2179,car
t8096,n702,n2108,2180,car
t8097,n1333,n1748,2180,car
t8098,n459,n710,2181,car
t8099,n856,n629,2181,car
t8100,n702,n388,2181,car
t8101,n2037,n566,2181,car
t8102,n1110,n445,2182,car
t8103,n1788,n486,2182,car
t8104,n632,n1627,2183,car
t8105,n1465,n1756,2183,car
t8106,n1860,n2230,2183,car
t8107,n656,n1285,2183,car
t8108,n1435,n701,2184,car
t8109,n1532,n1474,2184,car
t8110,n1204,n1012,2184,car
t8111,n596,n1856,2184,car
t8112,n305,n328,2184,car
t8113,n557,n2143,2185,car
t8114,n1596,n1269,2185,car
t8115,n1001,n43,2186,car
t8116,n1184,n1626,2186,car
t8117,n502,n1154,2186,car
t8118,n2210,n560,2186,car
t8119,n486,n209,2186,car
t8120,n1762,n1850,2186,car
t8121,n2082,n667,2187,car
t8122,n1049,n1233,2187,car
t8123,n68,n243,2187,car
t8124,n1818,n1961,2188,car
t8125,n346,n1272,2188,car
t8126,n1462,n623,2188,car
t8127,n1113,n1164,2188,car
t8128,n848,n34,2189,car
t8129,n2267,n464,2189,car
t8130,n2220,n2081,2189,car
t8131,n414,n376,2189,car
t8132,n54,n645,2189,car
t8133,n1347,n1187,2189,car
t8134,n2249,n1340,2190,car
t8135,n957,n383,2190,car
t8136,n1142,n1576,2190,car
t8137,n1163,n143,2190,car
t8138,n424,n472,2190,car
t8139,n1173,n1753,2190,car
t8140,n537,n1087,2190,car
t8141,n548,n1511,2191,car
t8142,n1961,n724,2191,car
t8143,n133,n840,2191,car
t8144,n128,n2240,2191,car
t8145,n1396,n2151,2192,car
t8146,n1883,n442,2192,car
t8147,n686,n476,2192,car
t8148,n1901,n1313,2192,car
t8149,n219,n931,2192,car
t8150,n186,n1916,2193,car
t8151,n847,n1777,2193,car
t8152,n1933,n687,2193,car
t8153,n943,n1334,2193,car
t8154,n626,n559,2193,car
t8155,n32,n984,2193,car
t8156,n943,n17,2193,car
t8157,n226,n2209,2193,car
t8158,n1880,n1368,2194,car
t8159,n1336,n2056,2194,car
t8160,n547,n2043,2194,car
t8161,n1159,n1323,2194,car
t8162,n760,n1371,2194,car
t8163,n63,n783,2194,car
t8164,n1765,n1161,2195,car
t8165,n506,n781,2195,car
t8166,n847,n462,2195,car
t8167,n701,n567,2196,car
t8168,n1935,n1113,2196,car
t8169,n550,n696,2196,car
t8170,n62,n1962,2196,car
t8171,n1869,n858,2197,car
t8172,n502,n878,2197,car
t8173,n2071,n708,2197,car
t8174,n509,n2078,2197,car
t8175,n63,n2091,2198,car
t8176,n1270,n196,2198,car
t8177,n924,n864,2198,car
t8178,n606,n938,2198,car
t8179,n769,n752,2198,car
t8180,n251,n1433,2198,car
t8181,n1479,n2140,2198,car
t8182,n944,n1644,2198,car
t8183,n891,n818,2198,car
t8184,n994,n39,2198,car
t8185,n58,n1363,2199,car
t8186,n810,n1847,2199,car
t8187,n1110,n628,2199,car
t8188,n62,n386,2199,car
t8189,n450,n1113,2199,car
t8190,n920,n183,2199,car
t8191,n61,n705,2200,car
t8192,n1356,n678,2200,car
t8193,n1462,n1228,2200,car
t8194,n1532,n1485,2200,car
t8195,n1457,n530,2200,car
t8196,n1163,n2169,2201,car
t8197,n1141,n1844,2201,car
t8198,n714,n1991,2201,car
t8199,n1597,n1869,2201,car
t8200,n790,n1700,2201,car
t8201,n1778,n1673,2202,car
t8202,n1292,n1844,2202,car
t8203,n61,n44,2202,car
t8204,n879,n203,2202,car
t8205,n826,n1054,2202,car
t8206,n1694,n697,2202,car
t8207,n437,n1675,2202,car
t8208,n1239,n322,2202,car
t8209,n2208,n1662,2203,car
t8210,n322,n137,2203,car
t8211,n1062,n1856,2203,car
t8212,n1434,n1495,2203,car
t8213,n315,n482,2203,car
t8214,n448,n612,2204,car
t8215,n220,n623,2205,car
t8216,n24,n277,2206,car
t8217,n957,n2202,2206,car
t8218,n697,n193,2206,car
t8219,n1255,n965,2206,car
t8220,n838,n1488,2206,car
t8221,n1458,n526,2206,car
t8222,n632,n1140,2206,car
t8223,n606,n341,2207,car
t8224,n1817,n1739,2207,car
t8225,n49,n1756,2207,car
t8226,n2246,n1198,2207,car
t8227,n1776,n1211,2207,car
t8228,n701,n2069,2207,car
t8229,n420,n429,2207,car
t8230,n2097,n143,2208,car
t8231,n150,n181,2208,car
t8232,n952,n101,2208,car
t8233,n930,n1332,2208,car
t8234,n970,n984,2208,car
t8235,n1459,n603,2208,car
t8236,n2252,n768,2208,car
t8237,n2071,n346,2209,car
t8238,n52,n1402,2209,car
t8239,n504,n431,2210,car
t8240,n145,n952,2210,car
t8241,n56,n1917,2210,car
t8242,n1538,n612,2210,car
t8243,n62,n1594,2211,car
t8244,n1053,n471,2211,car
t8245,n427,n212,2211,car
t8246,n1357,n363,2211,car
t8247,n388,n1760,2211,car
t8248,n632,n1302,2211,car
t8249,n273,n1878,2211,car
t8250,n1814,n962,2212,car
t8251,n2111,n664,2212,car
t8252,n1854,n1015,2212,car
t8253,n969,n1097,2212,car
t8254,n1788,n1169,2212,car
t8255,n37,n1817,2212,car
t8256,n1322,n70,2212,car
t8257,n265,n1145,2212,car
t8258,n645,n1996,2213,car
t8259,n1565,n1905,2213,car
t8260,n1347,n1533,2213,car
t8261,n965,n1700,2213,car
t8262,n1014,n1312,2214,car
t8263,n356,n1462,2214,car
t8264,n1028,n705,2214,car
t8265,n545,n2247,2216,car
t8266,n1145,n955,2216,car
t8267,n610,n1950,2216,car
t8268,n2224,n489,2216,car
t8269,n158,n192,2217,car
t8270,n781,n1961,2217,car
t8271,n432,n606,2218,car
t8272,n510,n1333,2218,car
t8273,n224,n447,2218,car
t8274,n1161,n776,2218,car
t8275,n1831,n1922,2218,car
t8276,n376,n622,2218,car
t8277,n393,n441,2218,car
t8278,n695,n1625,2219,car
t8279,n381,n1910,2219,car
t8280,n803,n2081,2219,car
t8281,n1356,n1112,2220,car
t8282,n1451,n2135,2220,car
t8283,n865,n592,2220,car
t8284,n1161,n16,2220,car
t8285,n1007,n1066,2220,car
t8286,n2162,n2267,2220,car
t8287,n587,n1810,2221,car
t8288,n645,n1421,2221,car
t8289,n560,n578,2221,car
t8290,n1049,n1439,2222,car
t8291,n1687,n1280,2222,car
t8292,n1093,n1227,2222,car
t8293,n1588,n322,2222,car
t8294,n1820,n140,2222,car
t8295,n945,n750,2222,car
t8296,n1190,n553,2222,car
t8297,n220,n68,2222,car
t8298,n1014,n2224,2222,car
t8299,n147,n948,2222,car
t8300,n1012,n909,2222,car
t8301,n54,n1189,2223,car
t8302,n509,n2138,2223,car
t8303,n422,n287,2223,car
t8304,n1171,n711,2223,car
t8305,n322,n730,2224,car
t8306,n398,n1693,2224,car
t8307,n2210,n961,2224,car
t8308,n617,n556,2225,car
t8309,n121,n1942,2225,car
t8310,n460,n2180,2225,car
t8311,n148,n664,2226,car
t8312,n1694,n655,2226,car
t8313,n1976,n1188,2226,car
t8314,n1161,n1822,2226,car
t8315,n1569,n2118,2226,car
t8316,n1466,n1204,2226,car
t8317,n1255,n1868,2227,car
t8318,n188,n1802,2227,car
t8319,n632,n255,2227,car
t8320,n338,n1499,2228,car
t8321,n277,n1597,2228,car
t8322,n1458,n1936,2228,car
t8323,n970,n2208,2229,car
t8324,n1788,n1895,2229,car
t8325,n1535,n686,2229,car
t8326,n2052,n570,2229,car
t8327,n321,n1225,2229,car
t8328,n1459,n412,2230,car
t8329,n935,n1065,2230,car
t8330,n456,n2195,2230,car
t8331,n1565,n1943,2230,car
t8332,n565,n2212,2231,car
t8333,n903,n1852,2231,car
t8334,n727,n1921,2231,car
t8335,n2071,n2133,2231,car
t8336,n147,n1401,2231,car
t8337,n1160,n102,2231,car
t8338,n770,n1460,2232,car
t8339,n1063,n868,2232,car
t8340,n1820,n979,2232,car
t8341,n2246,n574,2233,car
t8342,n969,n481,2233,car
t8343,n63,n1878,2233,car
t8344,n632,n1660,2233,car
t8345,n91,n426,2233,car
t8346,n995,n2162,2233,car
t8347,n1356,n465,2233,car
t8348,n1066,n664,2233,car
t8349,n156,n1876,2233,car
t8350,n196,n865,2233,car
t8351,n1062,n2042,2233,car
t8352,n1779,n620,2234,car
t8353,n145,n2192,2234,car
t8354,n548,n1218,2234,car
t8355,n1014,n938,2234,car
t8356,n606,n811,2234,car
t8357,n1142,n1532,2234,car
t8358,n364,n1992,2235,car
t8359,n723,n207,2235,car
t8360,n1880,n1827,2235,car
t8361,n2162,n1389,2235,car
t8362,n315,n659,2235,car
t8363,n1150,n1192,2235,car
t8364,n443,n1494,2236,car
t8365,n1001,n2124,2236,car
t8366,n632,n166,2236,car
t8367,n760,n187,2237,car
t8368,n212,n1214,2237,car
t8369,n1528,n897,2237,car
t8370,n1459,n1575,2238,car
t8371,n569,n1834,2238,car
t8372,n1778,n211,2238,car
t8373,n148,n2120,2238,car
t8374,n1062,n834,2239,car
t8375,n860,n1438,2239,car
t8376,n273,n70,2239,car
t8377,n532,n1948,2240,car
t8378,n1535,n2082,2240,car
t8379,n1466,n1179,2240,car
t8380,n1459,n909,2241,car
t8381,n544,n1121,2241,car
t8382,n509,n559,2241,car
t8383,n322,n39,2242,car
t8384,n945,n971,2242,car
t8385,n788,n930,2243,car
t8386,n2210,n1709,2243,car
t8387,n1333,n980,2243,car
t8388,n610,n880,2243,car
t8389,n1462,n1894,2243,car
t8390,n330,n1370,2244,car
t8391,n1185,n1039,2244,car
t8392,n919,n1567,2244,car
t8393,n52,n2188,2245,car
t8394,n509,n224,2245,car
t8395,n1425,n316,2246,car
t8396,n1582,n546,2246,car
t8397,n656,n1677,2247,car
t8398,n1192,n624,2247,car
t8399,n1566,n603,2247,car
t8400,n856,n2140,2247,car
t8401,n528,n1291,2248,car
t8402,n59,n851,2248,car
t8403,n2210,n469,2248,car
t8404,n463,n576,2248,car
t8405,n1008,n331,2248,car
t8406,n1808,n1977,2249,car
t8407,n847,n1193,2249,car
t8408,n1567,n761,2249,car
t8409,n470,n569,2249,car
t8410,n1778,n1159,2250,car
t8411,n637,n2212,2250,car
t8412,n637,n400,2250,car
t8413,n1788,n1271,2250,car
t8414,n1626,n538,2250,car
t8415,n147,n396,2251,car
t8416,n94,n149,2251,car
t8417,n1357,n1268,2251,car
t8418,n381,n2230,2252,car
t8419,n1910,n692,2252,car
t8420,n362,n1018,2252,car
t8421,n1237,n620,2252,car
t8422,n923,n64,2252,car
t8423,n418,n620,2252,car
t8424,n2165,n743,2252,car
t8425,n1166,n384,2252,car
t8426,n1581,n1462,2253,car
t8427,n312,n413,2253,car
t8428,n917,n362,2253,car
t8429,n866,n1779,2253,car
t8430,n1869,n1935,2253,car
t8431,n1271,n371,2254,car
t8432,n1458,n1596,2254,car
t8433,n381,n168,2255,car
t8434,n481,n1439,2255,car
t8435,n2174,n1302,2256,car
t8436,n1778,n244,2256,car
t8437,n2249,n1951,2256,car
t8438,n1032,n245,2257,car
t8439,n1036,n1169,2257,car
t8440,n1959,n1341,2257,car
t8441,n129,n1819,2257,car
t8442,n148,n437,2258,car
t8443,n372,n505,2258,car
t8444,n258,n37,2259,car
t8445,n1458,n1949,2259,car
t8446,n901,n804,2260,car
t8447,n917,n2082,2260,car
t8448,n1014,n920,2261,car
t8449,n1066,n1981,2262,car
t8450,n972,n694,2262,car
t8451,n51,n830,2262,car
t8452,n60,n1204,2262,car
t8453,n930,n1960,2262,car
t8454,n736,n193,2262,car
t8455,n24,n1263,2262,car
t8456,n912,n1588,2263,car
t8457,n998,n2254,2263,car
t8458,n2166,n909,2263,car
t8459,n340,n289,2263,car
t8460,n727,n2052,2264,car
t8461,n1306,n574,2264,car
t8462,n1462,n742,2264,car
t8463,n612,n1971,2264,car
t8464,n1163,n1636,2264,car
t8465,n919,n542,2264,car
t8466,n744,n861,2265,car
t8467,n696,n1251,2265,car
t8468,n917,n1965,2265,car
t8469,n1722,n499,2265,car
t8470,n148,n1108,2266,car
t8471,n388,n1785,2266,car
t8472,n255,n229,2266,car
t8473,n221,n798,2267,car
t8474,n2165,n990,2268,car
t8475,n600,n415,2269,car
t8476,n255,n1411,2269,car
t8477,n507,n172,2269,car
t8478,n953,n1198,2270,car
t8479,n780,n1155,2270,car
t8480,n376,n1692,2270,car
t8481,n1458,n954,2270,car
t8482,n891,n1972,2270,car
t8483,n1565,n1797,2271,car
t8484,n128,n1605,2271,car
t8485,n228,n1793,2271,car
t8486,n1819,n1876,2271,car
t8487,n1053,n182,2271,car
t8488,n1013,n1604,2272,car
t8489,n465,n36,2272,car
t8490,n121,n485,2272,car
t8491,n1188,n1318,2272,car
t8492,n372,n302,2272,car
t8493,n2210,n978,2273,car
t8494,n1883,n866,2273,car
t8495,n492,n402,2273,car
t8496,n704,n139,2273,car
t8497,n361,n1133,2273,car
t8498,n1739,n823,2274,car
t8499,n1001,n845,2274,car
t8500,n345,n1246,2274,car
t8501,n702,n1144,2274,car
t8502,n2210,n1182,2275,car
t8503,n1203,n69,2275,car
t8504,n591,n391,2275,car
t8505,n2124,n1198,2275,car
t8506,n121,n1005,2275,car
t8507,n844,n1496,2276,car
t8508,n1775,n1818,2276,car
t8509,n469,n2227,2276,car
t8510,n937,n1415,2276,car
t8511,n868,n505,2276,car
t8512,n1052,n1655,2277,car
t8513,n468,n2059,2277,car
t8514,n595,n1475,2278,car
t8515,n1814,n626,2278,car
t8516,n156,n1442,2278,car
t8517,n256,n1478,2278,car
t8518,n2246,n1697,2278,car
t8519,n1457,n511,2278,car
t8520,n1270,n813,2278,car
t8521,n255,n896,2279,car
t8522,n824,n324,2279,car
t8523,n598,n1543,2280,car
t8524,n1535,n190,2280,car
t8525,n1357,n1818,2280,car
t8526,n280,n1942,2281,car
t8527,n1023,n1415,2281,car
t8528,n63,n1246,2281,car
t8529,n629,n1748,2282,car
t8530,n833,n1365,2282,car
t8531,n1331,n2060,2282,car
t8532,n1066,n1236,2282,car
t8533,n596,n69,2282,car
t8534,n1862,n899,2282,car
t8535,n1145,n364,2282,car
t8536,n572,n1442,2282,car
t8537,n968,n910,2282,car
t8538,n1054,n869,2282,car
t8539,n408,n142,2282,car
t8540,n1501,n1806,2283,car
t8541,n466,n1790,2283,car
t8542,n1451,n755,2283,car
t8543,n2210,n710,2283,car
t8544,n1762,n833,2284,car
t8545,n1774,n688,2284,car
t8546,n2255,n887,2285,car
t8547,n1567,n1407,2285,car
t8548,n1901,n1075,2285,car
t8549,n891,n1468,2285,car
t8550,n917,n82,2285,car
t8551,n1049,n774,2285,car
t8552,n62,n739,2285,car
t8553,n209,n1703,2286,car
t8554,n165,n643,2286,car
t8555,n1716,n1008,2286,car
t8556,n810,n566,2286,car
t8557,n1160,n1500,2286,car
t8558,n1850,n767,2286,car
t8559,n1774,n1536,2286,car
t8560,n1583,n1251,2287,car
t8561,n606,n952,2287,car
t8562,n507,n158,2287,car
t8563,n1064,n1072,2287,car
t8564,n1280,n1180,2288,car
t8565,n1893,n1068,2288,car
t8566,n55,n1968,2288,car
t8567,n51,n174,2289,car
t8568,n443,n448,2289,car
t8569,n1066,n573,2289,car
t8570,n143,n1194,2289,car
t8571,n145,n834,2290,car
t8572,n786,n140,2290,car
t8573,n2224,n1805,2290,car
t8574,n587,n146,2291,car
t8575,n1052,n899,2291,car
t8576,n449,n1504,2291,car
t8577,n967,n1004,2291,car
t8578,n891,n264,2291,car
t8579,n810,n1443,2292,car
t8580,n548,n1492,2292,car
t8581,n1255,n2250,2292,car
t8582,n1457,n500,2292,car
t8583,n1151,n777,2293,car
t8584,n1849,n1524,2293,car
t8585,n810,n564,2293,car
t8586,n300,n1509,2293,car
t8587,n161,n1521,2294,car
t8588,n1014,n57,2294,car
t8589,n219,n1544,2294,car
t8590,n2173,n2267,2295,car
t8591,n637,n963,2295,car
t8592,n1732,n218,2296,car
t8593,n469,n159,2296,car
t8594,n817,n1820,2297,car
t8595,n1116,n1508,2299,car
t8596,n855,n1299,2299,car
t8597,n186,n226,2299,car
t8598,n2195,n2152,2299,car
t8599,n598,n1218,2300,car
t8600,n443,n1690,2300,car
t8601,n1057,n1562,2300,car
t8602,n559,n1405,2301,car
t8603,n306,n368,2301,car
t8604,n1356,n734,2301,car
t8605,n1462,n1936,2301,car
t8606,n965,n1409,2302,car
t8607,n884,n1139,2302,car
t8608,n300,n1481,2302,car
t8609,n697,n835,2302,car
t8610,n252,n1357,2302,car
t8611,n318,n1842,2303,car
t8612,n1159,n1064,2303,car
t8613,n1166,n1818,2303,car
t8614,n1532,n1055,2304,car
t8615,n54,n1787,2304,car
t8616,n956,n923,2304,car
t8617,n1112,n799,2304,car
t8618,n1318,n2080,2305,car
t8619,n1535,n1035,2305,car
t8620,n1566,n714,2305,car
t8621,n63,n981,2305,car
t8622,n1762,n187,2306,car
t8623,n1535,n78,2306,car
t8624,n1869,n1812,2306,car
t8625,n1160,n834,2306,car
t8626,n967,n1195,2306,car
t8627,n1869,n737,2306,car
t8628,n1565,n830,2307,car
t8629,n1808,n1015,2307,car
t8630,n443,n1687,2307,car
t8631,n143,n1981,2308,car
t8632,n901,n1814,2308,car
t8633,n1381,n905,2308,car
t8634,n837,n666,2308,car
t8635,n178,n1007,2308,car
t8636,n1374,n288,2309,car
t8637,n186,n1722,2309,car
t8638,n412,n1286,2309,car
t8639,n482,n1344,2309,car
t8640,n2210,n497,2309,car
t8641,n1779,n117,2310,car
t8642,n1303,n83,2310,car
t8643,n1778,n831,2310,car
t8644,n497,n321,2310,car
t8645,n995,n1943,2310,car
t8646,n645,n605,2310,car
t8647,n916,n512,2310,car
t8648,n1031,n1231,2311,car
t8649,n296,n50,2311,car
t8650,n1604,n1776,2312,car
t8651,n1459,n831,2312,car
t8652,n1963,n149,2312,car
t8653,n1457,n1915,2312,car
t8654,n1382,n752,2313,car
t8655,n59,n23,2313,car
t8656,n166,n405,2313,car
t8657,n1459,n299,2313,car
t8658,n1023,n1232,2313,car
t8659,n1377,n467,2313,car
t8660,n510,n448,2314,car
t8661,n1024,n631,2314,car
t8662,n51,n1777,2314,car
t8663,n2055,n67,2314,car
t8664,n204,n2185,2314,car
t8665,n1247,n1959,2314,car
t8666,n306,n565,2315,car
t8667,n2124,n1639,2315,car
t8668,n1333,n714,2316,car
t8669,n412,n57,2316,car
t8670,n587,n1909,2316,car
t8671,n1856,n243,2316,car
t8672,n1142,n141,2316,car
t8673,n1356,n1095,2317,car
t8674,n632,n631,2317,car
t8675,n147,n428,2317,car
t8676,n924,n542,2317,car
t8677,n1687,n745,2317,car
t8678,n1038,n2147,2317,car
t8679,n1605,n1322,2317,car
t8680,n161,n1364,2318,car
t8681,n1762,n1802,2318,car
t8682,n1267,n1942,2318,car
t8683,n178,n212,2318,car
t8684,n1762,n756,2318,car
t8685,n1812,n1414,2318,car
t8686,n143,n2231,2319,car
t8687,n1793,n1443,2319,car
t8688,n338,n1470,2319,car
t8689,n510,n710,2320,car
t8690,n1258,n422,2320,car
t8691,n1002,n646,2320,car
t8692,n2213,n1322,2320,car
t8693,n1722,n1167,2320,car
t8694,n1411,n986,2321,car
t8695,n233,n1592,2321,car
t8696,n187,n2107,2321,car
t8697,n1813,n1025,2321,car
t8698,n1457,n1126,2322,car
t8699,n346,n398,2322,car
t8700,n1901,n1047,2322,car
t8701,n2256,n1915,2323,car
t8702,n1184,n855,2323,car
t8703,n1869,n613,2323,car
t8704,n1721,n1953,2323,car
t8705,n1869,n1977,2324,car
t8706,n1258,n1793,2324,car
t8707,n1903,n826,2324,car
t8708,n1024,n436,2325,car
t8709,n81,n1847,2325,car
t8710,n52,n163,2325,car
t8711,n1694,n441,2325,car
t8712,n92,n1590,2325,car
t8713,n152,n1516,2325,car
t8714,n1349,n998,2325,car
t8715,n727,n1808,2328,car
t8716,n810,n1163,2328,car
t8717,n717,n250,2328,car
t8718,n599,n388,2328,car
t8719,n63,n1959,2328,car
t8720,n595,n2013,2328,car
t8721,n203,n154,2329,car
t8722,n702,n580,2329,car
t8723,n1618,n1873,2330,car
t8724,n545,n852,2330,car
t8725,n677,n1682,2331,car
t8726,n457,n1263,2331,car
t8727,n1001,n1775,2331,car
t8728,n152,n1992,2332,car
t8729,n51,n195,2332,car
t8730,n903,n2246,2333,car
t8731,n430,n346,2333,car
t8732,n904,n2018,2333,car
t8733,n1012,n2100,2334,car
t8734,n837,n1660,2334,car
t8735,n229,n2249,2335,car
t8736,n1102,n571,2335,car
t8737,n945,n249,2336,car
t8738,n919,n1327,2336,car
t8739,n1862,n281,2336,car
t8740,n603,n637,2337,car
t8741,n507,n1983,2337,car
t8742,n1159,n1466,2337,car
t8743,n606,n134,2337,car
t8744,n158,n2112,2338,car
t8745,n1110,n1369,2338,car
t8746,n715,n433,2338,car
t8747,n2202,n810,2338,car
t8748,n24,n17,2338,car
t8749,n121,n672,2338,car
t8750,n161,n1965,2338,car
t8751,n1457,n1909,2339,car
t8752,n306,n944,2339,car
t8753,n158,n553,2339,car
t8754,n637,n1131,2339,car
t8755,n63,n1474,2339,car
t8756,n930,n1043,2339,car
t8757,n1963,n143,2339,car
t8758,n1725,n830,2340,car
t8759,n469,n293,2340,car
t8760,n346,n45,2340,car
t8761,n812,n538,2340,car
t8762,n233,n1032,2341,car
t8763,n234,n1028,2341,car
t8764,n595,n1389,2341,car
t8765,n928,n333,2341,car
t8766,n680,n556,2341,car
t8767,n1131,n648,2341,car
t8768,n723,n1850,2342,car
t8769,n504,n1780,2342,car
t8770,n52,n867,2342,car
t8771,n62,n1815,2342,car
t8772,n1788,n1556,2342,car
t8773,n1163,n1488,2343,car
t8774,n146,n918,2343,car
t8775,n2210,n1713,2344,car
t8776,n1964,n1697,2344,car
t8777,n1762,n1250,2344,car
t8778,n277,n1960,2344,car
t8779,n1795,n443,2345,car
t8780,n1247,n697,2345,car
t8781,n1618,n1199,2345,car
t8782,n1778,n459,2345,car
t8783,n993,n1679,2345,car
t8784,n873,n70,2345,car
t8785,n258,n304,2345,car
t8786,n356,n1134,2346,car
t8787,n52,n1996,2346,car
t8788,n1303,n1238,2346,car
t8789,n389,n741,2347,car
t8790,n965,n2015,2347,car
t8791,n751,n1645,2347,car
t8792,n570,n1670,2347,car
t8793,n52,n475,2347,car
t8794,n502,n465,2347,car
t8795,n1808,n1584,2348,car
t8796,n1349,n880,2348,car
t8797,n1169,n2052,2348,car
t8798,n1788,n1386,2349,car
t8799,n224,n876,2349,car
t8800,n1451,n2116,2349,car
t8801,n465,n1135,2349,car
t8802,n1625,n49,2349,car
t8803,n162,n1158,2350,car
t8804,n91,n36,2350,car
t8805,n456,n94,2350,car
t8806,n1538,n880,2350,car
t8807,n225,n1007,2351,car
t8808,n507,n1344,2351,car
t8809,n1751,n2216,2351,car
t8810,n1883,n1117,2351,car
t8811,n255,n1576,2352,car
t8812,n606,n2269,2352,car
t8813,n178,n1635,2353,car
t8814,n969,n509,2354,car
t8815,n572,n241,2354,car
t8816,n1233,n2084,2354,car
t8817,n1036,n1776,2354,car
t8818,n919,n1335,2354,car
t8819,n430,n1208,2354,car
t8820,n51,n1014,2355,car
t8821,n945,n1832,2355,car
t8822,n1813,n212,2355,car
t8823,n1012,n1017,2355,car
t8824,n2061,n496,2356,car
t8825,n2256,n142,2356,car
t8826,n354,n646,2357,car
t8827,n1819,n1390,2357,car
t8828,n666,n1844,2358,car
t8829,n266,n228,2358,car
t8830,n595,n203,2358,car
t8831,n1788,n2175,2359,car
t8832,n1459,n91,2359,car
t8833,n509,n935,2359,car
t8834,n432,n1108,2360,car
t8835,n436,n773,2360,car
t8836,n356,n275,2360,car
t8837,n744,n1157,2361,car
t8838,n196,n1022,2361,car
t8839,n1159,n168,2361,car
t8840,n389,n961,2362,car
t8841,n704,n554,2363,car
t8842,n1567,n2103,2364,car
t8843,n428,n2030,2364,car
t8844,n1776,n993,2364,car
t8845,n306,n198,2365,car
t8846,n1564,n1780,2365,car
t8847,n903,n85,2365,car
t8848,n1903,n522,2365,car
t8849,n2255,n30,2366,car
t8850,n1271,n954,2367,car
t8851,n322,n413,2367,car
t8852,n2121,n1947,2367,car
t8853,n1831,n1750,2367,car
t8854,n780,n736,2368,car
t8855,n702,n1416,2368,car
t8856,n399,n195,2369,car
t8857,n166,n1298,2369,car
t8858,n51,n90,2369,car
t8859,n218,n1384,2369,car
t8860,n1444,n1829,2370,car
t8861,n219,n1253,2370,car
t8862,n1204,n904,2370,car
t8863,n265,n1820,2371,car
t8864,n922,n542,2371,car
t8865,n130,n1998,2372,car
t8866,n1853,n1866,2372,car
t8867,n1054,n519,2372,car
t8868,n549,n1556,2372,car
t8869,n1567,n1609,2373,car
t8870,n1820,n105,2373,car
t8871,n51,n2038,2373,car
t8872,n474,n511,2373,car
t8873,n1357,n108,2373,car
t8874,n420,n485,2374,car
t8875,n306,n1701,2374,car
t8876,n1734,n1603,2374,car
t8877,n971,n917,2374,car
t8878,n993,n1905,2374,car
t8879,n141,n378,2374,car
t8880,n178,n2262,2374,car
t8881,n152,n1915,2375,car
t8882,n1066,n1826,2375,car
t8883,n315,n733,2375,car
t8884,n896,n1062,2375,car
t8885,n461,n309,2376,car
t8886,n788,n403,2376,car
t8887,n148,n509,2377,car
t8888,n1964,n1434,2377,car
t8889,n966,n95,2377,car
t8890,n743,n1144,2377,car
t8891,n1190,n267,2377,car
t8892,n2252,n419,2377,car
t8893,n606,n1522,2378,car
t8894,n1466,n333,2378,car
t8895,n1002,n329,2379,car
t8896,n145,n1467,2379,car
t8897,n1171,n490,2379,car
t8898,n1788,n1847,2381,car
t8899,n1457,n302,2381,car
t8900,n280,n1511,2382,car
t8901,n1567,n2197,2382,car
t8902,n951,n1587,2382,car
t8903,n1425,n1737,2383,car
t8904,n1812,n590,2384,car
t8905,n516,n1402,2384,car
t8906,n715,n529,2384,car
t8907,n1434,n1416,2384,car
t8908,n855,n2184,2384,car
t8909,n1734,n1418,2385,car
t8910,n388,n831,2385,car
t8911,n506,n2250,2385,car
t8912,n432,n1764,2385,car
t8913,n92,n1511,2386,car
t8914,n233,n2096,2386,car
t8915,n1612,n390,2387,car
t8916,n92,n2051,2387,car
t8917,n128,n360,2388,car
t8918,n52,n971,2388,car
t8919,n1457,n883,2389,car
t8920,n129,n959,2389,car
t8921,n1026,n1548,2389,car
t8922,n148,n1790,2389,car
t8923,n145,n465,2389,car
t8924,n354,n999,2389,car
t8925,n1880,n336,2389,car
t8926,n1901,n1854,2390,car
t8927,n1869,n684,2390,car
t8928,n743,n704,2391,car
t8929,n1762,n1636,2392,car
t8930,n143,n696,2392,car
t8931,n356,n253,2392,car
t8932,n606,n1155,2392,car
t8933,n1177,n514,2392,car
t8934,n1579,n919,2393,car
t8935,n467,n1054,2393,car
t8936,n1687,n245,2393,car
t8937,n386,n993,2393,car
t8938,n637,n366,2394,car
t8939,n189,n1853,2394,car
t8940,n537,n639,2394,car
t8941,n184,n1634,2395,car
t8942,n595,n1944,2395,car
t8943,n129,n856,2396,car
t8944,n1479,n1594,2396,car
t8945,n507,n820,2397,car
t8946,n1247,n291,2398,car
t8947,n606,n1002,2398,car
t8948,n1012,n1970,2399,car
t8949,n209,n623,2400,car
t8950,n2071,n197,2400,car
t8951,n1567,n568,2401,car
t8952,n658,n2136,2401,car
t8953,n432,n1035,2402,car
t8954,n306,n1043,2402,car
t8955,n1356,n1781,2403,car
t8956,n1050,n2246,2403,car
t8957,n1694,n1636,2403,car
t8958,n1017,n251,2403,car
t8959,n346,n1969,2403,car
t8960,n448,n768,2403,car
t8961,n1008,n874,2404,car
t8962,n1552,n837,2404,car
t8963,n744,n1773,2405,car
t8964,n938,n710,2405,car
t8965,n1732,n201,2405,car
t8966,n1226,n1628,2405,car
t8967,n1901,n1408,2406,car
t8968,n158,n1141,2406,car
t8969,n565,n257,2406,car
t8970,n1788,n327,2406,car
t8971,n1459,n921,2406,car
t8972,n548,n1844,2407,car
t8973,n1049,n1054,2407,car
t8974,n63,n651,2407,car
t8975,n1062,n1031,2407,car
t8976,n2120,n1480,2407,car
t8977,n55,n1140,2407,car
t8978,n1964,n1310,2408,car
t8979,n615,n1893,2408,car
t8980,n917,n206,2408,car
t8981,n393,n615,2409,car
t8982,n504,n834,2409,car
t8983,n128,n1702,2409,car
t8984,n211,n2112,2410,car
t8985,n1458,n225,2410,car
t8986,n733,n120,2410,car
t8987,n2071,n702,2411,car
t8988,n1451,n64,2411,car
t8989,n602,n162,2411,car
t8990,n595,n62,2412,car
t8991,n601,n1187,2412,car
t8992,n2267,n2165,2412,car
t8993,n1935,n1664,2412,car
t8994,n537,n248,2414,car
t8995,n602,n1640,2414,car
t8996,n1687,n1668,2414,car
t8997,n1012,n443,2414,car
t8998,n700,n1653,2415,car
t8999,n919,n415,2415,car
t9000,n1813,n683,2415,car
t9001,n1788,n734,2415,car
t9002,n2207,n1014,2416,car
t9003,n545,n1281,2416,car
t9004,n537,n1946,2416,car
t9005,n356,n1502,2416,car
t9006,n252,n1539,2417,car
t9007,n1357,n66,2417,car
t9008,n1143,n1120,2418,car
t9009,n2210,n127,2418,car
t9010,n255,n1897,2418,car
t9011,n148,n2202,2419,car
t9012,n917,n904,2419,car
t9013,n1603,n1175,2419,car
t9014,n1052,n1076,2420,car
t9015,n429,n1816,2420,car
t9016,n629,n1512,2420,car
t9017,n659,n1649,2420,car
t9018,n62,n1952,2420,car
t9019,n521,n1316,2421,car
t9020,n161,n836,2421,car
t9021,n448,n225,2421,car
t9022,n812,n497,2421,car
t9023,n1641,n1989,2421,car
t9024,n1964,n1084,2422,car
t9025,n2162,n1350,2422,car
t9026,n37,n158,2422,car
t9027,n1451,n1163,2423,car
t9028,n2071,n885,2425,car
t9029,n1869,n441,2425,car
t9030,n1788,n1051,2425,car
t9031,n468,n101,2425,car
t9032,n1734,n2032,2425,car
t9033,n92,n1142,2425,car
t9034,n1145,n1585,2426,car
t9035,n467,n1185,2426,car
t9036,n595,n1417,2427,car
t9037,n1381,n277,2427,car
t9038,n612,n574,2427,car
t9039,n1740,n429,2427,car
t9040,n52,n412,2428,car
t9041,n443,n1737,2428,car
t9042,n1678,n1028,2429,car
t9043,n839,n2089,2429,car
t9044,n2162,n1511,2430,car
t9045,n744,n876,2430,car
t9046,n1903,n2091,2431,car
t9047,n744,n382,2431,car
t9048,n1066,n1461,2432,car
t9049,n56,n1004,2432,car
t9050,n504,n990,2432,car
t9051,n1850,n627,2432,car
t9052,n55,n2131,2432,car
t9053,n1458,n521,2434,car
t9054,n1506,n1688,2434,car
t9055,n970,n1598,2434,car
t9056,n1564,n2000,2436,car
t9057,n1581,n644,2436,car
t9058,n926,n1910,2436,car
t9059,n277,n724,2436,car
t9060,n866,n347,2437,car
t9061,n1694,n2013,2438,car
t9062,n804,n2172,2438,car
t9063,n733,n1540,2438,car
t9064,n1324,n596,2439,car
t9065,n255,n1667,2439,car
t9066,n595,n1223,2439,car
t9067,n896,n1549,2440,car
t9068,n0,n528,2440,car
t9069,n1765,n381,2440,car
t9070,n1862,n774,2440,car
t9071,n406,n529,2440,car
t9072,n2249,n2247,2441,car
t9073,n506,n734,2441,car
t9074,n2194,n2217,2441,car
t9075,n2255,n365,2442,car
t9076,n1594,n2211,2442,car
t9077,n369,n117,2442,car
t9078,n188,n1602,2443,car
t9079,n1583,n756,2443,car
t9080,n1765,n1686,2443,car
t9081,n1552,n518,2443,car
t9082,n63,n356,2444,car
t9083,n1687,n1296,2445,car
t9084,n612,n1415,2445,car
t9085,n1601,n295,2445,car
t9086,n2052,n1690,2446,car
t9087,n923,n612,2446,car
t9088,n312,n1234,2447,car
t9089,n24,n955,2447,car
t9090,n1013,n71,2447,car
t9091,n1278,n475,2447,car
t9092,n637,n1162,2448,car
t9093,n306,n1447,2448,car
t9094,n187,n1843,2449,car
t9095,n1008,n2049,2449,car
t9096,n1498,n1846,2450,car
t9097,n356,n1000,2450,car
t9098,n189,n1654,2450,car
t9099,n1457,n1966,2451,car
t9100,n51,n278,2451,car
t9101,n985,n1334,2452,car
t9102,n755,n1319,2452,car
t9103,n751,n281,2453,car
t9104,n1457,n893,2454,car
t9105,n129,n692,2455,car
t9106,n130,n955,2456,car
t9107,n2121,n2158,2456,car
t9108,n381,n1135,2458,car
t9109,n1774,n2052,2458,car
t9110,n507,n2221,2459,car
t9111,n440,n1525,2460,car
t9112,n820,n731,2460,car
t9113,n1399,n171,2460,car
t9114,n1066,n1274,2460,car
t9115,n1434,n1806,2460,car
t9116,n1434,n1242,2460,car
t9117,n209,n60,2461,car
t9118,n1458,n438,2461,car
t9119,n187,n1980,2463,car
t9120,n1110,n2082,2465,car
t9121,n1188,n436,2465,car
t9122,n464,n1020,2466,car
t9123,n2210,n1166,2466,car
t9124,n957,n1284,2467,car
t9125,n628,n1647,2467,car
t9126,n595,n903,2468,car
t9127,n156,n916,2468,car
t9128,n219,n2173,2468,car
t9129,n1755,n732,2468,car
t9130,n924,n463,2469,car
t9131,n1562,n427,2469,car
t9132,n162,n1007,2469,car
t9133,n2255,n962,2470,car
t9134,n199,n961,2470,car
t9135,n945,n354,2470,car
t9136,n2162,n1844,2470,car
t9137,n1357,n1302,2471,car
t9138,n1161,n1483,2471,car
t9139,n306,n214,2471,car
t9140,n75,n526,2471,car
t9141,n436,n1804,2471,car
t9142,n1608,n1631,2472,car
t9143,n1789,n52,2472,car
t9144,n1425,n155,2472,car
t9145,n656,n2005,2472,car
t9146,n233,n1967,2472,car
t9147,n1169,n713,2472,car
t9148,n744,n407,2473,car
t9149,n970,n1591,2474,car
t9150,n725,n2252,2475,car
t9151,n215,n1744,2476,car
t9152,n1050,n400,2476,car
t9153,n1964,n683,2476,car
t9154,n187,n1114,2476,car
t9155,n852,n946,2476,car
t9156,n212,n1627,2477,car
t9157,n52,n1019,2477,car
t9158,n917,n560,2478,car
t9159,n460,n1484,2478,car
t9160,n63,n2203,2479,car
t9161,n1869,n1350,2479,car
t9162,n1734,n1929,2479,car
t9163,n1819,n819,2479,car
t9164,n1374,n1127,2480,car
t9165,n265,n155,2480,car
t9166,n2121,n415,2480,car
t9167,n1815,n691,2480,car
t9168,n1049,n1415,2480,car
t9169,n393,n1881,2480,car
t9170,n509,n264,2480,car
t9171,n1626,n539,2481,car
t9172,n789,n1353,2481,car
t9173,n899,n1337,2481,car
t9174,n414,n1302,2482,car
t9175,n868,n1362,2482,car
t9176,n945,n830,2482,car
t9177,n62,n660,2482,car
t9178,n158,n1003,2482,car
t9179,n152,n207,2482,car
t9180,n471,n1820,2483,car
t9181,n666,n113,2484,car
t9182,n587,n1480,2484,car
t9183,n1066,n1714,2484,car
t9184,n1050,n1414,2484,car
t9185,n2121,n109,2484,car
t9186,n853,n1329,2485,car
t9187,n24,n475,2486,car
t9188,n895,n1635,2486,car
t9189,n178,n1935,2486,car
t9190,n318,n496,2487,car
t9191,n443,n1195,2487,car
t9192,n1959,n1235,2487,car
t9193,n55,n1748,2488,car
t9194,n1458,n1774,2488,car
t9195,n1014,n41,2489,car
t9196,n1552,n169,2489,car
t9197,n37,n187,2489,car
t9198,n617,n2265,2489,car
t9199,n166,n736,2490,car
t9200,n1608,n1109,2490,car
t9201,n1014,n1220,2491,car
t9202,n1435,n2263,2491,car
t9203,n356,n630,2491,car
t9204,n769,n1614,2492,car
t9205,n1286,n715,2492,car
t9206,n2037,n1001,2493,car
t9207,n474,n555,2494,car
t9208,n318,n2064,2494,car
t9209,n644,n167,2494,car
t9210,n36,n1519,2494,car
t9211,n2267,n1281,2495,car
t9212,n258,n2132,2495,car
t9213,n507,n574,2495,car
t9214,n1054,n554,2495,car
t9215,n1357,n451,2497,car
t9216,n928,n1172,2498,car
t9217,n218,n1764,2498,car
t9218,n1564,n1186,2499,car
t9219,n919,n1679,2499,car
t9220,n502,n1952,2499,car
t9221,n130,n1634,2500,car
t9222,n916,n832,2500,car
t9223,n1145,n338,2500,car
t9224,n608,n2232,2501,car
t9225,n300,n1635,2501,car
t9226,n422,n1958,2501,car
t9227,n354,n1915,2501,car
t9228,n502,n1239,2501,car
t9229,n386,n2177,2501,car
t9230,n1479,n949,2501,car
t9231,n873,n202,2503,car
t9232,n2249,n1650,2503,car
t9233,n666,n2126,2503,car
t9234,n801,n2236,2504,car
t9235,n1014,n1734,2504,car
t9236,n1551,n1420,2504,car
t9237,n989,n201,2505,car
t9238,n1062,n1365,2505,car
t9239,n1812,n996,2506,car
t9240,n812,n401,2506,car
t9241,n658,n986,2507,car
t9242,n1110,n719,2507,car
t9243,n1687,n1684,2507,car
t9244,n632,n923,2507,car
t9245,n1795,n2143,2508,car
t9246,n497,n1812,2508,car
t9247,n49,n1572,2508,car
t9248,n970,n913,2509,car
t9249,n2200,n1259,2509,car
t9250,n509,n771,2510,car
t9251,n632,n1016,2510,car
t9252,n431,n2155,2510,car
t9253,n554,n1014,2511,car
t9254,n1778,n1605,2511,car
t9255,n1883,n455,2511,car
t9256,n412,n1968,2512,car
t9257,n483,n984,2512,car
t9258,n52,n457,2513,car
t9259,n1192,n943,2513,car
t9260,n1064,n1087,2513,car
t9261,n962,n1535,2513,car
t9262,n1842,n1118,2513,car
t9263,n1687,n1893,2514,car
t9264,n1466,n2041,2514,car
t9265,n162,n52,2516,car
t9266,n2249,n333,2516,car
t9267,n2124,n1937,2517,car
t9268,n459,n278,2517,car
t9269,n965,n948,2518,car
t9270,n2162,n1415,2518,car
t9271,n1451,n1206,2518,car
t9272,n1093,n1355,2519,car
t9273,n1687,n1565,2519,car
t9274,n258,n1358,2520,car
t9275,n507,n467,2520,car
t9276,n504,n965,2520,car
t9277,n731,n1007,2520,car
t9278,n1458,n739,2521,car
t9279,n920,n1273,2521,car
t9280,n354,n785,2521,car
t9281,n910,n2016,2521,car
t9282,n830,n338,2522,car
t9283,n1532,n14,2524,car
t9284,n1732,n616,2524,car
t9285,n702,n1049,2524,car
t9286,n1102,n1867,2525,car
t9287,n1937,n167,2526,car
t9288,n858,n1605,2526,car
t9289,n83,n2139,2527,car
t9290,n1856,n1500,2527,car
t9291,n930,n1402,2527,car
t9292,n2210,n1578,2528,car
t9293,n1203,n706,2528,car
t9294,n657,n2153,2528,car
t9295,n847,n267,2528,car
t9296,n162,n1850,2528,car
t9297,n1411,n2118,2528,car
t9298,n943,n1128,2528,car
t9299,n549,n1616,2528,car
t9300,n296,n1779,2529,car
t9301,n1615,n1614,2529,car
t9302,n1869,n709,2529,car
t9303,n296,n1992,2530,car
t9304,n420,n817,2530,car
t9305,n59,n141,2530,car
t9306,n1305,n1487,2530,car
t9307,n686,n1333,2531,car
t9308,n837,n581,2531,car
t9309,n554,n45,2531,car
t9310,n537,n224,2531,car
t9311,n1849,n1684,2534,car
t9312,n1778,n775,2534,car
t9313,n2193,n1636,2535,car
t9314,n52,n416,2536,car
t9315,n1169,n519,2537,car
t9316,n1533,n1036,2537,car
t9317,n847,n168,2537,car
t9318,n699,n1546,2538,car
t9319,n476,n2055,2538,car
t9320,n61,n91,2539,car
t9321,n1537,n1404,2539,car
t9322,n606,n821,2541,car
t9323,n61,n830,2541,car
t9324,n162,n1162,2542,car
t9325,n1204,n1129,2542,car
t9326,n1282,n1812,2542,car
t9327,n1850,n1274,2542,car
t9328,n1788,n1267,2542,car
t9329,n2255,n1875,2543,car
t9330,n92,n468,2543,car
t9331,n1143,n973,2543,car
t9332,n516,n1850,2543,car
t9333,n187,n1257,2544,car
t9334,n32,n979,2544,car
t9335,n318,n927,2544,car
t9336,n924,n1228,2545,car
t9337,n61,n1045,2545,car
t9338,n1687,n1762,2545,car
t9339,n608,n1606,2545,car
t9340,n1440,n1603,2545,car
t9341,n967,n705,2546,car
t9342,n743,n1569,2547,car
t9343,n362,n2129,2549,car
t9344,n843,n984,2550,car
t9345,n837,n1480,2550,car
t9346,n1582,n593,2550,car
t9347,n52,n249,2550,car
t9348,n1532,n1333,2550,car
t9349,n1741,n2014,2552,car
t9350,n1820,n1068,2552,car
t9351,n595,n604,2553,car
t9352,n967,n869,2554,car
t9353,n568,n1875,2554,car
t9354,n361,n1190,2555,car
t9355,n1066,n1315,2555,car
t9356,n1112,n1499,2555,car
t9357,n1112,n2200,2556,car
t9358,n2193,n1546,2556,car
t9359,n433,n916,2558,car
t9360,n554,n301,2558,car
t9361,n2052,n914,2559,car
t9362,n1535,n144,2560,car
t9363,n587,n1339,2560,car
t9364,n388,n1946,2561,car
t9365,n744,n1055,2561,car
t9366,n1479,n330,2562,car
t9367,n381,n825,2562,car
t9368,n2255,n1153,2562,car
t9369,n694,n1390,2562,car
t9370,n801,n539,2564,car
t9371,n548,n1243,2565,car
t9372,n61,n1714,2565,car
t9373,n1451,n475,2565,car
t9374,n1007,n1532,2566,car
t9375,n456,n121,2566,car
t9376,n121,n430,2566,car
t9377,n63,n1777,2566,car
t9378,n1141,n1084,2567,car
t9379,n919,n538,2568,car
t9380,n596,n484,2569,car
t9381,n341,n1241,2569,car
t9382,n700,n1242,2570,car
t9383,n2172,n1030,2571,car
t9384,n1002,n2232,2571,car
t9385,n901,n660,2571,car
t9386,n722,n1070,2571,car
t9387,n1276,n576,2571,car
t9388,n1161,n2232,2571,car
t9389,n1800,n1156,2572,car
t9390,n15,n1441,2572,car
t9391,n288,n39,2572,car
t9392,n152,n517,2572,car
t9393,n258,n1944,2572,car
t9394,n487,n584,2573,car
t9395,n553,n65,2574,car
t9396,n571,n1001,2574,car
t9397,n1065,n248,2575,car
t9398,n1008,n421,2575,car
t9399,n1841,n817,2576,car
t9400,n520,n745,2576,car
t9401,n901,n733,2577,car
t9402,n152,n2164,2577,car
t9403,n187,n652,2578,car
t9404,n178,n869,2578,car
t9405,n2121,n408,2579,car
t9406,n1810,n680,2579,car
t9407,n532,n1097,2580,car
t9408,n1562,n604,2581,car
t9409,n1064,n1147,2581,car
t9410,n656,n376,2582,car
t9411,n606,n1312,2583,car
t9412,n1357,n684,2583,car
t9413,n612,n887,2583,car
t9414,n437,n1796,2584,car
t9415,n502,n381,2585,car
t9416,n1160,n336,2585,car
t9417,n722,n60,2588,car
t9418,n156,n83,2588,car
t9419,n1732,n668,2588,car
t9420,n145,n1522,2588,car
t9421,n1814,n1800,2589,car
t9422,n273,n1051,2590,car
t9423,n801,n1537,2591,car
t9424,n488,n1260,2591,car
t9425,n2124,n2113,2591,car
t9426,n509,n529,2591,car
t9427,n1457,n1329,2592,car
t9428,n1687,n998,2592,car
t9429,n1883,n506,2595,car
t9430,n158,n707,2596,car
t9431,n2211,n1030,2596,car
t9432,n315,n257,2596,car
t9433,n61,n520,2597,car
t9434,n356,n1665,2597,car
t9435,n408,n587,2597,car
t9436,n233,n1515,2598,car
t9437,n1963,n171,2598,car
t9438,n1499,n427,2598,car
t9439,n724,n488,2598,car
t9440,n1014,n544,2599,car
t9441,n121,n1075,2599,car
t9442,n553,n662,2599,car
t9443,n2071,n327,2599,car
t9444,n532,n6,2599,car
t9445,n1778,n924,2600,car
t9446,n121,n1867,2601,car
t9447,n794,n1468,2603,car
t9448,n939,n834,2604,car
t9449,n302,n1269,2604,car
t9450,n1013,n1559,2605,car
t9451,n957,n872,2605,car
t9452,n2255,n1180,2605,car
t9453,n56,n720,2606,car
t9454,n386,n2065,2606,car
t9455,n74,n1382,2607,car
t9456,n717,n221,2607,car
t9457,n1102,n1853,2609,car
t9458,n1609,n1241,2609,car
t9459,n432,n703,2609,car
t9460,n667,n1014,2609,car
t9461,n744,n1724,2610,car
t9462,n606,n227,2610,car
t9463,n1064,n614,2610,car
t9464,n1838,n2050,2611,car
t9465,n1461,n2048,2611,car
t9466,n1161,n1445,2611,car
t9467,n1813,n180,2611,car
t9468,n760,n2149,2612,car
t9469,n192,n969,2612,car
t9470,n727,n162,2613,car
t9471,n218,n1533,2613,car
t9472,n548,n155,2614,car
t9473,n1170,n1679,2614,car
t9474,n1564,n1265,2614,car
t9475,n823,n1603,2614,car
t9476,n420,n985,2614,car
t9477,n1066,n931,2616,car
t9478,n146,n2143,2616,car
t9479,n969,n1615,2617,car
t9480,n1615,n1652,2617,car
t9481,n657,n1636,2617,car
t9482,n851,n1378,2617,car
t9483,n1002,n336,2618,car
t9484,n943,n576,2619,car
t9485,n1459,n2248,2620,car
t9486,n637,n2070,2620,car
t9487,n280,n1807,2620,car
t9488,n190,n179,2620,car
t9489,n821,n1002,2621,car
t9490,n306,n278,2622,car
t9491,n443,n495,2622,car
t9492,n717,n1072,2622,car
t9493,n701,n874,2623,car
t9494,n839,n1765,2623,car
t9495,n2207,n1673,2624,car
t9496,n632,n1219,2624,car
t9497,n919,n36,2624,car
t9498,n56,n1781,2625,car
t9499,n306,n259,2625,car
t9500,n1268,n435,2626,car
t9501,n532,n1825,2627,car
t9502,n502,n557,2628,car
t9503,n340,n416,2628,car
t9504,n187,n53,2630,car
t9505,n1356,n1754,2630,car
t9506,n1049,n1400,2631,car
t9507,n1562,n449,2631,car
t9508,n300,n1266,2632,car
t9509,n1601,n112,2632,car
t9510,n2124,n2259,2633,car
t9511,n2249,n1346,2634,car
t9512,n1279,n88,2634,car
t9513,n1357,n781,2635,car
t9514,n2210,n1282,2637,car
t9515,n545,n304,2637,car
t9516,n561,n2091,2638,car
t9517,n1012,n1342,2639,car
t9518,n2210,n1122,2639,car
t9519,n1466,n1937,2639,car
t9520,n1267,n51,2639,car
t9521,n1579,n979,2640,car
t9522,n945,n911,2640,car
t9523,n1880,n586,2640,car
t9524,n1567,n2013,2640,car
t9525,n774,n996,2641,car
t9526,n1465,n32,2641,car
t9527,n152,n639,2641,car
t9528,n56,n1009,2642,car
t9529,n388,n1018,2643,car
t9530,n504,n2129,2643,car
t9531,n188,n426,2645,car
t9532,n1849,n672,2645,car
t9533,n132,n331,2646,car
t9534,n258,n636,2646,car
t9535,n1566,n1944,2647,car
t9536,n1587,n961,2647,car
t9537,n801,n643,2648,car
t9538,n1112,n464,2648,car
t9539,n161,n1436,2649,car
t9540,n448,n964,2650,car
t9541,n318,n2010,2651,car
t9542,n1405,n1737,2651,car
t9543,n760,n866,2651,car
t9544,n156,n565,2652,car
t9545,n186,n1736,2652,car
t9546,n1831,n171,2654,car
t9547,n697,n848,2654,car
t9548,n970,n1242,2657,car
t9549,n1459,n1975,2657,car
t9550,n516,n1232,2657,car
t9551,n1052,n14,2658,car
t9552,n1788,n757,2658,car
t9553,n140,n5,2658,car
t9554,n1050,n219,2659,car
t9555,n392,n920,2659,car
t9556,n1901,n215,2659,car
t9557,n148,n520,2659,car
t9558,n1277,n1271,2661,car
t9559,n2255,n230,2661,car
t9560,n937,n45,2664,car
t9561,n1016,n389,2665,car
t9562,n178,n1027,2665,car
t9563,n697,n2181,2666,car
t9564,n763,n284,2666,car
t9565,n1910,n455,2666,car
t9566,n432,n108,2668,car
t9567,n1778,n967,2669,car
t9568,n280,n985,2669,car
t9569,n354,n1845,2669,car
t9570,n698,n1587,2669,car
t9571,n702,n22,2670,car
t9572,n470,n2000,2670,car
t9573,n1535,n1920,2670,car
t9574,n452,n335,2671,car
t9575,n1684,n2163,2672,car
t9576,n1552,n526,2672,car
t9577,n924,n1050,2674,car
t9578,n312,n1723,2676,car
t9579,n1161,n375,2676,car
t9580,n1854,n83,2676,car
t9581,n694,n451,2677,car
t9582,n312,n2052,2677,car
t9583,n305,n622,2679,car
t9584,n956,n1465,2679,car
t9585,n743,n302,2680,car
t9586,n1583,n109,2680,car
t9587,n1002,n897,2680,car
t9588,n1605,n1649,2680,car
t9589,n94,n1353,2681,car
t9590,n161,n659,2681,car
t9591,n917,n1549,2682,car
t9592,n487,n511,2682,car
t9593,n648,n373,2682,car
t9594,n970,n810,2682,car
t9595,n1593,n1068,2682,car
t9596,n2124,n426,2683,car
t9597,n1814,n592,2684,car
t9598,n712,n187,2684,car
t9599,n312,n1982,2684,car
t9600,n1565,n1342,2685,car
t9601,n1901,n1561,2685,car
t9602,n1869,n991,2686,car
t9603,n1008,n2176,2686,car
t9604,n196,n1142,2687,car
t9605,n904,n1098,2688,car
t9606,n1687,n1084,2689,car
t9607,n548,n1194,2690,car
t9608,n1566,n30,2690,car
t9609,n1765,n1581,2690,car
t9610,n1779,n2019,2690,car
t9611,n276,n1900,2691,car
t9612,n1399,n644,2691,car
t9613,n2162,n1370,2693,car
t9614,n559,n1251,2695,car
t9615,n1281,n1377,2695,car
t9616,n139,n33,2695,car
t9617,n1349,n78,2696,car
t9618,n537,n515,2697,car
t9619,n591,n1012,2697,car
t9620,n1196,n1035,2699,car
t9621,n315,n1847,2700,car
t9622,n957,n333,2700,car
t9623,n596,n1386,2700,car
t9624,n56,n805,2704,car
t9625,n1372,n477,2704,car
t9626,n702,n2137,2705,car
t9627,n1143,n1623,2705,car
t9628,n1853,n1461,2708,car
t9629,n1052,n845,2709,car
t9630,n1694,n1498,2709,car
t9631,n1356,n428,2710,car
t9632,n1812,n1041,2711,car
t9633,n2255,n1094,2712,car
t9634,n1347,n2098,2713,car
t9635,n306,n205,2713,car
t9636,n702,n1636,2714,car
t9637,n1255,n966,2714,car
t9638,n909,n1094,2715,car
t9639,n1160,n64,2715,car
t9640,n475,n53,2717,car
t9641,n656,n593,2717,car
t9642,n2195,n133,2718,car
t9643,n450,n1570,2718,car
t9644,n965,n309,2720,car
t9645,n1535,n149,2720,car
t9646,n1587,n818,2721,car
t9647,n610,n171,2722,car
t9648,n258,n237,2724,car
t9649,n1466,n1055,2726,car
t9650,n2249,n1965,2727,car
t9651,n1053,n1423,2727,car
t9652,n356,n457,2727,car
t9653,n389,n886,2727,car
t9654,n596,n35,2728,car
t9655,n820,n1060,2728,car
t9656,n1803,n1247,2728,car
t9657,n702,n1108,2730,car
t9658,n54,n17,2731,car
t9659,n1066,n1779,2731,car
t9660,n595,n1757,2732,car
t9661,n1064,n1736,2733,car
t9662,n2083,n1408,2735,car
t9663,n362,n2253,2735,car
t9664,n32,n1116,2736,car
t9665,n188,n1712,2737,car
t9666,n708,n1221,2737,car
t9667,n2255,n1044,2737,car
t9668,n363,n1545,2738,car
t9669,n141,n197,2738,car
t9670,n885,n774,2739,car
t9671,n510,n263,2739,car
t9672,n788,n127,2739,car
t9673,n62,n1396,2739,car
t9674,n223,n1397,2739,car
t9675,n1357,n1408,2741,car
t9676,n585,n1400,2742,car
t9677,n1733,n169,2744,car
t9678,n1962,n201,2744,car
t9679,n555,n574,2744,car
t9680,n1571,n1242,2745,car
t9681,n649,n147,2745,car
t9682,n1049,n2111,2747,car
t9683,n1462,n1384,2750,car
t9684,n915,n1727,2750,car
t9685,n488,n1630,2752,car
t9686,n803,n120,2753,car
t9687,n1566,n1447,2755,car
t9688,n856,n1779,2755,car
t9689,n1962,n1507,2755,car
t9690,n56,n2223,2756,car
t9691,n1479,n902,2757,car
t9692,n1322,n1738,2759,car
t9693,n1062,n66,2759,car
t9694,n396,n318,2760,car
t9695,n1539,n1915,2760,car
t9696,n1725,n1342,2760,car
t9697,n865,n1975,2761,car
t9698,n2249,n1758,2762,car
t9699,n1435,n648,2762,car
t9700,n521,n1035,2763,car
t9701,n364,n2144,2763,car
t9702,n1820,n887,2764,car
t9703,n396,n499,2766,car
t9704,n599,n308,2766,car
t9705,n178,n1616,2766,car
t9706,n1694,n537,2768,car
t9707,n54,n812,2769,car
t9708,n923,n1874,2770,car
t9709,n576,n694,2771,car
t9710,n686,n1141,2773,car
t9711,n763,n1042,2775,car
t9712,n24,n589,2775,car
t9713,n545,n546,2777,car
t9714,n1112,n1104,2778,car
t9715,n61,n2138,2780,car
t9716,n1054,n1935,2781,car
t9717,n315,n1389,2782,car
t9718,n610,n407,2782,car
t9719,n1057,n398,2782,car
t9720,n564,n368,2786,car
t9721,n919,n187,2786,car
t9722,n318,n691,2786,car
t9723,n1793,n513,2787,car
t9724,n1282,n1424,2787,car
t9725,n851,n1866,2788,car
t9726,n1013,n131,2789,car
t9727,n1434,n144,2793,car
t9728,n312,n1500,2793,car
t9729,n143,n1164,2794,car
t9730,n187,n8,2794,car
t9731,n1064,n650,2798,car
t9732,n209,n973,2798,car
t9733,n708,n329,2800,car
t9734,n998,n453,2800,car
t9735,n345,n681,2801,car
t9736,n2210,n496,2801,car
t9737,n919,n2172,2802,car
t9738,n1880,n613,2803,car
t9739,n459,n1731,2803,car
t9740,n945,n1239,2803,car
t9741,n965,n1880,2804,car
t9742,n386,n542,2805,car
t9743,n62,n116,2805,car
t9744,n1880,n1854,2806,car
t9745,n509,n459,2806,car
t9746,n150,n1602,2807,car
t9747,n1425,n675,2808,car
t9748,n396,n1437,2808,car
t9749,n1567,n1295,2808,car
t9750,n1820,n1657,2811,car
t9751,n702,n1581,2813,car
t9752,n1143,n656,2813,car
t9753,n61,n1301,2814,car
t9754,n506,n225,2814,car
t9755,n1755,n643,2814,car
t9756,n1180,n1274,2817,car
t9757,n985,n602,2817,car
t9758,n414,n1613,2817,car
t9759,n810,n2040,2818,car
t9760,n573,n792,2819,car
t9761,n1948,n751,2819,car
t9762,n1240,n2231,2819,car
t9763,n1815,n1290,2820,car
t9764,n926,n830,2820,car
t9765,n448,n1151,2821,car
t9766,n603,n1543,2821,car
t9767,n52,n2008,2822,car
t9768,n1552,n1410,2823,car
t9769,n506,n1206,2824,car
t9770,n435,n382,2824,car
t9771,n345,n1927,2826,car
t9772,n1862,n234,2827,car
t9773,n1814,n119,2827,car
t9774,n751,n1340,2828,car
t9775,n205,n1178,2829,car
t9776,n492,n401,2830,car
t9777,n258,n64,2831,car
t9778,n1535,n1210,2831,car
t9779,n203,n703,2832,car
t9780,n970,n1649,2832,car
t9781,n943,n1235,2833,car
t9782,n863,n1388,2834,car
t9783,n915,n1993,2834,car
t9784,n763,n255,2836,car
t9785,n2117,n631,2836,car
t9786,n1151,n1544,2839,car
t9787,n1160,n899,2840,car
t9788,n1315,n46,2840,car
t9789,n745,n920,2843,car
t9790,n252,n725,2843,car
t9791,n1145,n385,2844,car
t9792,n15,n738,2846,car
t9793,n2255,n84,2846,car
t9794,n216,n1998,2847,car
t9795,n1819,n299,2848,car
t9796,n1731,n1189,2853,car
t9797,n548,n828,2854,car
t9798,n322,n1823,2855,car
t9799,n2117,n2123,2856,car
t9800,n2124,n884,2856,car
t9801,n1901,n1332,2859,car
t9802,n58,n1974,2861,car
t9803,n189,n1176,2861,car
t9804,n1014,n2229,2862,car
t9805,n223,n1802,2863,car
t9806,n858,n1229,2866,car
t9807,n1050,n1238,2866,car
t9808,n1580,n724,2867,car
t9809,n145,n156,2872,car
t9810,n632,n1753,2872,car
t9811,n970,n368,2872,car
t9812,n1646,n378,2872,car
t9813,n412,n1593,2873,car
t9814,n697,n1532,2875,car
t9815,n1862,n872,2876,car
t9816,n2207,n2050,2878,car
t9817,n565,n496,2881,car
t9818,n1459,n2240,2887,car
t9819,n32,n2255,2887,car
t9820,n273,n647,2888,car
t9821,n943,n337,2893,car
t9822,n2210,n26,2894,car
t9823,n939,n1540,2896,car
t9824,n1479,n25,2896,car
t9825,n637,n1729,2896,car
t9826,n2121,n1719,2896,car
t9827,n168,n625,2897,car
t9828,n305,n1147,2898,car
t9829,n1856,n80,2898,car
t9830,n1229,n1240,2898,car
t9831,n783,n2150,2900,car
t9832,n545,n2215,2902,car
t9833,n632,n1769,2902,car
t9834,n1739,n286,2903,car
t9835,n1066,n2038,2904,car
t9836,n1903,n1965,2906,car
t9837,n2095,n1183,2910,car
t9838,n189,n765,2911,car
t9839,n771,n1388,2911,car
t9840,n1789,n115,2916,car
t9841,n1357,n345,2916,car
t9842,n145,n159,2916,car
t9843,n924,n539,2917,car
t9844,n315,n997,2918,car
t9845,n1002,n1884,2923,car
t9846,n315,n378,2924,car
t9847,n60,n1195,2924,car
t9848,n2095,n749,2925,car
t9849,n917,n1593,2926,car
t9850,n974,n807,2926,car
t9851,n971,n783,2927,car
t9852,n920,n792,2928,car
t9853,n1012,n1288,2931,car
t9854,n49,n368,2932,car
t9855,n1457,n587,2934,car
t9856,n454,n1806,2936,car
t9857,n1357,n1851,2938,car
t9858,n1014,n1613,2944,car
t9859,n94,n544,2945,car
t9860,n1565,n419,2947,car
t9861,n61,n2204,2950,car
t9862,n1812,n247,2950,car
t9863,n702,n590,2951,car
t9864,n302,n167,2951,car
t9865,n2206,n296,2953,car
t9866,n2040,n1482,2954,car
t9867,n2052,n224,2954,car
t9868,n1062,n1582,2955,car
t9869,n925,n692,2957,car
t9870,n2095,n1489,2957,car
t9871,n55,n1746,2960,car
t9872,n1694,n1054,2960,car
t9873,n258,n2188,2960,car
t9874,n318,n289,2961,car
t9875,n917,n60,2962,car
t9876,n598,n1184,2962,car
t9877,n1687,n464,2964,car
t9878,n302,n824,2968,car
t9879,n139,n256,2970,car
t9880,n1565,n1723,2971,car
t9881,n1458,n1756,2972,car
t9882,n943,n1847,2973,car
t9883,n1052,n1269,2974,car
t9884,n1641,n1318,2974,car
t9885,n1255,n957,2976,car
t9886,n814,n934,2977,car
t9887,n1592,n1620,2982,car
t9888,n32,n1127,2983,car
t9889,n2249,n2104,2987,car
t9890,n572,n372,2988,car
t9891,n965,n284,2989,car
t9892,n789,n1153,2989,car
t9893,n1002,n1817,2991,car
t9894,n1808,n2247,2993,car
t9895,n957,n1972,2994,car
t9896,n1732,n1893,2995,car
t9897,n1372,n1547,2997,car
t9898,n595,n1334,2999,car
t9899,n1166,n1173,3002,car
t9900,n32,n1870,3005,car
t9901,n1269,n1358,3007,car
t9902,n581,n1527,3008,car
t9903,n2210,n1168,3009,car
t9904,n143,n679,3010,car
t9905,n917,n99,3020,car
t9906,n62,n338,3026,car
t9907,n1340,n931,3029,car
t9908,n1434,n990,3030,car
t9909,n440,n1854,3030,car
t9910,n1373,n528,3038,car
t9911,n388,n1528,3039,car
t9912,n945,n1414,3042,car
t9913,n647,n969,3049,car
t9914,n464,n1977,3063,car
t9915,n1150,n325,3073,car
t9916,n924,n1592,3078,car
t9917,n1399,n1964,3083,car
t9918,n1730,n1886,3089,car
t9919,n1372,n888,3090,car
t9920,n166,n390,3094,car
t9921,n1255,n167,3095,car
t9922,n856,n1012,3096,car
t9923,n1308,n1879,3105,car
t9924,n1479,n1172,3108,car
t9925,n1007,n530,3112,car
t9926,n1279,n1793,3118,car
t9927,n1036,n213,3122,car
t9928,n451,n1025,3123,car
t9929,n1694,n1156,3124,car
t9930,n1466,n1399,3128,car
t9931,n161,n918,3129,car
t9932,n121,n775,3132,car
t9933,n666,n774,3135,car
t9934,n255,n1538,3139,car
t9935,n306,n1559,3143,car
t9936,n158,n1222,3149,car
t9937,n148,n370,3150,car
t9938,n408,n134,3151,car
t9939,n943,n2059,3154,car
t9940,n2255,n355,3156,car
t9941,n2241,n1209,3165,car
t9942,n1788,n667,3179,car
t9943,n450,n1161,3180,car
t9944,n1788,n1827,3191,car
t9945,n121,n838,3199,car
t9946,n2246,n1672,3204,car
t9947,n1160,n649,3207,car
t9948,n720,n1140,3207,car
t9949,n360,n942,3208,car
t9950,n2111,n574,3223,car
t9951,n1435,n537,3225,car
t9952,n443,n1214,3225,car
t9953,n847,n922,3226,car
t9954,n414,n579,3233,car
t9955,n1528,n526,3236,car
t9956,n1479,n858,3238,car
t9957,n1000,n2189,3245,car
t9958,n806,n1605,3255,car
t9959,n632,n294,3259,car
t9960,n178,n965,3259,car
t9961,n51,n2214,3263,car
t9962,n916,n1626,3265,car
t9963,n1800,n1713,3269,car
t9964,n2213,n1538,3271,car
t9965,n147,n292,3271,car
t9966,n794,n1774,3291,car
t9967,n901,n1400,3292,car
t9968,n1012,n273,3302,car
t9969,n837,n1203,3319,car
t9970,n315,n2023,3324,car
t9971,n601,n1332,3333,car
t9972,n1049,n381,3354,car
t9973,n381,n2208,3355,car
t9974,n2255,n1774,3361,car
t9975,n1532,n1933,3373,car
t9976,n1778,n1840,3391,car
t9977,n1064,n234,3396,car
t9978,n509,n232,3400,car
t9979,n1281,n179,3406,car
t9980,n1567,n1777,3409,car
t9981,n964,n321,3422,car
t9982,n1759,n1613,3424,car
t9983,n1012,n1928,3458,car
t9984,n532,n1687,3473,car
t9985,n549,n2232,3493,car
t9986,n668,n720,3507,car
t9987,n1812,n782,3521,car
t9988,n1849,n180,3523,car
t9989,n591,n1729,3529,car
t9990,n1606,n91,3540,car
t9991,n51,n49,3557,car
t9992,n1049,n400,3585,car
t9993,n130,n360,3599,car
t9994,n964,n1938,3599,car
t9995,n1166,n626,3599,car
t9996,n63,n606,3599,car
t9997,n2210,n667,3599,car
t9998,n705,n1033,3599,car
t9999,n130,n1301,3599,car
